Date,rolling_sharpe_6,rolling_sharpe_12,rolling_sharpe_24,rolling_sortino_6,rolling_sortino_12,rolling_sortino_24
2019-01-02,,,,,,
2019-02-01,,,,,,
2019-03-01,,,,,,
2019-04-01,,,,,,
2019-05-01,,,,,,
2019-06-03,0.5387588726823724,,,0.8236838320833104,,
2019-07-01,1.2430904953877808,,,2.1221748954117694,,
2019-08-01,0.8262721543148628,,,1.2767600956772045,,
2019-09-03,0.37359428886069285,,,0.5773791446648954,,
2019-10-01,0.3093141047239514,,,0.47687125140121134,,
2019-11-01,0.2826985886599171,,,0.4343217243255686,,
2019-12-02,2.778053983618087,1.3489674908585465,,14.322513500706268,2.2863770720130994,
2020-01-02,3.1551887974843185,1.6344875943982362,,10.845844241904196,2.7756762806686686,
2020-02-03,2.83727917160806,1.3220737747425209,,9.774311436293551,2.0583770442636875,
2020-03-02,0.5696245361603671,0.4779960365708917,,0.8018357305965196,0.678634305389878,
2020-04-01,-0.5198913370028507,-0.11731271391003076,,-0.6494233922367206,-0.15427136268382025,
2020-05-01,0.33418206519423066,0.3232807241408221,,0.5682472857144414,0.5057087946342026,
2020-06-01,0.45451574952169227,1.05772265597941,,0.7880404784753702,1.8786880630799931,
2020-07-01,0.4768800289789604,0.9305662663914509,,0.8295575231950334,1.5858542935973496,
2020-08-03,0.8049269146284399,1.0953189538676646,,1.4455343030277308,1.918441270545763,
2020-09-01,2.2142327878722963,1.5248471722346173,,4.4735653063783385,2.7351926250750482,
2020-10-01,3.5446090154535272,1.2463831673557573,,12.857368821088972,2.2324717985066322,
2020-11-02,2.276799026545215,1.0393442796214536,,6.69175096405903,1.877834420696581,
2020-12-01,2.434512025173408,1.2844547464907359,1.3033955513190256,8.964396283251132,2.533563881028534,2.4019465729769407
2021-01-04,2.5010718850942326,1.3242357571647354,1.439905600637507,9.24233238399621,2.6235758226548866,2.6590960653278426
2021-02-01,1.9596758621949435,1.3098448853312719,1.2928677687526458,7.278251750212311,2.5974965458063304,2.342268803146565
2021-03-01,1.5045908083804957,1.948098001057513,1.2757749452331135,5.233295065822068,4.398823287977369,2.310881338428385
2021-04-01,2.3048396116614014,3.008489569249045,1.2565069729081413,17.832341789527902,13.264840528229405,2.2779903137417365
2021-05-03,3.363601877537577,2.897550179259229,1.2711511446197938,,10.910793560613131,2.3063604000445714
2021-06-01,3.277116229174058,2.4334798309310526,1.6357020985941453,59.02293627095016,9.363378563628954,3.343901192805025
2021-07-01,3.112460769907541,2.493688662999279,1.6054745179472085,62.74751320501666,9.751313666092472,3.233647732294778
2021-08-02,3.7068551208244385,2.333184687022345,1.6205070319505093,72.87605408928466,8.888114501356258,3.2648594036643916
2021-09-01,4.123430979073492,2.2351146542511886,1.8167743854962524,84.9654763530158,8.068923447671446,3.643281333470165
2021-10-01,1.284642929185888,1.8683301851507927,1.5161153767066158,2.3002987704023505,4.5934007054108115,2.892707604791805
2021-11-01,1.7013478708115406,2.46659045919923,1.6514756160981998,3.853555595402713,6.653043141592519,3.2843880714694826
2021-12-01,1.9119070804751848,2.1665330865965102,1.584407417689856,4.2219852707136605,4.920858382805425,3.153913370783936
2022-01-03,1.543980364483374,1.9778735914086512,1.5303628794135153,3.282202757208909,4.379387794362879,3.040345829849555
2022-02-01,0.3814784391534928,1.1569765658175852,1.2469288981961304,0.6671898105543331,2.0823619001431783,2.352261824924316
2022-03-01,-0.05589266240308469,0.9990667485517378,1.5270087722453929,-0.09392251402591957,1.8106805080622612,3.1335687080762407
2022-04-01,0.9444107391821943,1.1440005782343028,2.053172765501729,1.894212133356647,2.085189212388185,5.043343607656549
2022-05-02,-1.1718635843777392,0.30011825486834043,1.352310825360624,-1.303588438698811,0.4540148077967247,2.4989903656760633
2022-06-01,-0.8520208805258584,0.4964572336213035,1.3086228515956209,-1.0094535713637287,0.7581049282224801,2.39929125808984
2022-07-01,-1.856897797232682,-0.260151582202308,0.8370325631763341,-1.885133318923959,-0.3493553324916989,1.3872390041303526
2022-08-01,-0.35196176709567206,-0.009383056742594065,0.8748128324593476,-0.4811264233624003,-0.013508133109044307,1.4739605065370596
2022-09-01,-0.5086933460734734,-0.3144929494847104,0.6289814307817267,-0.6881019119306593,-0.44021312170419485,1.0307105612002083
2022-10-03,-1.4104383307588249,-0.40956088141771824,0.4758497617586256,-1.6528914831703383,-0.556223375672719,0.7409187519964582
2022-11-01,0.04604335171185153,-0.430797129159754,0.7257390118771261,0.07329993399399762,-0.5799822731954233,1.1804043361233398
2022-12-01,0.10798044309540059,-0.28169671006681973,0.5893662765543339,0.17358521795481843,-0.3878607026843924,0.9004885041541505
2023-01-03,0.40192717124434146,-0.5979733129328414,0.3067558857552015,0.7211924521551096,-0.7958386738444866,0.4550691136126478
2023-02-01,0.29049208145431693,-0.03243963701140352,0.44060613641768703,0.5012698403217498,-0.04709885663635745,0.6690597208670226
2023-03-01,0.1824415603525723,-0.16804547225481872,0.2955196047938417,0.3094010129331579,-0.24134187469928003,0.4457826004094565
2023-04-03,0.9610803888241326,-0.3443378700811812,0.2528313387554949,2.1761345355969097,-0.48770335272330095,0.38155725923908507
2023-05-01,-0.08812270741574597,-0.0029154008768864244,0.14197361066235625,-0.15356923673809736,-0.004519660121181033,0.2131255004658301
2023-06-01,-1.102241476026378,-0.29980690434840396,0.07794155057652,-1.5935665451472178,-0.4526004637767968,0.11646945114403652
2023-07-03,0.6380207407532612,0.5129860780241787,0.12944220860628472,1.6780623528577496,0.963350383492758,0.19706453661979
2023-08-01,0.584032473190559,0.4235427350826472,0.20018344308460537,1.4971003180948979,0.7683508805424906,0.30939455065100596
2023-09-01,0.7941880945928034,0.4325568450344478,0.04430376001937022,2.4401345598003994,0.7859327021158344,0.06766513732767064
2023-10-02,0.3828570766795719,0.7214401133338888,0.09641229323562432,0.9064511452801329,1.595643772927049,0.14949012639329412
2023-11-01,-0.08397582511355561,-0.0895804961183261,-0.2867848956821374,-0.15771598734463715,-0.15546333735387327,-0.4092332803067648
2023-12-01,1.008598057752884,0.18121514736114477,-0.07307296725581068,2.3735378342484656,0.35145687554108773,-0.11041989067742938
2024-01-02,0.9172467993686744,0.8246411280323813,0.03859460282975382,2.076929655838803,1.882713660179998,0.059735565594286374
2024-02-01,0.4363332344759403,0.5253937843650017,0.21121755681968415,0.9336910108221625,1.1447865124339192,0.33720026821785454
2024-03-01,1.2182627023212849,1.0690023228270589,0.3627670274506182,2.792206316725506,2.5717785392136117,0.5896523243614502
2024-04-01,2.0998257188068727,1.2703188612993315,0.3456827623634311,5.1662184813038,3.0358883310056375,0.5607967709884675
2024-05-01,2.553447390539505,1.0924548184363996,0.5043034691900268,8.383301791605529,2.4636472364087822,0.8763698881624014
2024-06-03,2.5091171207217857,1.6166490193383012,0.5678338812818456,7.183947401793009,3.8304433055096507,1.0011677492135096
2024-07-01,2.4153688067231593,1.5103654838140728,0.9759684107206843,6.496048093248289,3.420151046381118,1.9332259327333194
2024-08-01,2.2254662528309264,1.166634265090224,0.7749346171177482,6.145065118135875,2.592079412493008,1.4877351893389186
2024-09-03,1.6103626166747493,1.3878633132317273,0.8724179525315612,4.056171746030412,3.108101805210746,1.6806134421091437
2024-10-01,1.467677413914457,1.862434995408217,1.2510718647106664,3.678562347616714,4.482977536019142,2.8226151010398546
2024-11-01,2.160759221907832,2.403094974027491,0.9741696200615328,11.901611428619745,8.550218052849855,2.0725938929801
2024-12-02,2.1560173362350645,2.3835719928901447,0.9911201280668883,10.550160965931816,7.415997566930166,2.1184949442842695
2025-01-02,0.7839989938898699,1.7137955392150592,1.1513527216280108,2.26743526975587,4.765226635138349,2.6934447059105056
2025-02-03,1.2730767489285728,1.8328860840802161,1.0216941213928914,3.6674570639147683,5.060209147003784,2.3192948788580745
2025-03-03,0.5398667365877389,1.1675945778126497,1.09620884526472,1.2967450471965076,2.8172437396493097,2.5868831038384252
2025-04-01,-0.8007397532704937,0.3003157896391487,0.8551030471927115,-1.103338031966902,0.5119188825406613,1.7557901937711409
2025-05-01,-0.5775920394113019,0.6179227360087503,0.8984575878347028,-0.8110258398749846,1.1187989625532813,1.845299347177986
2025-06-02,-0.46432653810914054,0.5770198610377072,1.1773735688071525,-0.6827200800009519,1.0168473032993885,2.5042410310349386
2025-07-01,0.557266168313466,0.6378296468642353,1.1377587682179504,0.9905293078770158,1.1643781086235554,2.3562431446767738
2025-08-01,0.6964257657850736,0.8932902460246459,1.0580433174543271,1.25615003288151,1.646123179334645,2.1440261610570244
2025-09-02,1.256310738066776,0.9885985107527064,1.2242439618078707,2.251058403030593,1.8284824061558547,2.493099871633318
2025-10-01,5.229104307479105,1.1980582214801987,1.5717007378789867,,2.312426321730497,3.359004607295689
2025-11-03,9.13884501124204,1.6123206998010458,2.043431025554352,,3.1199653110052794,4.906546077537886
2025-12-01,0.7438066813064894,0.2727609133579978,1.0929733667992048,1.0456743939345317,0.37733411257701566,1.7518413974450568
