combination,matched_average_exposure,relation,changed_signal,signals,delta_sharpe_vs_core,delta_annualized_return_vs_core,delta_max_drawdown_vs_core,delta_cvar95_vs_core,delta_turnover_vs_core,dsr_effective_trials,psr_p_fdr_by
geometric_mean,False,leave_one_out,forward_risk_timer,backward_vol_timer+conviction_timer,0.0033122134233991574,-0.0015482874925203394,0.0012229496606446233,0.0006494638202341058,0.0005753853103201007,0.5284658715748414,0.024342056566202978
geometric_mean,False,leave_one_out,conviction_timer,backward_vol_timer+forward_risk_timer,0.0,0.0,0.0,0.0,0.0,0.5262460752916774,0.024342056566202978
geometric_mean,False,one_at_a_time_addition,conviction_timer,backward_vol_timer+forward_risk_timer+conviction_timer,-0.02586609818440677,0.05040879224318462,-0.012335311020956086,-0.006571589371318659,-0.012782559843402867,0.509552302921624,0.024342056566202978
geometric_mean,False,leave_one_out,backward_vol_timer,forward_risk_timer+conviction_timer,-0.09141975584217565,0.18458993878509733,-0.04256913195511425,-0.022675755676419967,-0.04307943385501763,0.4567528121898809,0.016520495747183277
geometric_mean,True,leave_one_out,forward_risk_timer,backward_vol_timer+conviction_timer,0.0033122134233993794,-0.0008709911424089611,0.0008121874773638904,0.0004239753954334985,0.00017228290589458954,0.5296243063934328,0.024342056566202978
geometric_mean,True,leave_one_out,conviction_timer,backward_vol_timer+forward_risk_timer,0.0,0.0,0.0,0.0,0.0,0.527404830117359,0.024342056566202978
geometric_mean,True,one_at_a_time_addition,conviction_timer,backward_vol_timer+forward_risk_timer+conviction_timer,-0.02586609818440677,0.03527053997854268,-0.007980668352277731,-0.0041742087659796395,-0.003588499398488385,0.5107964796052236,0.024342056566202978
geometric_mean,True,leave_one_out,backward_vol_timer,forward_risk_timer+conviction_timer,-0.09141975584217588,0.12506906776502102,-0.026557994096579773,-0.013861890229348667,-0.011721614530675885,0.45818015264092093,0.016520495747183277
product,False,leave_one_out,forward_risk_timer,backward_vol_timer+conviction_timer,0.004044644468046421,-0.0006816032791103765,0.0017494902262397138,0.0009300612064418734,0.00018702900614084306,0.5328335469441683,0.04796060449182642
product,False,one_at_a_time_addition,conviction_timer,backward_vol_timer+forward_risk_timer+conviction_timer,0.002650636547192331,-0.0010619662657938012,0.0018541408078801558,0.0009876045356391056,0.00018702900614084306,0.5320586833499532,0.04796060449182642
product,False,leave_one_out,conviction_timer,backward_vol_timer+forward_risk_timer,0.0,0.0,0.0,0.0,0.0,0.5303234682122585,0.04796060449182642
product,False,leave_one_out,backward_vol_timer,forward_risk_timer+conviction_timer,-0.13017450416079668,0.29229054987045644,-0.0732821853940192,-0.0390336151219416,-0.02372030855247731,0.43685633780608213,0.016520495747183277
product,True,leave_one_out,forward_risk_timer,backward_vol_timer+conviction_timer,0.003240949088870959,-0.00030953358394403274,0.0012169601052209877,0.0006383159949095718,0.00020704885330254455,0.5360081472161907,0.03254612275408655
product,True,one_at_a_time_addition,conviction_timer,backward_vol_timer+forward_risk_timer+conviction_timer,0.001893363372439838,-0.0005798244423871335,0.0012654065259281033,0.0006648492387417299,0.00021520950103984596,0.5351998723041922,0.03254612275408655
product,True,leave_one_out,conviction_timer,backward_vol_timer+forward_risk_timer,0.0,0.0,0.0,0.0,0.0,0.5337990389299823,0.03254612275408655
product,True,leave_one_out,backward_vol_timer,forward_risk_timer+conviction_timer,-0.12574331081033763,0.18900110911547396,-0.047830180759352636,-0.02502437088656466,-0.01925172401318021,0.44203456362186244,0.016520495747183277
