date,dynamic_enabled,performance_score,streak,ewma_return,ewma_vol,total_score,confidence_level,turnover_penalty,regime_score,market_momentum_63d,vol_ratio_21_126,drawdown_252d,breadth_63d,corr_stress_63d,liquidity_trend
2019-01-02,True,0.0,0,0.0,0.001,-0.24267005225672506,0.9621335026128363,0.01,-0.8089001741890836,-0.1333598228964521,1.596274452173027,-0.13685320632627762,0.16587677725118483,0.4506176108641274,-0.11435702104585616
2019-02-01,True,0.4150249862772832,1,0.07830785043244881,0.07830785043244881,0.33948557750071334,0.9330257211249643,0.012052862223103944,0.16322695702205053,0.03385965970826055,0.9666787431608452,-0.06374452198460934,0.9154929577464789,0.45034855342296004,-0.1976918621025259
2019-03-01,True,0.4788484181558041,2,0.0700065605516806,0.07245862695292633,0.43976566818876534,0.9280117165905617,0.012736300336198571,0.34857258493234156,0.04599024559370668,0.5017338273253878,-0.04199834251484014,0.9490740740740741,0.4395525028767225,-0.0933591632552807
2019-04-01,True,0.5342862503008061,3,0.061799883090015016,0.06735688436026212,0.5208198120398913,0.9239590093980053,0.013316927756749095,0.48939812276442324,0.1341447261481321,0.7023870644993441,-0.03232500113267378,0.9861751152073732,0.40152621774752584,-0.25409224350618287
2019-05-01,True,0.1620775144272759,-1,0.04878315355688452,0.06690841602721394,0.27038791018019104,0.9364806044909904,0.011603403306725569,0.523112166936993,0.10248588047305418,0.5121152115818333,-0.0015181691829030397,0.880184331797235,0.3211466986121621,0.20831365959418238
2019-06-03,True,0.027561800722051128,-2,0.03858863185011411,0.0640392869445441,-0.04539063842557769,0.9522695319212788,0.01,-0.21561299643671158,-0.010946128455952664,0.8925818679517603,-0.06659144957063667,0.35023041474654376,0.36429481416572507,0.05400447814798268
2019-07-01,True,0.31518931029008734,1,0.038398919710627574,0.05728005037857306,0.2831634678758538,0.9358418266062073,0.011685222394950161,0.2084365022426423,0.026929641854987585,0.9323358732087865,-0.004238898745743125,0.8027522935779816,0.38754596339853103,0.20036626741721278
2019-08-01,True,0.375404803647766,2,0.03209089826875301,0.053139053526133115,0.32218474639880906,0.9338907626800595,0.01193871765972004,0.1980046128179096,0.019918157411053405,0.7307924390897265,-0.014266368269592267,0.726027397260274,0.43733610443552495,0.4382949998651887
2019-09-03,True,0.46914942885497163,3,0.031777171842892846,0.04753419115830212,0.3868393986363757,0.9306580300681812,0.012370897795715288,0.19478266145965187,0.07265986198295593,1.605495745579651,-0.03250866001616237,0.8371040723981901,0.45082944397321695,0.581837705145227
2019-10-01,True,0.5402675621534255,4,0.029165837789819706,0.04291497164094255,0.37980012827552956,0.9310099935862235,0.012323095239777686,0.00537611589377245,0.004814473601032487,0.6773307509683353,-0.016592748323092543,0.5630630630630631,0.42484082275152835,-0.28474745150717234
2019-11-01,True,0.581365829483217,5,0.0237224378927116,0.04026796300973648,0.48625407818941724,0.9256872960905291,0.013066148947756893,0.2643266585038844,0.032987823341373845,0.8577107861750491,-0.0019791086829662463,0.8603603603603603,0.42409932544919554,0.13681667028023237
2019-12-02,True,0.6270872210019369,6,0.01977144188619019,0.037084483590587386,0.5661507201578897,0.9216924639921055,0.013653118936965579,0.4239655515217798,0.08428613034133159,0.45977569434452603,-0.003734854306665425,0.8385650224215246,0.3455904787376221,-0.2730617730269569
2020-01-02,True,0.6407830191946927,7,0.01985465641815988,0.033169892400128326,0.591913674536249,0.9204043162731875,0.013847955632672626,0.47788520366654713,0.09073251336117094,0.5940604358665117,-0.003308954826635846,0.9241071428571429,0.356980972261586,-0.04607172248127241
2020-02-03,True,0.6644626665348164,8,0.021399713379144557,0.0298685355270778,0.5332598385834824,0.9233370080708259,0.013408354786745827,0.2271199066970363,0.0689839993788266,0.9389568039391716,-0.028875324981282313,0.8026905829596412,0.34055304860308655,-0.43609202849689704
2020-03-02,True,-0.03714482560275769,-1,0.006618267000944429,0.042498933125242985,-0.202854890883563,0.9601427445441781,0.01,-0.5895117098721088,-0.03479927678271488,1.7861891009092685,-0.12107067371477154,0.24336283185840707,0.4261779090506054,-0.08799844197605797
2020-04-01,True,-0.2290525683818995,-2,-0.006922458605319628,0.04859715735665797,-0.4603367978673296,0.9730168398933664,0.01,-1.0,-0.1737252511690046,2.309235870904356,-0.22045477914938072,0.09333333333333334,0.6433737727228099,-0.4666393950551789
2020-05-01,True,0.13995256897507197,1,0.007635309671025694,0.05430460430255479,-0.11126894028466716,0.9555634470142333,0.01,-0.6974524618907251,-0.06348002930269303,1.3185529753619099,-0.11153704466412473,0.14977973568281938,0.6736256108198306,-0.5227297542965484
2020-06-01,True,0.26532059858206625,2,0.012596487689617613,0.04982226887072126,0.1307256042968203,0.943463719785159,0.010745468978583306,-0.18332938236875343,0.00356776743150089,0.49069700255415627,-0.07862748540799458,0.34513274336283184,0.6713226451766696,-0.3515685792004255
2020-07-01,True,-0.02082876292675902,-1,0.009152460858064013,0.04522292985227138,0.1589927838427453,0.9420503608078626,0.010913833621087325,0.5785763929715887,0.27775444141719263,0.6051603426829467,-0.05362006891086779,0.9519650655021834,0.6774237012400723,0.5227371603993252
2020-08-03,True,0.22580062368966022,1,0.017621640527287874,0.04466235247819735,0.3690403337988484,0.9315479833100575,0.01225038391602614,0.7032663240536209,0.17954268175452137,0.2978295575008935,-8.792041508098869e-05,0.9956709956709957,0.47723856665900566,0.4426043483057872
2020-09-01,True,0.025526472700009233,-1,0.013695656428004011,0.04090045646259393,0.22148378496733764,0.9389258107516331,0.011295463384690134,0.678717513591104,0.1558022492979061,0.19999640428727208,-0.0013881215562538962,0.9307359307359307,0.46345559209579634,0.5719649676338938
2020-10-01,True,0.1999061811267425,1,0.011685745497090574,0.03685751729064045,0.24921427233331878,0.9375392863833341,0.011469059632016115,0.3642664851486635,0.08522092609863208,0.836718926854131,-0.059500096277307235,0.8869565217391304,0.4257974899910825,0.3829553318847941
2020-11-02,True,0.3011345748254198,2,0.01200574165164997,0.0329741300470316,0.19324341987117205,0.9403378290064414,0.011121375463380793,-0.05850260835540599,0.01020409119957666,1.0213731318575223,-0.08053930097108053,0.5652173913043478,0.46235780177748503,0.436023166732661
2020-12-01,True,0.45047429031082975,3,0.023546213237589916,0.03918860834498054,0.4216278694754686,0.9289186065262265,0.012609877320790986,0.35431955419295935,0.05504062118938946,0.8111271351019164,-0.0043240393735896054,0.9437229437229437,0.45366013212148965,-0.016498846253999076
2021-01-04,True,0.5458692163458042,4,0.02468172620267749,0.03514320087417241,0.5546189037090653,0.9222690548145467,0.013566798077476835,0.575034840890008,0.1479295307867181,0.4919282485075779,0.0,0.9434782608695652,0.38586339319197877,-0.13286886880688384
2021-02-01,True,0.6051409345030017,5,0.022161128340266237,0.03193435019013079,0.5382599829089758,0.9230870008545512,0.01344527957653129,0.3822044291895823,0.11991510964112839,0.9345077887277858,-0.03662829164100734,0.9134199134199135,0.3836425341941674,-0.22098797814005589
2021-03-01,True,0.0677678408493736,-1,0.014950711447958792,0.03279927951124976,0.11897646857666974,0.9440511765711664,0.010676255364101602,0.23846326660702744,0.06370013080359893,0.9485854108024406,-0.038910964698262385,0.8,0.39840279301249054,0.03237662182351259
2021-04-01,True,-0.11637295972721534,-2,0.006600311471153259,0.034774704715192624,-0.024081735980063745,0.9512040867990031,0.01,0.19126445276329,0.059017477369511795,1.073859808820545,-0.007702717552171556,0.7666666666666667,0.43118246748464856,-0.18106655131228003
2021-05-03,True,-0.2355962620078251,-3,0.003192586059732322,0.03202322645863923,-0.09678316760634645,0.9548391583803173,0.01,0.2271140526637704,0.08498021027890013,1.138366728819353,-0.007041104319634228,0.694560669456067,0.4335075247602352,0.15062461813430464
2021-06-01,True,-0.3790155545642201,-4,-0.0029240070919751594,0.03174040304051932,-0.1816147399519879,0.9590807369975993,0.01,0.27898716080988706,0.07440023510627425,0.9592215186469992,-0.000494974999616038,0.8099173553719008,0.447888547117514,-0.20853925475520266
2021-07-01,True,0.1787953955710388,1,0.010524559752036117,0.041355559468212774,0.27573926075455846,0.936213036962272,0.0116376052477667,0.5019416128494377,0.08244131258069998,0.38974896975509443,0.0,0.9214876033057852,0.4210888224910036,0.04499904997982492
2021-08-02,True,-0.06397567160632774,-1,0.0031910756941390134,0.040461411014450076,0.02497510892059688,0.9487512445539701,0.010138310864741469,0.23252693015008763,0.042272559584638714,0.783593682040095,-0.004959647715766069,0.7008196721311475,0.3802736381569942,0.22663648068852257
2021-09-01,True,-0.16507133823491857,-2,0.001737630337817066,0.03633542544189181,-0.020197607589509586,0.9510098803794754,0.01,0.317841097249778,0.07440193577620535,0.6821179364877987,-0.0008753250615254338,0.6788617886178862,0.32224100364721353,0.07982721086684182
2021-10-01,True,-0.31839252278805086,-3,-0.005726204893990252,0.03653429478548154,-0.2857572519867221,0.9642878625993361,0.01,-0.20960828678362176,-0.0029650486501707762,1.0234059917007636,-0.04908799632284888,0.291497975708502,0.36257612763372277,0.3092196524133732
2021-11-01,True,0.1665642614151693,1,0.010763611343300127,0.049268386964421707,0.17802076811883155,0.9410989615940584,0.011028650917109844,0.20475261709404355,0.04718020260736133,1.0715956603615764,0.0,0.6693548387096774,0.3789559106296234,0.5922994962951114
2021-12-01,True,-0.08648173622259506,-1,0.0007023511240322397,0.04947771164130281,-0.13120423581745128,0.9565602117908725,0.01,-0.23555673487211584,0.01463467389940143,1.2119683980612443,-0.03079325105214481,0.2777777777777778,0.36411963494189337,-0.1636320737756503
2022-01-03,True,-0.2070235240841527,-2,-0.003452963091207577,0.04521911476958389,-0.09983218837411131,0.9549916094187055,0.01,0.1502809282826519,0.08944710853922522,1.4003008154172036,-0.0028711629872185673,0.732,0.3638623018395877,-0.4838337000427165
2022-02-01,True,-0.3550786016703817,-3,-0.012410823078722613,0.04513347926113667,-0.3855296234255158,0.9692764811712757,0.01,-0.4565820075208286,-0.01573132227606877,1.313912226754641,-0.06085727995114287,0.2163265306122449,0.40756731883594005,-0.5410670713942929
2022-03-01,True,0.011897573070927668,1,-0.00933314831401081,0.04095100938876944,-0.20123510437233386,0.9600617552186167,0.01,-0.6985446850732774,-0.06887291847643362,1.4726335187120363,-0.0831465841425183,0.1417004048582996,0.43638841870580547,-0.6022680712793392
2022-04-01,True,0.19193500061497937,2,0.0013768868262961018,0.043761997206483966,-0.03323323086399066,0.9516616615431995,0.01,-0.5586257709815874,-0.05133157318286863,1.2636046508798218,-0.05261176120215383,0.15725806451612903,0.437859237936062,-0.4330324157910339
2022-05-02,True,-0.16813220189108247,-1,-0.010572039538645231,0.04739170946456985,-0.32348567047176774,0.9661742835235884,0.01,-0.6859770971600335,-0.0784293780381291,1.299699708521678,-0.1338314129744247,0.13360323886639677,0.4738858934823846,-0.1198960683287719
2022-06-01,True,0.08042101339433179,1,-0.0014869183075893718,0.047005068234119915,-0.13165234696952288,0.956582617348476,0.01,-0.6264901878185171,-0.058341304589056175,1.321582237118101,-0.13434997652117986,0.12903225806451613,0.5236365506840318,0.17184534875214627
2022-07-01,True,-0.20112723764054952,-1,-0.017894080365125225,0.05579924717831448,-0.4073560078881312,0.9703678003944065,0.01,-0.8885564717991551,-0.16049330844845422,1.161132350324343,-0.20257371558946347,0.028925619834710745,0.5883423989459143,-0.2983460880004907
2022-08-01,True,0.0839755787791848,1,-0.001330513298297021,0.06214984761381068,-0.05799045972774718,0.9528995229863874,0.01,-0.38924454957725513,-0.031025376458456044,0.7429119756053699,-0.13488149560720708,0.24489795918367346,0.5779615200086022,-0.020026202449483912
2022-09-01,True,-0.10383412445852147,-1,-0.0019928489861611135,0.055608239403464335,-0.20599393545421885,0.9602996967727109,0.01,-0.4443668277775128,-0.02889594006374907,0.7943819690537882,-0.1715234923654667,0.15918367346938775,0.5546892321205689,0.12089538097121036
2022-10-03,True,-0.286192197210474,-2,-0.02056371285292899,0.06479356415133009,-0.3548241208955667,0.9677412060447783,0.01,-0.5149652761607831,-0.010462448866668916,1.033427758647119,-0.20627702371777956,0.09465020576131687,0.4573439467930362,-0.20086430687632179
2022-11-01,True,0.10945501426368984,1,0.0041723761465608696,0.08011201694689404,-0.11077503843008914,0.9555387519215044,0.01,-0.62464516138224,-0.056330804373935006,1.2378132739069392,-0.18568414310353687,0.1646090534979424,0.4926764756772644,0.0074599370442211205
2022-12-01,True,0.23129173905266737,2,0.010925762229771787,0.07322833690166727,0.12007994309967121,0.9439960028450164,0.010682736867437885,-0.13941424745731978,0.015932406010531697,1.077107186948422,-0.13584167340525521,0.588477366255144,0.5421942362738437,0.01784847822844676
2023-01-03,True,-0.09875757888571364,-1,-0.0015072050588011091,0.07115338950676128,-0.03748912152542996,0.9518744560762714,0.01,0.10547061231523198,0.03763811314974874,0.742421825148462,-0.18765286742952714,0.8189300411522634,0.5825270465848261,0.1872266349181622
2023-02-01,True,0.14342133525036477,1,0.01039694047253208,0.06898396389594112,0.2147032688945995,0.9392648365552699,0.011253417844230743,0.38102778073114724,0.08250610355788535,0.6796303278949457,-0.10325320955724293,0.9711934156378601,0.5885233597310873,0.4364729715296332
2023-03-01,True,-0.10802549197904654,-1,-0.0033030529110181853,0.06888743654240453,-0.09944047302107924,0.9549720236510539,0.01,-0.07940876211915553,-0.0013798730205089038,0.709838809273725,-0.12663160473063217,0.6122448979591837,0.5469119046599894,0.10132984897355014
2023-04-03,True,-0.19737530228104597,-2,-0.0029342973549290998,0.061620313485146946,-0.048630368727125964,0.9524315184363562,0.01,0.29844114289868734,0.08596802279050952,0.8057277820064125,-0.08798290567713896,0.8360655737704918,0.43700478820433214,0.2099068879133421
2023-05-01,True,0.08729629058090341,1,-0.0006559123503060745,0.05534984750071748,0.07613423889213554,0.9461932880553932,0.010427629065050244,0.05008945161834386,0.03997880805247345,0.9360390069858304,-0.016398118043630894,0.5795918367346938,0.43268401116818483,-0.3315162151057513
2023-06-01,True,-0.16452265602851124,-1,-0.011769553158437042,0.0553935876680949,-0.07057660662704526,0.9535288303313523,0.01,0.14863084197637527,0.057186051203691246,0.7618812141163601,-0.005752112912184915,0.588477366255144,0.3986261050718725,-0.4000887214707549
2023-07-03,True,0.10805710271682291,1,0.0028516712775340167,0.0593604301182995,0.1683997076820397,0.941580014615898,0.010970446026581553,0.3091991192675456,0.08704470104232431,0.6981361916411095,0.0,0.7107438016528925,0.4079351075089313,-0.2786721384348873
2023-08-01,True,0.24851380670588208,2,0.011359537820833113,0.05639900262111517,0.30450589978217724,0.9347747050108911,0.011823195684012773,0.4351541169601993,0.1145696164664105,0.6463552136352305,0.0,0.7901234567901234,0.41042076586227283,0.00422008635582659
2023-09-01,True,-0.04442442660384267,-1,0.006934387241945674,0.051406106500632626,0.0502591171883757,0.9474870441405812,0.010280281135328256,0.27118738603688525,0.07110108496006728,0.8669429448339353,-0.01870047386785323,0.7925311203319502,0.46865503761537264,-0.09139134504147498
2023-10-02,True,-0.15972249245365958,-2,0.002974182794411597,0.04682399304603198,-0.22343132623137912,0.9611715663115689,0.01,-0.37208527171272476,-0.03109060806327124,0.828111099408001,-0.06472937358895481,0.14583333333333334,0.5342755941462972,0.21882807177603664
2023-11-01,True,-0.3057962489021944,-3,-0.005356513076473212,0.04583657413339011,-0.4075450415129632,0.9703772520756481,0.01,-0.6449588909380903,-0.08388375004038029,1.2074215012229297,-0.08676317739294104,0.06276150627615062,0.5144974005213694,0.2523786263586864
2023-12-01,True,0.1349813264503129,1,0.006096752315978512,0.04833921455069658,0.11750520071405386,0.9441247399642972,0.010667619661290973,0.07672757399611611,0.019170552028620502,0.9498659928556339,-0.00246013825269642,0.6,0.5517334925348927,0.42497586930586106
2024-01-02,True,0.2696767265307881,2,0.012042846514998568,0.045234101204961734,0.32768126474381065,0.9336159367628094,0.011974864028313256,0.46302518724086333,0.12318668046167058,0.8214841575884406,-0.0036725867800069256,0.9377593360995851,0.5596176055131772,0.003662270352515042
2024-02-01,True,0.3610720727138103,3,0.011920321865573746,0.040459537700091926,0.39094279000688137,0.9304528604996559,0.012398848774040488,0.4606411303573805,0.17945382202762072,0.9377591935657803,-0.018109311692478203,0.9330543933054394,0.5294561132404603,-0.0971713898793483
2024-03-01,True,0.5045676672305864,4,0.02539253561530424,0.04708590096107607,0.4668051435532443,0.9266597428223378,0.012927126357473107,0.37869258830611274,0.11927071253715504,1.1012838546815447,0.0,0.9456066945606695,0.4985839783155759,-0.30521251341019556
2024-04-01,True,0.6008925416208497,5,0.028915709901068128,0.04284541329818574,0.48769159597517847,0.925615420201241,0.013076483584507272,0.22355605613527893,0.0740529980027822,0.9281176348231189,-0.014357218764528556,0.7563025210084033,0.4893056847616399,-0.32018772392083694
2024-05-01,True,0.07860999518957226,-1,0.02069671819676407,0.04250109028873231,0.07710929431841951,0.9461445352840789,0.010433222698761216,0.07360765895239642,0.04125651876553871,1.1413973107807436,-0.03928145806026184,0.7615062761506276,0.5199428027073167,-0.2400270758454969
2024-06-03,True,0.2971870451351262,1,0.023683149972839525,0.0385962176171519,0.26008097567995186,0.9369959512160023,0.011537811860405891,0.17350014695121174,0.03299175287811673,0.8296046770038038,-0.00885948417095328,0.7521008403361344,0.5235391796611645,-0.04229166476151681
2024-07-01,True,0.03206115841520622,-1,0.014287301040620468,0.04041218006079167,0.09855372418691846,0.945072313790654,0.010557005218213357,0.2537030443209137,0.06286361016767161,0.65132452737118,-0.003837854050565026,0.6722689075630253,0.47614735072114833,-0.08204350699717175
2024-08-01,True,0.2309181646800074,1,0.014827245016594836,0.03616591123279812,0.26669717153746797,0.9366651414231265,0.011579873375648139,0.35018152087154264,0.10700388807567651,1.2741738394477533,-0.026463354003512296,0.9493670886075949,0.42966320057320295,0.17392581350723887
2024-09-03,True,-0.01733334966665294,-1,0.007665630572360037,0.03609462723838922,0.05376958062473502,0.9473115209687633,0.010300149012229101,0.2196764179713069,0.06958250980970959,1.4406227997768075,-0.006539095149873941,0.8898305084745762,0.44456196038275536,0.00468726915117625
2024-10-01,True,0.178958806346308,1,0.00823798304454347,0.0323093737039994,0.2184147664573617,0.9390792616771318,0.011276413174797667,0.31047867338315366,0.05632975446710953,1.0318335127539193,0.0,0.9188034188034188,0.4532363219691679,0.10412878767783203
2024-11-01,True,0.291747842825758,2,0.009736903557059085,0.029092100591568682,0.2818662180554104,0.9359066890972294,0.011676888109548006,0.25880909359126614,0.044428659650892266,0.7852721099501735,-0.027174816126804502,0.8227848101265823,0.43938278832770994,0.13389475950327898
2024-12-02,True,0.44516140106232993,3,0.021919628743642502,0.03767192878421585,0.39505591802899975,0.93024720409855,0.012426929453191682,0.2781431242845627,0.07917336845947665,1.0573970336709713,0.0,0.7605042016806722,0.3403855148581728,0.01749763428582199
2025-01-02,True,-0.013021742063206668,-1,0.009736221828553958,0.0433303172726852,-0.035192701051510004,0.9517596350525754,0.01,-0.08692493869088447,0.02192400249564419,1.0000256570604351,-0.036646930571849534,0.4125,0.3957194588203747,0.020831814932170425
2025-02-03,True,0.22255105409138806,1,0.01579809041656081,0.04105781740244567,0.18912348884089736,0.9405438255579551,0.011096203378716965,0.11112583658975246,0.03566391417450343,1.0670971810757333,-0.012176546314238479,0.6859504132231405,0.45603382242593576,0.11446770366116815
2025-03-03,True,-0.06814524235851298,-1,0.0031051067505733047,0.04641287178797693,-0.08940123250117207,0.9544700616250585,0.01,-0.13899854283404334,-0.01251747169074735,0.9694096784241871,-0.03271615499317915,0.4811715481171548,0.509491481060261,0.17524387198835908
2025-04-01,True,-0.16482142880375666,-2,0.0020191447484057524,0.04158389473626185,-0.23424633075371964,0.961712316537686,0.01,-0.39623776863696664,-0.048903498929089406,1.3917998125042208,-0.08049375876516363,0.4978540772532189,0.4571312248102629,-0.1051420080587187
2025-05-01,True,0.13493938401304295,1,0.004749204216692202,0.0376914096930734,-0.09806444121650487,0.9549032220608252,0.01,-0.6417400334187832,-0.07224735861592024,2.097873241734522,-0.08513693752174534,0.34051724137931033,0.5819610774984838,0.024920209670485298
2025-06-02,True,0.29841781715762644,2,0.014109149173240732,0.03968068471774369,0.2236833283425572,0.9388158335828721,0.011309136327347794,0.04930285444072896,0.019961418551108556,0.607397323289365,-0.028968212009777505,0.5965665236051502,0.5826976750655946,-0.25580617268814115
2025-07-01,True,0.4251372280591531,3,0.018981653646077304,0.03712616181245031,0.4458857030073589,0.927705714849632,0.012779243199738255,0.49429881121983915,0.10699912286262747,0.36806379247415205,0.0,0.8755364806866953,0.5934207018016309,-0.02320397711767645
2025-08-01,True,0.5325266428379787,4,0.02196786720065661,0.03387135765963864,0.5523536963470925,0.9223823151826454,0.013549906216157212,0.5986168212016915,0.13612446272254686,0.2782544151419764,-0.00964864269207688,0.9012875536480687,0.39962149314392686,0.23181420668290856
2025-09-02,True,0.06985988442439846,-1,0.015502691626502292,0.03356795453686354,0.2108883030451994,0.9394555848477399,0.011229830326297166,0.5399546131604016,0.0987993238327487,0.48199934256249055,-0.005461875456862275,0.9788135593220338,0.40684454631094996,0.028361192349220514
2025-10-01,True,0.3153232432334802,1,0.02325829724700624,0.0346726570965525,0.38727194452956126,0.9306364027735219,0.012373841185388066,0.5551522475537505,0.08610162431785806,0.2867685372725174,-9.80158395991193e-05,0.9703389830508474,0.40619782975063357,0.06685586478589803
2025-11-03,True,0.07470263643676424,-1,0.016440148296811445,0.03455705855021954,0.16419394448949884,0.941790302775525,0.010945098850087398,0.37300699661254627,0.10821393401149182,1.276402959931404,-0.0066591925782133465,0.9537815126050421,0.44419293270142135,0.15027067510943334
