,overlay_fraction,backward_vol_timer,forward_cvar_timer,conviction_timer,portfolio_risk_reward,portfolio_garch_vol,portfolio_realized_vol,portfolio_vol_regime,forward_model_cvar,historical_cvar_target,composite_quality,selected_count,forward_model_cvar_raw,portfolio_scenario_mean,historical_cvar_target_raw,forward_model_cdar,forward_model_cdar_raw,historical_cdar_target,historical_cdar_target_raw,asset_mean_efficiency_ratio,asset_median_efficiency_ratio,asset_dispersion_efficiency_ratio,asset_mean_atr_vol_regime,asset_median_atr_vol_regime,asset_dispersion_atr_vol_regime,asset_mean_liquidity_score,asset_median_liquidity_score,asset_dispersion_liquidity_score,asset_mean_breakout_strength,asset_median_breakout_strength,asset_dispersion_breakout_strength,asset_mean_normalized_spike,asset_median_normalized_spike,asset_dispersion_normalized_spike,asset_mean_pullback_ratio,asset_median_pullback_ratio,asset_dispersion_pullback_ratio,asset_mean_net_move,asset_median_net_move,asset_dispersion_net_move,asset_mean_garch_vol_forecast,asset_median_garch_vol_forecast,asset_dispersion_garch_vol_forecast,asset_mean_risk_reward_ratio,asset_median_risk_reward_ratio,asset_dispersion_risk_reward_ratio,asset_mean_kelly_fraction,asset_median_kelly_fraction,asset_dispersion_kelly_fraction,asset_mean_signal_quality,asset_median_signal_quality,asset_dispersion_signal_quality,cvar_model,cvar_model_centered,cvar_model_raw,cdar_model,cdar_model_centered,cdar_model_raw,forecast_portfolio_scenario_mean,vol_model,forecast_backward_vol_timer,forecast_forward_cvar_timer,forecast_conviction_timer,forecast_overlay_fraction,selected_alpha,robust_selection_score
overlay_fraction,1.0,1.432080975772857,0.019940895657170055,0.0,0.07803334315341104,0.8710917767047759,0.93934410060592,0.20939960647785572,0.23904102831180396,0.2731237311918804,0.09233132619789564,0.13955525330646712,0.06772077057113379,0.05789423026819884,0.2696617716954378,0.26029707111957134,0.1747321021514313,0.26685878322334544,0.2899609169945834,0.36578026048634094,0.2197233958949938,0.3824013929036192,0.09032455897535063,0.04327232959553462,0.15776090259803932,0.044607146919718454,0.037644234353358064,0.10985913630963884,0.08046941845537603,0.0666125162565615,0.0,0.0,0.0010500921304463784,0.08214697355690825,0.08046941845537603,0.0666125162565615,0.0,0.06252594053271532,0.12669369749966108,0.08704070185703305,0.2991090967908062,0.31674473194672537,0.3783956001543767,0.01763722766616782,0.05092070883672861,0.0,0.035751491081303155,0.030191294473005947,0.020568781071007347,0.05243188897261308,0.07803479631994203,0.0,0.11909219963552786,0.11909219963552786,0.07474973928340567,0.11227703204449857,0.11227703204449857,0.09147910036394635,0.10594850168507297,0.1544574569835443,0.11231783661316574,0.05886844198895247,0.0345101625186246,0.11231783661316574,0.23892149514874017,0.5164428375034072
backward_vol_timer,1.432080975772857,1.0,0.019940895657170055,0.0,0.07803334315341104,0.8710917767047759,0.93934410060592,0.20939960647785572,0.23904102831180396,0.2731237311918804,0.09233132619789564,0.13955525330646712,0.06772077057113379,0.05789423026819884,0.2696617716954378,0.26029707111957134,0.1747321021514313,0.26685878322334544,0.2899609169945834,0.36578026048634094,0.2197233958949938,0.3824013929036192,0.09032455897535063,0.04327232959553462,0.15776090259803932,0.044607146919718454,0.037644234353358064,0.10985913630963884,0.08046941845537603,0.0666125162565615,0.0,0.0,0.0010500921304463784,0.08214697355690825,0.08046941845537603,0.0666125162565615,0.0,0.06252594053271532,0.12669369749966108,0.08704070185703305,0.2991090967908062,0.31674473194672537,0.3783956001543767,0.01763722766616782,0.05092070883672861,0.0,0.035751491081303155,0.030191294473005947,0.020568781071007347,0.05243188897261308,0.07803479631994203,0.0,0.11909219963552786,0.11909219963552786,0.07474973928340567,0.11227703204449857,0.11227703204449857,0.09147910036394635,0.10594850168507297,0.1544574569835443,0.11231783661316574,0.05886844198895247,0.0345101625186246,0.11231783661316574,0.23892149514874017,0.5164428375034072
forward_cvar_timer,0.019940895657170055,0.019940895657170055,1.0,0.038529316604131836,0.0,0.011494252873562427,0.022988505747125743,0.0,0.011494252873562427,0.0,0.022988505747125743,0.03679382684836585,0.011494252873562427,0.0,0.0,0.011494252873562427,0.022988505747125743,0.0,0.011494252873562427,0.0,0.011494252873562427,0.011494252873562427,0.0,0.0,0.011494252873562427,0.022988505747125743,0.023725502947627763,0.022988505747125743,0.0,0.0,0.0,0.0,0.0,0.022988505747125743,0.0,0.0,0.0,0.011494252873562427,0.0,0.0,0.011494252873562427,0.022988505747125743,0.011494252873562427,0.0,0.0,0.008106212742976182,0.0,0.012110016420360914,0.011494252873562427,0.0,0.011494252873562427,0.0,0.0,0.0,0.0,0.0,0.0,0.0,0.0,0.011494252873562538,0.07107115440229606,0.03997988866903879,0.023787420722050312,0.07107115440229606,0.07026981427294032,0.0
conviction_timer,0.0,0.0,0.038529316604131836,1.0,0.0,0.0,0.0,0.08039790550406611,0.02013153287915348,0.0,1.017805563829046,0.0,0.06389976905743477,0.0,0.0,0.0,0.03176671655900387,0.0,0.0,0.13887123993555772,0.06487844657542519,0.06586362007675794,0.05971030461310911,0.08976789070517832,0.05287649855463172,0.0,0.0,0.0,0.019221684255533833,0.0,0.0,0.0,0.0,0.0,0.019221684255533833,0.0,0.0,0.005434480104442474,0.0,0.0,0.0,0.06425967172386182,0.0,0.0,0.0,0.061707254063780415,0.07039191238395504,0.01965328399736177,0.1042222920561201,0.0,0.0,0.023938956017205748,0.0,0.0,0.03454973731764188,0.0,0.0,0.0,0.0009142552173651008,0.0,0.07248128427661327,0.0030793743569448306,0.04217126156211437,0.07248128427661327,6.203531341519852e-05,0.0
portfolio_risk_reward,0.07803334315341104,0.07803334315341104,0.0,0.0,1.0,0.006450437373881512,0.0,0.24777969651464093,0.25516299696287614,0.2493796941714591,0.0,0.3297115816284064,0.4459384603485894,0.376478431363911,0.2805861616301947,0.25965431925338656,0.4425243486385866,0.20006431004904002,0.23783027971156112,0.11452676825073516,0.0,0.04898721352597413,0.24763417367240503,0.1878771832831303,0.0,0.0,0.0,0.0,0.0972277635136386,0.0,0.1137001604256217,0.07135776038650954,0.0,0.0,0.0972277635136386,0.0,0.1137001604256217,0.10553663871324004,0.0050506426072596255,0.0,0.03699350303146742,0.08076191345809258,0.0,0.03959131545338401,0.2205069414327646,0.004407936432318849,0.08357546253480741,0.0,0.114441648662306,0.13065167789090015,0.0,0.06231070545631212,0.25041849771454416,0.25041849771454416,0.41108947329958045,0.28215027864964526,0.28215027864964526,0.3315934612259137,0.04495888858654151,0.28128762147360087,0.12067729513354053,0.0,0.08159532804211922,0.12067729513354053,0.07276809611917612,0.04500570850310526
portfolio_garch_vol,0.8710917767047759,0.8710917767047759,0.011494252873562427,0.0,0.006450437373881512,1.0,1.181180343837743,0.24767971879342332,0.35542296582567534,0.23850938132588428,0.13168504321245733,0.3573740000909862,0.07412092351075694,0.2476543760535207,0.20197414347324338,0.35717657619997556,0.2346804591970676,0.27373291258389776,0.2880230562462943,0.27515414509804026,0.18453486724113066,0.3756406406296412,0.12531566269015348,0.1799667108756844,0.09315464760237413,0.14021514470718788,0.13354135872305684,0.2718725677439209,0.15175063308561565,0.03338965416577233,0.0,0.0,0.0,0.15013385878412822,0.15175063308561565,0.03338965416577233,0.0,0.04368848373940315,0.0467997805816287,0.37619210872194353,0.6316746384296674,0.5303770315929567,0.4839801816581315,0.01102508815596126,0.15577962171743132,0.01344873766912702,0.05207825955099066,0.0,0.0007547579651198122,0.0,0.0,0.0,0.19558570644374962,0.19558570644374962,0.1271305247673843,0.21226059286001508,0.21226059286001508,0.24546274912103672,0.08041495092521922,0.2558587667168096,0.2049631229023159,0.02380952380952317,0.09116405968541885,0.2049631229023159,0.1410838944763314,0.418883116092422
portfolio_realized_vol,0.93934410060592,0.93934410060592,0.022988505747125743,0.0,0.0,1.181180343837743,1.0,0.12966900701015938,0.29442444327542916,0.22042184944524879,0.04110042030024752,0.1325150592143648,0.06714916576715257,0.08100271248100688,0.24178332854104934,0.31243191473117626,0.17942707024053028,0.29239279038170674,0.2963763610894157,0.2797585028098615,0.2825905769590711,0.33564173468245917,0.09840699228734762,0.1395199547136975,0.0,0.16181371253320265,0.15707478842041311,0.24010821496563572,0.06107308165169811,0.1324333437221652,0.0,0.0,0.018638389299985847,0.17208752673519268,0.06107308165169811,0.1324333437221652,0.0,0.03893520614852708,0.07812773268892359,0.1901609343324484,0.42988608114336346,0.43307417657283853,0.3423824116120856,0.0039025810334542,0.14129189634656403,0.009298035242562452,0.0,0.011494252873562538,0.0,0.011124234289579316,0.07035058433262664,0.0,0.05990618587473495,0.05990618587473495,0.078224199272515,0.09500355976521224,0.09500355976521224,0.18282845812467718,0.0918869876307884,0.17161715939230504,0.022317371680714015,0.0,0.11935046759111645,0.022317371680714015,0.20288043127286848,0.4356498465903479
portfolio_vol_regime,0.20939960647785572,0.20939960647785572,0.0,0.08039790550406611,0.24777969651464093,0.24767971879342332,0.12966900701015938,1.0,0.06902920116936972,0.038657923474509026,0.0,0.041725143242740126,0.0,0.0,0.036907532778885255,0.04892883468594489,0.019588745891399917,0.08433022858420103,0.07887910076465221,0.0,0.012793735064948741,0.08041142188274186,0.8146401861317902,0.8366118785142332,0.2727807545357833,0.0,0.0,0.018708958628287253,0.23670693270559473,0.15447813164233237,0.001232417858826551,0.032755450158510335,0.08387075824004109,0.05532729251256718,0.23670693270559473,0.15447813164233237,0.001232417858826551,0.1627570412154019,0.24539488884871252,0.13419770333187564,0.09578218668534644,0.13572073472734292,0.026599174047873042,0.010296538289480295,4.529386876583885e-05,0.0,0.00456415668456378,0.011494252873562427,0.013683742482915484,0.04340444974793867,0.04036986832698952,0.30142904010011584,0.0,0.0,0.04401189074531198,0.0,0.0,0.0,0.0,0.0,0.0,0.02380952380952317,0.0,0.0,0.11029816562664307,0.0
forward_model_cvar,0.23904102831180396,0.23904102831180396,0.011494252873562427,0.02013153287915348,0.25516299696287614,0.35542296582567534,0.29442444327542916,0.06902920116936972,1.0,1.2640468068766195,0.061780654548558966,0.9092575146359243,0.9503517134849963,0.5562186197380876,1.1494861759366781,1.6851349141716234,1.2668668795242781,1.1442800652792497,1.1592225940148815,0.14174363112516797,0.21125504432319397,0.16424874602379225,0.04877148927774311,0.07678065539009049,0.006914264419545013,0.5623146310065125,0.5801516790159748,0.6462933917094115,0.0,0.041590259318129874,0.0,0.0,0.0,0.0,0.0,0.041590259318129874,0.0,0.07134985763545343,0.009341433016790024,0.12546202898900471,0.3308243008167935,0.3185621996094592,0.38868622808806064,0.01804935380091688,0.5032228023459857,0.025800018169228167,0.5224316072238947,0.0,0.3807540319256293,0.1782854791328009,0.020592269497934357,0.0,1.122758852595723,1.122758852595723,0.738535095416899,1.0391558931926026,1.0391558931926026,1.0441255404036291,0.41140685540622257,1.188076130043874,0.31895153766443674,0.0,0.03711525420000161,0.31895153766443674,0.06367438814319915,0.6056633835137465
historical_cvar_target,0.2731237311918804,0.2731237311918804,0.0,0.0,0.2493796941714591,0.23850938132588428,0.22042184944524879,0.038657923474509026,1.2640468068766195,1.0,0.0,0.9240773074486611,0.8510705625416147,0.5022500446731213,1.6891989535804908,1.290335556441231,1.0440081290793213,1.638799640250142,1.4798094924668912,0.09118418099675207,0.21819035039643075,0.17708530094959585,0.12241856857416444,0.025757834109169764,0.0,0.6480250891307632,0.5127511676499455,0.6868069968781881,0.0,0.056738727306876346,0.031132183749014608,0.0,0.0,0.0,0.0,0.056738727306876346,0.031132183749014608,0.09553721701603335,0.13892062328510235,0.04406522894320064,0.2525993457820159,0.194710622285307,0.37085544064720566,0.0,0.4553009550273196,0.0,0.5393064131707082,0.0,0.4360651142397547,0.09910495152428067,0.0,0.0,0.9203889181122392,0.9203889181122392,0.7088624318646581,0.9542514298398628,0.9542514298398628,0.8363146731100022,0.35923756970218657,0.9485179870374547,0.4123599076373793,0.011904761904761418,0.0,0.4123599076373793,0.09185368707754249,0.552139269969082
composite_quality,0.09233132619789564,0.09233132619789564,0.022988505747125743,1.017805563829046,0.0,0.13168504321245733,0.04110042030024752,0.0,0.061780654548558966,0.0,1.0,0.0,0.0,0.1301043384586339,0.018646981887544878,0.08600681153333634,0.0,0.037691969467015696,0.04216203456081302,0.14875042810741057,0.10720318224981984,0.3838430401659787,0.0024267432898574803,0.0,0.09449392735606887,0.0,0.0,0.0,0.0,0.0,0.0,0.0,0.0,0.0,0.0,0.0,0.0,0.0,0.0,0.0,0.020666958232870125,0.07768176278824257,0.006091336153233318,0.0025542784163472554,0.0,0.0,0.0,0.0,0.07917968983352353,0.0,0.0,0.052666916490121896,0.12668018361058497,0.12668018361058497,0.13706335327578545,0.095382775634412,0.095382775634412,0.05247631903732686,0.004464778764669108,0.09644145682013461,0.04115710618800583,0.0,0.0,0.04115710618800583,0.0,0.05415165849585302
selected_count,0.13955525330646712,0.13955525330646712,0.03679382684836585,0.0,0.3297115816284064,0.3573740000909862,0.1325150592143648,0.041725143242740126,0.9092575146359243,0.9240773074486611,0.0,1.0,0.7449975338312057,0.25066873467507544,0.934535957993518,0.8058155064525377,0.7300546503260472,0.92276116014288,0.8640693694477796,0.008376523685739712,0.06822947781297861,0.08267282826664668,0.0,0.0,0.0,0.4675915518249738,0.581164903760394,0.7279242746576963,0.0,0.0,0.0070038775681039445,0.05187456532575496,0.17410624088775062,0.1100812140743842,0.0,0.0,0.0070038775681039445,0.0,0.0,0.09142353902162303,0.19489367709342154,0.11409535663992831,0.41006631915511893,0.01550551458037619,0.1370287197581278,0.010410001319506645,0.145232450237487,0.0006725345019003015,0.15973728971621737,0.0,0.0,0.0,0.6275681521498935,0.6275681521498935,0.5623223861355066,0.59925244732757,0.59925244732757,0.6674220859936442,0.3249158296361242,0.764919685946394,0.3230611925871091,0.05236360057145517,0.0,0.3230611925871091,0.00709774562860821,0.15253739151013745
forward_model_cvar_raw,0.06772077057113379,0.06772077057113379,0.011494252873562427,0.06389976905743477,0.4459384603485894,0.07412092351075694,0.06714916576715257,0.0,0.9503517134849963,0.8510705625416147,0.0,0.7449975338312057,1.0,0.6272589152237993,0.8435016910728826,0.9376209576507923,1.2991405924014394,0.898541960875082,0.895203437602215,0.0,0.07943998649393658,0.03937060692151517,0.03895397769072062,0.0,0.00794126726142963,0.3425542668495961,0.3597956461599412,0.43388142628020443,0.0,0.0,0.0,0.0030778288183923586,0.0,0.0,0.0,0.0,0.0,0.0,0.0,0.0,0.2060073233268801,0.16290155015545016,0.25045743731843473,0.0,0.3790605766317685,0.0,0.5526886248287823,0.011494252873562427,0.4279615319982414,0.12639892192169944,0.0,0.0,0.8492587033197112,0.8492587033197112,0.9260377711748862,0.8020769578621035,0.8020769578621035,1.1046443798017789,0.5491050435525149,0.8352580488018152,0.3160213751381332,0.0,0.05921632502951113,0.3160213751381332,0.01800386381088359,0.40039133505579183
portfolio_scenario_mean,0.05789423026819884,0.05789423026819884,0.0,0.0,0.376478431363911,0.2476543760535207,0.08100271248100688,0.0,0.5562186197380876,0.5022500446731213,0.1301043384586339,0.25066873467507544,0.6272589152237993,1.0,0.4823142333579997,0.6069836592962301,0.7069818071635044,0.5495025562565282,0.5584106022335398,0.0034191097140237048,0.21339396241014363,0.025542583717769074,0.1519075776062726,0.12188780659285348,0.018404744403417883,0.32968802814558806,0.37397515863961495,0.21095331458328825,0.0,0.0,0.0,0.0,0.0,0.0,0.0,0.0,0.0,0.046486516075765594,0.0,0.0,0.10458647167572144,0.07398144451896993,0.17361643429884877,0.0,0.09719138748012102,0.0,0.16670085602128581,0.022988505747125743,0.13994046964736195,0.02882791562780629,0.2366537422216477,0.012557111794293419,0.7277211767165285,0.7277211767165285,0.439667768277202,0.633837378522386,0.633837378522386,0.7238435887872164,0.5964301459262038,0.7422291782934956,0.23377223273199244,0.0,0.029783779444027436,0.23377223273199244,0.0,0.5210965823744155
historical_cvar_target_raw,0.2696617716954378,0.2696617716954378,0.0,0.0,0.2805861616301947,0.20197414347324338,0.24178332854104934,0.036907532778885255,1.1494861759366781,1.6891989535804908,0.018646981887544878,0.934535957993518,0.8435016910728826,0.4823142333579997,1.0,1.2118051787729232,1.0318844290245863,1.6016635005277964,1.580152827292985,0.04183501483724117,0.18005852504351016,0.16740676109864283,0.15413414772355372,0.11873445613724964,0.0,0.5641601992313913,0.4617510183739336,0.5138296868319134,0.0,0.05532261468386712,0.020775901536748242,0.0,0.0,0.0,0.0,0.05532261468386712,0.020775901536748242,0.130742112413627,0.12153513165492169,0.02960598129429748,0.22692425458968335,0.15540787522393862,0.36556851644013566,0.0,0.45030556727331106,0.0070659566106229255,0.5132129663876063,0.03448275862068895,0.41048743521379905,0.09753227284180177,0.0,0.0,0.8642529225999763,0.8642529225999763,0.6755017312625777,0.8643636356417237,0.8643636356417237,0.8027213507235764,0.2894220404038984,0.9266664669100724,0.39371709211956407,0.03571428571428514,0.0,0.39371709211956407,0.09290732692428572,0.5291212917786902
forward_model_cdar,0.26029707111957134,0.26029707111957134,0.011494252873562427,0.0,0.25965431925338656,0.35717657619997556,0.31243191473117626,0.04892883468594489,1.6851349141716234,1.290335556441231,0.08600681153333634,0.8058155064525377,0.9376209576507923,0.6069836592962301,1.2118051787729232,1.0,1.271955947544381,1.245665332029628,1.1948443139672307,0.14208070182761723,0.21228090392437116,0.1314877366454027,0.10522474060395215,0.08717216293302199,0.0,0.5551248858857326,0.5610642530319969,0.5775754238535123,0.0,0.13988910050342307,0.0,0.0,0.0,0.0,0.0,0.13988910050342307,0.0,0.06445937865545881,0.09711894756381512,0.06439653923342137,0.30146299764183626,0.2550359270314626,0.3213221745171104,0.02954360667447986,0.4863886609882505,0.031979118161715725,0.48440478730052317,0.0,0.3809434976323365,0.17205580335444326,0.02540287678799036,0.0,1.1193528716035348,1.1193528716035348,0.7391898046922982,1.0715861066572985,1.0715861066572985,1.0528623017265972,0.4587941424486822,1.1498966849678767,0.34040845376421025,0.011904761904761307,0.060241663087688524,0.34040845376421025,0.09569409257669648,0.5926083351138712
forward_model_cdar_raw,0.1747321021514313,0.1747321021514313,0.022988505747125743,0.03176671655900387,0.4425243486385866,0.2346804591970676,0.17942707024053028,0.019588745891399917,1.2668668795242781,1.0440081290793213,0.0,0.7300546503260472,1.2991405924014394,0.7069818071635044,1.0318844290245863,1.271955947544381,1.0,1.055329470573076,1.0439720540432453,0.0648541272326213,0.1724704431907228,0.1228582576051731,0.03514446590907294,0.012687821424297918,0.0,0.5390413525608203,0.5705731349546719,0.6295429965107399,0.0,0.0,0.0,0.0,0.0,0.0,0.0,0.0,0.0,0.0,0.0,0.0,0.3876936204207012,0.3482805093037361,0.4077541464495207,0.0,0.572483485140884,0.0,0.6707045169826058,0.0,0.5229872916791732,0.19268718346858194,0.032829771329221824,0.0,1.106781275473157,1.106781275473157,0.9326899931922198,1.14833770754683,1.14833770754683,1.295794082589413,0.5254278213405431,1.2025414539919554,0.27753268129229636,0.02380952380952317,0.07011668459058484,0.27753268129229636,0.06056539080979695,0.6176937205894563
historical_cdar_target,0.26685878322334544,0.26685878322334544,0.0,0.0,0.20006431004904002,0.27373291258389776,0.29239279038170674,0.08433022858420103,1.1442800652792497,1.638799640250142,0.037691969467015696,0.92276116014288,0.898541960875082,0.5495025562565282,1.6016635005277964,1.245665332029628,1.055329470573076,1.0,1.7823434527594721,0.08797245375385188,0.21575970481696516,0.1457123494701541,0.1991394671256912,0.17128004628959737,0.019176663213117173,0.6079479249156682,0.5291445443881502,0.5622527197377041,0.0,0.12484144383758489,0.032749818987340085,0.0,0.0,0.018847790384766583,0.0,0.12484144383758489,0.032749818987340085,0.12135499569892338,0.08960173937670213,0.07933768105029637,0.2717481088962962,0.2351382980578105,0.4090564159171466,0.0,0.45125059925282507,0.0,0.5337919085182725,0.03448275862068895,0.45479129734220514,0.1105364797661541,0.0,0.0,0.8857052931283698,0.8857052931283698,0.7375137135331808,0.9434978156379729,0.9434978156379729,0.9868698650445049,0.30865697569386796,0.966565456809062,0.33328372588262634,0.03571428571428514,0.0,0.33328372588262634,0.08929933079600583,0.5610919889877238
historical_cdar_target_raw,0.2899609169945834,0.2899609169945834,0.011494252873562427,0.0,0.23783027971156112,0.2880230562462943,0.2963763610894157,0.07887910076465221,1.1592225940148815,1.4798094924668912,0.04216203456081302,0.8640693694477796,0.895203437602215,0.5584106022335398,1.580152827292985,1.1948443139672307,1.0439720540432453,1.7823434527594721,1.0,0.0738509430806168,0.1941121952384205,0.135644414250089,0.20054146195541112,0.20010442716239274,0.04204077228412251,0.5543802282445243,0.47663670739755437,0.4852549091192042,0.0,0.1655041653372865,0.015180032452035697,0.0,0.0,0.02991829171362148,0.0,0.1655041653372865,0.015180032452035697,0.12874329705274246,0.10863270840767081,0.08839870304235309,0.2514975739905888,0.22841877237276753,0.4031998204053786,0.0,0.44337217499509085,0.0,0.5077780756078883,0.03448275862068895,0.4177995675259316,0.1117766189373276,0.0,0.0,0.8443863906644787,0.8443863906644787,0.7265248939236715,0.880797297765041,0.880797297765041,0.9989798814648658,0.251488856456783,0.8996126777873178,0.3262896782635788,0.03571428571428514,0.0,0.3262896782635788,0.07051674214045889,0.555517022484766
asset_mean_efficiency_ratio,0.36578026048634094,0.36578026048634094,0.0,0.13887123993555772,0.11452676825073516,0.27515414509804026,0.2797585028098615,0.0,0.14174363112516797,0.09118418099675207,0.14875042810741057,0.008376523685739712,0.0,0.0034191097140237048,0.04183501483724117,0.14208070182761723,0.0648541272326213,0.08797245375385188,0.0738509430806168,1.0,1.2216975852170533,0.29953472796825553,0.0,0.0,0.0,0.12174992751077507,0.1530978898932197,0.13198394636548283,0.0,0.09266159564407195,0.0,0.0,0.0,0.0,0.0,0.09266159564407195,0.0,0.09490640183680332,0.12520192217315917,0.0,0.18572353050304136,0.15337096976707232,0.10848732132062633,0.025542784163473442,0.0,0.0,0.0,0.022988505747125743,0.0,0.14279168378659746,0.0,0.27339545631147477,0.26267309192331645,0.26267309192331645,0.010690570482857265,0.21381514909985633,0.21381514909985633,0.05464347074914555,0.0,0.18382124453698623,0.0992999058486621,0.0,0.05870442840723422,0.0992999058486621,0.06834185408295035,0.028619335785381672
asset_median_efficiency_ratio,0.2197233958949938,0.2197233958949938,0.011494252873562427,0.06487844657542519,0.0,0.18453486724113066,0.2825905769590711,0.012793735064948741,0.21125504432319397,0.21819035039643075,0.10720318224981984,0.06822947781297861,0.07943998649393658,0.21339396241014363,0.18005852504351016,0.21228090392437116,0.1724704431907228,0.21575970481696516,0.1941121952384205,1.2216975852170533,1.0,0.0953732249930983,0.052716629134860304,0.08832202494896679,0.0,0.05679495910753074,0.107108438731355,0.06657493009439841,0.013552100048508375,0.0,0.10555417336396866,0.0,0.05436217264731891,0.12188342700000199,0.013552100048508375,0.0,0.10555417336396866,0.2546708945374011,0.32036371194501534,0.0,0.22356715239838776,0.2867725494828274,0.1725487483992948,0.0,0.0,0.0,0.0,0.011494252873562427,0.02454928688240887,0.14455390623847508,0.0,0.20420635996720682,0.1937197096532377,0.1937197096532377,0.03321133065574733,0.17350635021574012,0.17350635021574012,0.14053754343327896,0.12881330384020284,0.17141251493224985,0.13143141521231505,0.0,0.09858845311268738,0.13143141521231505,0.016358971065584704,0.0
asset_dispersion_efficiency_ratio,0.3824013929036192,0.3824013929036192,0.011494252873562427,0.06586362007675794,0.04898721352597413,0.3756406406296412,0.33564173468245917,0.08041142188274186,0.16424874602379225,0.17708530094959585,0.3838430401659787,0.08267282826664668,0.03937060692151517,0.025542583717769074,0.16740676109864283,0.1314877366454027,0.1228582576051731,0.1457123494701541,0.135644414250089,0.29953472796825553,0.0953732249930983,1.0,0.0,0.05020334088760092,0.00966895267519341,0.09379426248614431,0.08778590302950873,0.04981085126135376,0.0,0.07358772077272757,0.0,0.0,0.0,0.05032491082313406,0.0,0.07358772077272757,0.0,0.0,0.0,0.0,0.026702079536708112,0.0,0.17857511487750166,0.0,0.06336619945159017,0.0,0.0,0.0,0.0317609137529562,0.08174258278634916,0.0004182557723675373,0.11316315987228265,0.032202767791735365,0.032202767791735365,0.11154828556471053,0.04202972244627645,0.04202972244627645,0.05075052461481944,0.0,0.06551892481478916,0.09107677608639075,0.0,0.047776379771565014,0.09107677608639075,0.08233256042179438,0.1677624027228335
asset_mean_atr_vol_regime,0.09032455897535063,0.09032455897535063,0.0,0.05971030461310911,0.24763417367240503,0.12531566269015348,0.09840699228734762,0.8146401861317902,0.04877148927774311,0.12241856857416444,0.0024267432898574803,0.0,0.03895397769072062,0.1519075776062726,0.15413414772355372,0.10522474060395215,0.03514446590907294,0.1991394671256912,0.20054146195541112,0.0,0.052716629134860304,0.0,1.0,1.6578771145000308,0.27407773490023424,0.01923842028218692,0.004720179901878008,0.0,0.2351405481911173,0.1795477035959353,0.0,0.0,0.00016567901345021507,0.138525009617119,0.2351405481911173,0.1795477035959353,0.0,0.04361511999172718,0.0632704032260758,0.23488532927489658,0.12020761447336525,0.18224748773667088,0.15194497415185504,0.0,0.0,0.0,0.0,0.0,0.0,0.21477177191917018,0.008639806239056025,0.24856873321264983,0.0,0.0,0.06231330383427769,0.00617897311286697,0.00617897311286697,0.06978872863248531,0.0,0.0,0.035265474182664125,0.0,0.0,0.035265474182664125,0.0,0.0
asset_median_atr_vol_regime,0.04327232959553462,0.04327232959553462,0.0,0.08976789070517832,0.1878771832831303,0.1799667108756844,0.1395199547136975,0.8366118785142332,0.07678065539009049,0.025757834109169764,0.0,0.0,0.0,0.12188780659285348,0.11873445613724964,0.08717216293302199,0.012687821424297918,0.17128004628959737,0.20010442716239274,0.0,0.08832202494896679,0.05020334088760092,1.6578771145000308,1.0,0.22618781981431202,0.026589881081923727,0.01272510601025223,0.0,0.18476217328914835,0.13308892797894467,0.0,0.0,0.004764211152817555,0.12147229221957412,0.18476217328914835,0.13308892797894467,0.0,0.1534382626095212,0.2031383221000801,0.26565194715104745,0.07955716037009752,0.2617571815113372,0.10070037622341976,0.02680356255512517,0.0,0.0,0.0,0.0,0.0,0.20086749668122417,0.03223412379889179,0.2543969124234492,0.0,0.0,0.05221571886346732,0.00490794377922521,0.00490794377922521,0.043610084198261956,0.0,0.0,0.000977375937546432,0.0,0.054927853963378515,0.000977375937546432,0.0,0.02841652806018924
asset_dispersion_atr_vol_regime,0.15776090259803932,0.15776090259803932,0.011494252873562427,0.05287649855463172,0.0,0.09315464760237413,0.0,0.2727807545357833,0.006914264419545013,0.0,0.09449392735606887,0.0,0.00794126726142963,0.018404744403417883,0.0,0.0,0.0,0.019176663213117173,0.04204077228412251,0.0,0.0,0.00966895267519341,0.27407773490023424,0.22618781981431202,1.0,0.0,0.0,0.0,0.23308429322115332,0.05064093311689044,0.0,0.0,0.0,0.11070412937921992,0.23308429322115332,0.05064093311689044,0.0,0.1492391842321994,0.005647369240789679,0.16857391179366876,0.003992854646955202,0.0,0.020224519713348155,0.0,0.0,0.0,0.0,0.0,0.0,0.010348142126413662,0.10508806600453546,0.044148445393996094,0.005546519410559281,0.005546519410559281,0.10521598938402199,0.01676958753017921,0.01676958753017921,0.041557900619175636,0.0,0.027080666852147495,0.0,0.0,0.0,0.0,0.0,0.0
asset_mean_liquidity_score,0.044607146919718454,0.044607146919718454,0.022988505747125743,0.0,0.0,0.14021514470718788,0.16181371253320265,0.0,0.5623146310065125,0.6480250891307632,0.0,0.4675915518249738,0.3425542668495961,0.32968802814558806,0.5641601992313913,0.5551248858857326,0.5390413525608203,0.6079479249156682,0.5543802282445243,0.12174992751077507,0.05679495910753074,0.09379426248614431,0.01923842028218692,0.026589881081923727,0.0,1.0,0.706938015285069,0.8443189293901212,0.0,0.028925127789423133,0.0,0.013144165456736912,0.10018949560551527,0.04762568011066515,0.0,0.028925127789423133,0.0,0.0,0.0,0.01547838721180872,0.1692769691797622,0.10906763828077637,0.29569357432354815,0.0,0.1213257348452027,0.0,0.06341745538519916,0.0,0.10740287609475763,0.0672940385721269,0.08213072037128344,0.0,0.690394979776516,0.690394979776516,0.42326295977938466,0.6471687615502977,0.6471687615502977,0.5687022089458149,0.1944665446482422,0.5628903962374494,0.07200566862242619,0.0,0.06996183320701932,0.07200566862242619,0.0,0.11839619312255723
asset_median_liquidity_score,0.037644234353358064,0.037644234353358064,0.023725502947627763,0.0,0.0,0.13354135872305684,0.15707478842041311,0.0,0.5801516790159748,0.5127511676499455,0.0,0.581164903760394,0.3597956461599412,0.37397515863961495,0.4617510183739336,0.5610642530319969,0.5705731349546719,0.5291445443881502,0.47663670739755437,0.1530978898932197,0.107108438731355,0.08778590302950873,0.004720179901878008,0.01272510601025223,0.0,0.706938015285069,1.0,0.7016057517631503,0.0,0.0,0.0,0.004262242781710612,0.07194149839200126,0.12676808942548856,0.0,0.0,0.0,0.0,0.0,0.05502121985808983,0.15699687829926567,0.05739466414863714,0.3581270221018239,0.03196113178469184,0.1213257348452027,0.0,0.06341745538519916,0.05223137877907602,0.0822461362828456,0.04460159691416843,0.11318397239309574,0.0,0.6330662931374853,0.6330662931374853,0.42638034048297246,0.6215720402639221,0.6215720402639221,0.5916467930972957,0.31741285121523877,0.6474341092294393,0.15257500008461555,0.0,0.0,0.15257500008461555,0.0,0.11677080701441245
asset_dispersion_liquidity_score,0.10985913630963884,0.10985913630963884,0.022988505747125743,0.0,0.0,0.2718725677439209,0.24010821496563572,0.018708958628287253,0.6462933917094115,0.6868069968781881,0.0,0.7279242746576963,0.43388142628020443,0.21095331458328825,0.5138296868319134,0.5775754238535123,0.6295429965107399,0.5622527197377041,0.4852549091192042,0.13198394636548283,0.06657493009439841,0.04981085126135376,0.0,0.0,0.0,0.8443189293901212,0.7016057517631503,1.0,0.0,0.02280251477025841,0.0,0.0,0.11289317124022535,0.06692936493159207,0.0,0.02280251477025841,0.0,0.0,0.0,0.07570140174516826,0.29676984479637003,0.2762324657904308,0.44826992517576114,0.0,0.1310390100757194,0.0,0.06984665836612647,0.0,0.10354533516825126,0.09927058692798563,0.0965847967664949,0.0,0.6052577989496806,0.6052577989496806,0.44311341583673736,0.5877900176887954,0.5877900176887954,0.6442379758608919,0.3534032975505127,0.5743564206345089,0.08163958629205847,0.0,0.0,0.08163958629205847,0.0,0.23567431729723254
asset_mean_breakout_strength,0.08046941845537603,0.08046941845537603,0.0,0.019221684255533833,0.0972277635136386,0.15175063308561565,0.06107308165169811,0.23670693270559473,0.0,0.0,0.0,0.0,0.0,0.0,0.0,0.0,0.0,0.0,0.0,0.0,0.013552100048508375,0.0,0.2351405481911173,0.18476217328914835,0.23308429322115332,0.0,0.0,0.0,1.0,1.2281015261037522,0.15778634225435262,0.02485472856716031,0.0,0.03263384962990745,2.0938377056330353,1.2281015261037522,0.15778634225435262,0.17735122818523974,0.2921847467913108,0.06473863891766041,0.004610450883259287,0.07927285912098503,0.0,0.02297686834063295,0.0,0.0249388882766578,0.0,0.0,0.0,0.24764700440097753,0.14588715824457887,0.08854485577148719,0.0,0.0,0.0,0.0,0.0,0.0,0.0,0.007284616301574953,0.0,0.02380952380952328,0.0,0.0,0.06099490832856336,0.09030476774544827
asset_median_breakout_strength,0.0666125162565615,0.0666125162565615,0.0,0.0,0.0,0.03338965416577233,0.1324333437221652,0.15447813164233237,0.041590259318129874,0.056738727306876346,0.0,0.0,0.0,0.0,0.05532261468386712,0.13988910050342307,0.0,0.12484144383758489,0.1655041653372865,0.09266159564407195,0.0,0.07358772077272757,0.1795477035959353,0.13308892797894467,0.05064093311689044,0.028925127789423133,0.0,0.02280251477025841,1.2281015261037522,1.0,0.04759650797143733,0.04796686206549061,0.0,0.0831468238092099,1.2281015261037522,2.0938377056330353,0.04759650797143733,0.24229149937350858,0.3234119381911823,0.0,0.0,0.0,0.0,0.0,0.0,0.0,0.0,0.011494252873562427,0.0,0.34674120521931595,0.2124419459654282,0.0,0.09110157274584019,0.09110157274584019,0.0,0.11753476243434147,0.11753476243434147,0.0,0.09664542235266993,0.032071518781442876,0.0,0.011904761904761307,0.0,0.0,0.01295026000448829,0.16051558345723638
asset_dispersion_breakout_strength,0.0,0.0,0.0,0.0,0.1137001604256217,0.0,0.0,0.001232417858826551,0.0,0.031132183749014608,0.0,0.0070038775681039445,0.0,0.0,0.020775901536748242,0.0,0.0,0.032749818987340085,0.015180032452035697,0.0,0.10555417336396866,0.0,0.0,0.0,0.0,0.0,0.0,0.0,0.15778634225435262,0.04759650797143733,1.0,0.035787419175841606,0.0,0.21338172592836324,0.15778634225435262,0.04759650797143733,2.0938377056330353,0.1668577743299836,0.16480719436892022,0.0,0.0,0.0,0.012298861594469912,0.0012771392081734056,0.1429561532862329,0.011494252873563315,0.0,0.0,0.0008994784509201992,0.1602669480594181,0.22280646085380384,0.045759210785296656,0.0,0.0,0.0,0.0,0.0,0.0,0.02126605281054772,0.0,0.0,0.0,0.0,0.0,0.0,0.0
asset_mean_normalized_spike,0.0,0.0,0.0,0.0,0.07135776038650954,0.0,0.0,0.032755450158510335,0.0,0.0,0.0,0.05187456532575496,0.0030778288183923586,0.0,0.0,0.0,0.0,0.0,0.0,0.0,0.0,0.0,0.0,0.0,0.0,0.013144165456736912,0.004262242781710612,0.0,0.02485472856716031,0.04796686206549061,0.035787419175841606,1.0,1.40483934766916,0.14434702499711127,0.02485472856716031,0.04796686206549061,0.035787419175841606,0.0,0.007982987396864871,0.14937265613038875,0.0,0.0,0.013924444167794703,0.0028735632183902737,0.0,0.0,0.0,0.011494252873562427,0.0,0.0,0.00450060757277182,0.0,0.0,0.0,0.0,0.0,0.0,0.0,0.0,0.0,0.0,0.011904761904761418,0.0,0.0,0.0,0.11658925200607184
asset_median_normalized_spike,0.0010500921304463784,0.0010500921304463784,0.0,0.0,0.0,0.0,0.018638389299985847,0.08387075824004109,0.0,0.0,0.0,0.17410624088775062,0.0,0.0,0.0,0.0,0.0,0.0,0.0,0.0,0.05436217264731891,0.0,0.00016567901345021507,0.004764211152817555,0.0,0.10018949560551527,0.07194149839200126,0.11289317124022535,0.0,0.0,0.0,1.40483934766916,1.0,0.27330446602351743,0.0,0.0,0.0,0.0,0.009871776075180194,0.040902261002566775,0.0,0.0,0.030282667061205082,0.0,0.0,0.0,0.0,0.0,0.0,0.0,0.0,0.007443758422136071,0.0,0.0,0.0,0.0,0.0,0.0,0.0,0.0,0.0,0.02380952380952328,0.04670399354189181,0.0,0.0,0.0
asset_dispersion_normalized_spike,0.08214697355690825,0.08214697355690825,0.022988505747125743,0.0,0.0,0.15013385878412822,0.17208752673519268,0.05532729251256718,0.0,0.0,0.0,0.1100812140743842,0.0,0.0,0.0,0.0,0.0,0.018847790384766583,0.02991829171362148,0.0,0.12188342700000199,0.05032491082313406,0.138525009617119,0.12147229221957412,0.11070412937921992,0.04762568011066515,0.12676808942548856,0.06692936493159207,0.03263384962990745,0.0831468238092099,0.21338172592836324,0.14434702499711127,0.27330446602351743,1.0,0.03263384962990745,0.0831468238092099,0.21338172592836324,0.13981897414263,0.07804082385028055,0.23211163253167844,0.08513713463668537,0.04814829603769599,0.28234616856314965,0.0,0.0,0.0,0.0,0.0,0.0,0.04777823688034699,0.0629170419366929,0.18695731495980838,0.05398723928024429,0.05398723928024429,0.15880377404737978,0.08697230364060349,0.08697230364060349,0.0,0.0011761145469684209,0.0621101135235409,0.0,0.0,0.12054682219399859,0.0,0.14750672027141043,0.0
asset_mean_pullback_ratio,0.08046941845537603,0.08046941845537603,0.0,0.019221684255533833,0.0972277635136386,0.15175063308561565,0.06107308165169811,0.23670693270559473,0.0,0.0,0.0,0.0,0.0,0.0,0.0,0.0,0.0,0.0,0.0,0.0,0.013552100048508375,0.0,0.2351405481911173,0.18476217328914835,0.23308429322115332,0.0,0.0,0.0,2.0938377056330353,1.2281015261037522,0.15778634225435262,0.02485472856716031,0.0,0.03263384962990745,1.0,1.2281015261037522,0.15778634225435262,0.17735122818523974,0.2921847467913108,0.06473863891766041,0.004610450883259287,0.07927285912098503,0.0,0.02297686834063295,0.0,0.0249388882766578,0.0,0.0,0.0,0.24764700440097753,0.14588715824457887,0.08854485577148719,0.0,0.0,0.0,0.0,0.0,0.0,0.0,0.007284616301574953,0.0,0.02380952380952328,0.0,0.0,0.06099490832856336,0.09030476774544827
asset_median_pullback_ratio,0.0666125162565615,0.0666125162565615,0.0,0.0,0.0,0.03338965416577233,0.1324333437221652,0.15447813164233237,0.041590259318129874,0.056738727306876346,0.0,0.0,0.0,0.0,0.05532261468386712,0.13988910050342307,0.0,0.12484144383758489,0.1655041653372865,0.09266159564407195,0.0,0.07358772077272757,0.1795477035959353,0.13308892797894467,0.05064093311689044,0.028925127789423133,0.0,0.02280251477025841,1.2281015261037522,2.0938377056330353,0.04759650797143733,0.04796686206549061,0.0,0.0831468238092099,1.2281015261037522,1.0,0.04759650797143733,0.24229149937350858,0.3234119381911823,0.0,0.0,0.0,0.0,0.0,0.0,0.0,0.0,0.011494252873562427,0.0,0.34674120521931595,0.2124419459654282,0.0,0.09110157274584019,0.09110157274584019,0.0,0.11753476243434147,0.11753476243434147,0.0,0.09664542235266993,0.032071518781442876,0.0,0.011904761904761307,0.0,0.0,0.01295026000448829,0.16051558345723638
asset_dispersion_pullback_ratio,0.0,0.0,0.0,0.0,0.1137001604256217,0.0,0.0,0.001232417858826551,0.0,0.031132183749014608,0.0,0.0070038775681039445,0.0,0.0,0.020775901536748242,0.0,0.0,0.032749818987340085,0.015180032452035697,0.0,0.10555417336396866,0.0,0.0,0.0,0.0,0.0,0.0,0.0,0.15778634225435262,0.04759650797143733,2.0938377056330353,0.035787419175841606,0.0,0.21338172592836324,0.15778634225435262,0.04759650797143733,1.0,0.1668577743299836,0.16480719436892022,0.0,0.0,0.0,0.012298861594469912,0.0012771392081734056,0.1429561532862329,0.011494252873563315,0.0,0.0,0.0008994784509201992,0.1602669480594181,0.22280646085380384,0.045759210785296656,0.0,0.0,0.0,0.0,0.0,0.0,0.02126605281054772,0.0,0.0,0.0,0.0,0.0,0.0,0.0
asset_mean_net_move,0.06252594053271532,0.06252594053271532,0.011494252873562427,0.005434480104442474,0.10553663871324004,0.04368848373940315,0.03893520614852708,0.1627570412154019,0.07134985763545343,0.09553721701603335,0.0,0.0,0.0,0.046486516075765594,0.130742112413627,0.06445937865545881,0.0,0.12135499569892338,0.12874329705274246,0.09490640183680332,0.2546708945374011,0.0,0.04361511999172718,0.1534382626095212,0.1492391842321994,0.0,0.0,0.0,0.17735122818523974,0.24229149937350858,0.1668577743299836,0.0,0.0,0.13981897414263,0.17735122818523974,0.24229149937350858,0.1668577743299836,1.0,1.4611064522121269,0.07343443936796679,0.0,0.00016093448057485915,0.0,0.045819253122540204,0.0,0.020746676001548003,0.0,0.0,0.005268614354722256,0.14590814969453492,0.2343501332219362,0.10406011377022095,0.012019537290934856,0.012019537290934856,0.01812144482338418,0.002157608032453684,0.002157608032453684,0.0011454587657819815,0.0,0.02104071877128133,0.005108517593987116,0.0,0.0,0.005108517593987116,0.020659541707856777,0.0
asset_median_net_move,0.12669369749966108,0.12669369749966108,0.0,0.0,0.0050506426072596255,0.0467997805816287,0.07812773268892359,0.24539488884871252,0.009341433016790024,0.13892062328510235,0.0,0.0,0.0,0.0,0.12153513165492169,0.09711894756381512,0.0,0.08960173937670213,0.10863270840767081,0.12520192217315917,0.32036371194501534,0.0,0.0632704032260758,0.2031383221000801,0.005647369240789679,0.0,0.0,0.0,0.2921847467913108,0.3234119381911823,0.16480719436892022,0.007982987396864871,0.009871776075180194,0.07804082385028055,0.2921847467913108,0.3234119381911823,0.16480719436892022,1.4611064522121269,1.0,0.09060469354527922,0.06562247686270084,0.05807049819003218,0.030951634364088765,0.030001832994775324,0.0,0.020746676001548003,0.0,0.0,0.021819091336234275,0.28392184397624476,0.270399892933221,0.060806274526748694,0.0,0.0,0.0,0.008845285672155812,0.008845285672155812,0.0,0.0,0.006464333291203328,0.0,0.0,0.0,0.0,0.023408469025749556,0.0
asset_dispersion_net_move,0.08704070185703305,0.08704070185703305,0.0,0.0,0.0,0.37619210872194353,0.1901609343324484,0.13419770333187564,0.12546202898900471,0.04406522894320064,0.0,0.09142353902162303,0.0,0.0,0.02960598129429748,0.06439653923342137,0.0,0.07933768105029637,0.08839870304235309,0.0,0.0,0.0,0.23488532927489658,0.26565194715104745,0.16857391179366876,0.01547838721180872,0.05502121985808983,0.07570140174516826,0.06473863891766041,0.0,0.0,0.14937265613038875,0.040902261002566775,0.23211163253167844,0.06473863891766041,0.0,0.0,0.07343443936796679,0.09060469354527922,1.0,0.18168261094059845,0.27410630687447834,0.1919296007490573,0.0386681347645248,0.0,0.025853718439925455,0.057850649067364035,0.0,0.01680225763278731,0.0,0.0578366171840381,0.0,0.0,0.0,0.03835565278632114,0.002172130292370511,0.002172130292370511,0.0,0.04981258905326369,0.0,0.0,0.0,0.0,0.0,0.0,0.03373311154962533
asset_mean_garch_vol_forecast,0.2991090967908062,0.2991090967908062,0.011494252873562427,0.0,0.03699350303146742,0.6316746384296674,0.42988608114336346,0.09578218668534644,0.3308243008167935,0.2525993457820159,0.020666958232870125,0.19489367709342154,0.2060073233268801,0.10458647167572144,0.22692425458968335,0.30146299764183626,0.3876936204207012,0.2717481088962962,0.2514975739905888,0.18572353050304136,0.22356715239838776,0.026702079536708112,0.12020761447336525,0.07955716037009752,0.003992854646955202,0.1692769691797622,0.15699687829926567,0.29676984479637003,0.004610450883259287,0.0,0.0,0.0,0.0,0.08513713463668537,0.004610450883259287,0.0,0.0,0.0,0.06562247686270084,0.18168261094059845,1.0,1.4138294954524113,0.8573591972785258,0.0036815377089628454,0.18870608238466602,0.0,0.25313280553935824,0.011494252873562427,0.17742892175309877,0.14886663355967045,0.0,0.0,0.21522035850926402,0.21522035850926402,0.15083903984295555,0.2678212502275362,0.2678212502275362,0.2551326492836239,0.13075265318646379,0.24904472024410973,0.04221688743106944,0.02380952380952317,0.16272215591802341,0.04221688743106944,0.05768354261116826,0.1809629527562282
asset_median_garch_vol_forecast,0.31674473194672537,0.31674473194672537,0.022988505747125743,0.06425967172386182,0.08076191345809258,0.5303770315929567,0.43307417657283853,0.13572073472734292,0.3185621996094592,0.194710622285307,0.07768176278824257,0.11409535663992831,0.16290155015545016,0.07398144451896993,0.15540787522393862,0.2550359270314626,0.3482805093037361,0.2351382980578105,0.22841877237276753,0.15337096976707232,0.2867725494828274,0.0,0.18224748773667088,0.2617571815113372,0.0,0.10906763828077637,0.05739466414863714,0.2762324657904308,0.07927285912098503,0.0,0.0,0.0,0.0,0.04814829603769599,0.07927285912098503,0.0,0.0,0.00016093448057485915,0.05807049819003218,0.27410630687447834,1.4138294954524113,1.0,0.62062063439899,0.0,0.21316709579091198,0.0,0.20345047130834237,0.0,0.15843349790953842,0.14630595612576858,0.0,0.0,0.26179913262887256,0.26179913262887256,0.12141120612427259,0.2607941474654063,0.2607941474654063,0.3146409218136753,0.21056221144429754,0.2725085824557034,0.0,0.02380952380952317,0.1310522581211414,0.0,0.005915441751598971,0.3058115690006904
asset_dispersion_garch_vol_forecast,0.3783956001543767,0.3783956001543767,0.011494252873562427,0.0,0.0,0.4839801816581315,0.3423824116120856,0.026599174047873042,0.38868622808806064,0.37085544064720566,0.006091336153233318,0.41006631915511893,0.25045743731843473,0.17361643429884877,0.36556851644013566,0.3213221745171104,0.4077541464495207,0.4090564159171466,0.4031998204053786,0.10848732132062633,0.1725487483992948,0.17857511487750166,0.15194497415185504,0.10070037622341976,0.020224519713348155,0.29569357432354815,0.3581270221018239,0.44826992517576114,0.0,0.0,0.012298861594469912,0.013924444167794703,0.030282667061205082,0.28234616856314965,0.0,0.0,0.012298861594469912,0.0,0.030951634364088765,0.1919296007490573,0.8573591972785258,0.62062063439899,1.0,0.04103785954804351,0.29876424623296216,0.030701978953541542,0.2680013929041861,0.0,0.19876419838808657,0.0,0.0,0.0,0.3115575638154682,0.3115575638154682,0.3038056312327234,0.3549530572109614,0.3549530572109614,0.3668204692883963,0.0,0.32716516653740824,0.14121842047589173,0.03571428571428514,0.0,0.14121842047589173,0.11342955292212853,0.19320275900898976
asset_mean_risk_reward_ratio,0.01763722766616782,0.01763722766616782,0.0,0.0,0.03959131545338401,0.01102508815596126,0.0039025810334542,0.010296538289480295,0.01804935380091688,0.0,0.0025542784163472554,0.01550551458037619,0.0,0.0,0.0,0.02954360667447986,0.0,0.0,0.0,0.025542784163473442,0.0,0.0,0.0,0.02680356255512517,0.0,0.0,0.03196113178469184,0.0,0.02297686834063295,0.0,0.0012771392081734056,0.0028735632183902737,0.0,0.0,0.02297686834063295,0.0,0.0012771392081734056,0.045819253122540204,0.030001832994775324,0.0386681347645248,0.0036815377089628454,0.0,0.04103785954804351,1.0,0.010217113665389133,0.9653301450018423,0.0,0.0,0.02171136653895267,0.0,0.0,0.0,0.02689108678058083,0.02689108678058083,0.04853128991060007,0.04221675727866536,0.04221675727866536,0.05108556832694733,0.04980842911877348,0.05243387094405483,0.036105556760529844,0.05126123806686145,0.05664081777635854,0.036105556760529844,0.0,0.03440254084375871
asset_median_risk_reward_ratio,0.05092070883672861,0.05092070883672861,0.0,0.0,0.2205069414327646,0.15577962171743132,0.14129189634656403,4.529386876583885e-05,0.5032228023459857,0.4553009550273196,0.0,0.1370287197581278,0.3790605766317685,0.09719138748012102,0.45030556727331106,0.4863886609882505,0.572483485140884,0.45125059925282507,0.44337217499509085,0.0,0.0,0.06336619945159017,0.0,0.0,0.0,0.1213257348452027,0.1213257348452027,0.1310390100757194,0.0,0.0,0.1429561532862329,0.0,0.0,0.0,0.0,0.0,0.1429561532862329,0.0,0.0,0.0,0.18870608238466602,0.21316709579091198,0.29876424623296216,0.010217113665389133,1.0,0.011494252873563315,0.8721475184256067,0.022988505747125743,0.596723708519038,0.07789262841567268,0.011009145415248334,0.0,0.39199630346735714,0.39199630346735714,0.35055622657569463,0.4106736031791396,0.4106736031791396,0.4182192627732132,0.049978420196972295,0.4292988300393934,0.055808274746460884,0.0,0.0,0.055808274746460884,0.0,0.2723417813587403
asset_dispersion_risk_reward_ratio,0.0,0.0,0.008106212742976182,0.061707254063780415,0.004407936432318849,0.01344873766912702,0.009298035242562452,0.0,0.025800018169228167,0.0,0.0,0.010410001319506645,0.0,0.0,0.0070659566106229255,0.031979118161715725,0.0,0.0,0.0,0.0,0.0,0.0,0.0,0.0,0.0,0.0,0.0,0.0,0.0249388882766578,0.0,0.011494252873563315,0.0,0.0,0.0,0.0249388882766578,0.0,0.011494252873563315,0.020746676001548003,0.020746676001548003,0.025853718439925455,0.0,0.0,0.030701978953541542,0.9653301450018423,0.011494252873563315,1.0,0.0,0.023272604178363077,0.0,0.0,0.0,0.0,0.048788523916354354,0.048788523916354354,0.05307157934038331,0.06231117435584066,0.06231117435584066,0.061884701084539806,0.015902189305882164,0.06446634676963381,0.025348754039441812,0.05683428103500643,0.00020014490263187135,0.025348754039441812,0.0012490326454014378,0.02764322772568628
asset_mean_kelly_fraction,0.035751491081303155,0.035751491081303155,0.0,0.07039191238395504,0.08357546253480741,0.05207825955099066,0.0,0.00456415668456378,0.5224316072238947,0.5393064131707082,0.0,0.145232450237487,0.5526886248287823,0.16670085602128581,0.5132129663876063,0.48440478730052317,0.6707045169826058,0.5337919085182725,0.5077780756078883,0.0,0.0,0.0,0.0,0.0,0.0,0.06341745538519916,0.06341745538519916,0.06984665836612647,0.0,0.0,0.0,0.0,0.0,0.0,0.0,0.0,0.0,0.0,0.0,0.057850649067364035,0.25313280553935824,0.20345047130834237,0.2680013929041861,0.0,0.8721475184256067,0.0,1.0,0.011494252873562427,1.5632274155399861,0.0,0.0,0.0,0.43073982199762684,0.43073982199762684,0.3353627852412798,0.44050631480164515,0.44050631480164515,0.47995063484941314,0.051858112488726515,0.44180093521391306,0.05140275962666041,0.0,0.0,0.05140275962666041,0.0,0.30188056783945105
asset_median_kelly_fraction,0.030191294473005947,0.030191294473005947,0.012110016420360914,0.01965328399736177,0.0,0.0,0.011494252873562538,0.011494252873562427,0.0,0.0,0.0,0.0006725345019003015,0.011494252873562427,0.022988505747125743,0.03448275862068895,0.0,0.0,0.03448275862068895,0.03448275862068895,0.022988505747125743,0.011494252873562427,0.0,0.0,0.0,0.0,0.0,0.05223137877907602,0.0,0.0,0.011494252873562427,0.0,0.011494252873562427,0.0,0.0,0.0,0.011494252873562427,0.0,0.0,0.0,0.0,0.011494252873562427,0.0,0.0,0.0,0.022988505747125743,0.023272604178363077,0.011494252873562427,1.0,0.0,0.0,0.0,0.0,0.03448275862068895,0.03448275862068895,0.0,0.03448275862068895,0.03448275862068895,0.0,0.03448275862068895,0.03448275862068895,0.09397249141317954,0.0,0.012529607089883932,0.09397249141317954,0.09832463931343682,0.022988505747125743
asset_dispersion_kelly_fraction,0.020568781071007347,0.020568781071007347,0.011494252873562427,0.1042222920561201,0.114441648662306,0.0007547579651198122,0.0,0.013683742482915484,0.3807540319256293,0.4360651142397547,0.07917968983352353,0.15973728971621737,0.4279615319982414,0.13994046964736195,0.41048743521379905,0.3809434976323365,0.5229872916791732,0.45479129734220514,0.4177995675259316,0.0,0.02454928688240887,0.0317609137529562,0.0,0.0,0.0,0.10740287609475763,0.0822461362828456,0.10354533516825126,0.0,0.0,0.0008994784509201992,0.0,0.0,0.0,0.0,0.0,0.0008994784509201992,0.005268614354722256,0.021819091336234275,0.01680225763278731,0.17742892175309877,0.15843349790953842,0.19876419838808657,0.02171136653895267,0.596723708519038,0.0,1.5632274155399861,0.0,1.0,0.0,0.0,0.0,0.3865789576848999,0.3865789576848999,0.22927267296455422,0.38489587065698494,0.38489587065698494,0.39833608082106575,0.0028509701387435804,0.41630665336087136,0.0,0.0,0.0,0.0,0.0,0.24384933060462632
asset_mean_signal_quality,0.05243188897261308,0.05243188897261308,0.0,0.0,0.13065167789090015,0.0,0.011124234289579316,0.04340444974793867,0.1782854791328009,0.09910495152428067,0.0,0.0,0.12639892192169944,0.02882791562780629,0.09753227284180177,0.17205580335444326,0.19268718346858194,0.1105364797661541,0.1117766189373276,0.14279168378659746,0.14455390623847508,0.08174258278634916,0.21477177191917018,0.20086749668122417,0.010348142126413662,0.0672940385721269,0.04460159691416843,0.09927058692798563,0.24764700440097753,0.34674120521931595,0.1602669480594181,0.0,0.0,0.04777823688034699,0.24764700440097753,0.34674120521931595,0.1602669480594181,0.14590814969453492,0.28392184397624476,0.0,0.14886663355967045,0.14630595612576858,0.0,0.0,0.07789262841567268,0.0,0.0,0.0,0.0,1.0,0.34625521149881733,0.02671428719649649,0.15593162465182064,0.15593162465182064,0.033563548482876904,0.16353022186021804,0.16353022186021804,0.07788732815148469,0.05474556335554359,0.16359269062583548,0.0,0.02380952380952328,0.11527305352627937,0.0,0.0,0.0
asset_median_signal_quality,0.07803479631994203,0.07803479631994203,0.011494252873562427,0.0,0.0,0.0,0.07035058433262664,0.04036986832698952,0.020592269497934357,0.0,0.0,0.0,0.0,0.2366537422216477,0.0,0.02540287678799036,0.032829771329221824,0.0,0.0,0.0,0.0,0.0004182557723675373,0.008639806239056025,0.03223412379889179,0.10508806600453546,0.08213072037128344,0.11318397239309574,0.0965847967664949,0.14588715824457887,0.2124419459654282,0.22280646085380384,0.00450060757277182,0.0,0.0629170419366929,0.14588715824457887,0.2124419459654282,0.22280646085380384,0.2343501332219362,0.270399892933221,0.0578366171840381,0.0,0.0,0.0,0.0,0.011009145415248334,0.0,0.0,0.0,0.0,0.34625521149881733,1.0,0.0,0.0,0.0,0.1017886662769607,0.0,0.0,0.06239954514341761,0.04980310966082069,0.0,0.0,0.02380952380952328,0.0,0.0,0.09531970696571457,0.0
asset_dispersion_signal_quality,0.0,0.0,0.0,0.023938956017205748,0.06231070545631212,0.0,0.0,0.30142904010011584,0.0,0.0,0.052666916490121896,0.0,0.0,0.012557111794293419,0.0,0.0,0.0,0.0,0.0,0.27339545631147477,0.20420635996720682,0.11316315987228265,0.24856873321264983,0.2543969124234492,0.044148445393996094,0.0,0.0,0.0,0.08854485577148719,0.0,0.045759210785296656,0.0,0.007443758422136071,0.18695731495980838,0.08854485577148719,0.0,0.045759210785296656,0.10406011377022095,0.060806274526748694,0.0,0.0,0.0,0.0,0.0,0.0,0.0,0.0,0.0,0.0,0.02671428719649649,0.0,1.0,0.0,0.0,0.0,0.0,0.0,0.0,0.0,0.0,0.0,0.0,0.0,0.0,0.0,0.0
cvar_model,0.11909219963552786,0.11909219963552786,0.0,0.0,0.25041849771454416,0.19558570644374962,0.05990618587473495,0.0,1.122758852595723,0.9203889181122392,0.12668018361058497,0.6275681521498935,0.8492587033197112,0.7277211767165285,0.8642529225999763,1.1193528716035348,1.106781275473157,0.8857052931283698,0.8443863906644787,0.26267309192331645,0.1937197096532377,0.032202767791735365,0.0,0.0,0.005546519410559281,0.690394979776516,0.6330662931374853,0.6052577989496806,0.0,0.09110157274584019,0.0,0.0,0.0,0.05398723928024429,0.0,0.09110157274584019,0.0,0.012019537290934856,0.0,0.0,0.21522035850926402,0.26179913262887256,0.3115575638154682,0.02689108678058083,0.39199630346735714,0.048788523916354354,0.43073982199762684,0.03448275862068895,0.3865789576848999,0.15593162465182064,0.0,0.0,1.0,3.1566867465757484,0.5447740855291681,2.1414276917082606,2.1414276917082606,0.8981033607867306,0.8429108725101089,2.087775187490647,0.21908432137687572,0.0,0.04137283946528758,0.21908432137687572,0.3283707573402216,0.49313635115912835
cvar_model_centered,0.11909219963552786,0.11909219963552786,0.0,0.0,0.25041849771454416,0.19558570644374962,0.05990618587473495,0.0,1.122758852595723,0.9203889181122392,0.12668018361058497,0.6275681521498935,0.8492587033197112,0.7277211767165285,0.8642529225999763,1.1193528716035348,1.106781275473157,0.8857052931283698,0.8443863906644787,0.26267309192331645,0.1937197096532377,0.032202767791735365,0.0,0.0,0.005546519410559281,0.690394979776516,0.6330662931374853,0.6052577989496806,0.0,0.09110157274584019,0.0,0.0,0.0,0.05398723928024429,0.0,0.09110157274584019,0.0,0.012019537290934856,0.0,0.0,0.21522035850926402,0.26179913262887256,0.3115575638154682,0.02689108678058083,0.39199630346735714,0.048788523916354354,0.43073982199762684,0.03448275862068895,0.3865789576848999,0.15593162465182064,0.0,0.0,3.1566867465757484,1.0,0.5447740855291681,2.1414276917082606,2.1414276917082606,0.8981033607867306,0.8429108725101089,2.087775187490647,0.21908432137687572,0.0,0.04137283946528758,0.21908432137687572,0.3283707573402216,0.49313635115912835
cvar_model_raw,0.07474973928340567,0.07474973928340567,0.0,0.03454973731764188,0.41108947329958045,0.1271305247673843,0.078224199272515,0.04401189074531198,0.738535095416899,0.7088624318646581,0.13706335327578545,0.5623223861355066,0.9260377711748862,0.439667768277202,0.6755017312625777,0.7391898046922982,0.9326899931922198,0.7375137135331808,0.7265248939236715,0.010690570482857265,0.03321133065574733,0.11154828556471053,0.06231330383427769,0.05221571886346732,0.10521598938402199,0.42326295977938466,0.42638034048297246,0.44311341583673736,0.0,0.0,0.0,0.0,0.0,0.15880377404737978,0.0,0.0,0.0,0.01812144482338418,0.0,0.03835565278632114,0.15083903984295555,0.12141120612427259,0.3038056312327234,0.04853128991060007,0.35055622657569463,0.05307157934038331,0.3353627852412798,0.0,0.22927267296455422,0.033563548482876904,0.1017886662769607,0.0,0.5447740855291681,0.5447740855291681,1.0,0.4880654369836246,0.4880654369836246,0.8069794611410406,0.3740165623457563,0.46222151749033014,0.14503803786785052,0.0,0.11485580180326149,0.14503803786785052,0.1358156368372161,0.37802177436901196
cdar_model,0.11227703204449857,0.11227703204449857,0.0,0.0,0.28215027864964526,0.21226059286001508,0.09500355976521224,0.0,1.0391558931926026,0.9542514298398628,0.095382775634412,0.59925244732757,0.8020769578621035,0.633837378522386,0.8643636356417237,1.0715861066572985,1.14833770754683,0.9434978156379729,0.880797297765041,0.21381514909985633,0.17350635021574012,0.04202972244627645,0.00617897311286697,0.00490794377922521,0.01676958753017921,0.6471687615502977,0.6215720402639221,0.5877900176887954,0.0,0.11753476243434147,0.0,0.0,0.0,0.08697230364060349,0.0,0.11753476243434147,0.0,0.002157608032453684,0.008845285672155812,0.002172130292370511,0.2678212502275362,0.2607941474654063,0.3549530572109614,0.04221675727866536,0.4106736031791396,0.06231117435584066,0.44050631480164515,0.03448275862068895,0.38489587065698494,0.16353022186021804,0.0,0.0,2.1414276917082606,2.1414276917082606,0.4880654369836246,1.0,3.1566867465757484,0.8833148375594306,0.9619831786897843,2.1538039533315096,0.2145105743642478,0.022988505747125743,0.0012261882568256333,0.2145105743642478,0.30084872822448394,0.5044073422168712
cdar_model_centered,0.11227703204449857,0.11227703204449857,0.0,0.0,0.28215027864964526,0.21226059286001508,0.09500355976521224,0.0,1.0391558931926026,0.9542514298398628,0.095382775634412,0.59925244732757,0.8020769578621035,0.633837378522386,0.8643636356417237,1.0715861066572985,1.14833770754683,0.9434978156379729,0.880797297765041,0.21381514909985633,0.17350635021574012,0.04202972244627645,0.00617897311286697,0.00490794377922521,0.01676958753017921,0.6471687615502977,0.6215720402639221,0.5877900176887954,0.0,0.11753476243434147,0.0,0.0,0.0,0.08697230364060349,0.0,0.11753476243434147,0.0,0.002157608032453684,0.008845285672155812,0.002172130292370511,0.2678212502275362,0.2607941474654063,0.3549530572109614,0.04221675727866536,0.4106736031791396,0.06231117435584066,0.44050631480164515,0.03448275862068895,0.38489587065698494,0.16353022186021804,0.0,0.0,2.1414276917082606,2.1414276917082606,0.4880654369836246,3.1566867465757484,1.0,0.8833148375594306,0.9619831786897843,2.1538039533315096,0.2145105743642478,0.022988505747125743,0.0012261882568256333,0.2145105743642478,0.30084872822448394,0.5044073422168712
cdar_model_raw,0.09147910036394635,0.09147910036394635,0.0,0.0,0.3315934612259137,0.24546274912103672,0.18282845812467718,0.0,1.0441255404036291,0.8363146731100022,0.05247631903732686,0.6674220859936442,1.1046443798017789,0.7238435887872164,0.8027213507235764,1.0528623017265972,1.295794082589413,0.9868698650445049,0.9989798814648658,0.05464347074914555,0.14053754343327896,0.05075052461481944,0.06978872863248531,0.043610084198261956,0.041557900619175636,0.5687022089458149,0.5916467930972957,0.6442379758608919,0.0,0.0,0.0,0.0,0.0,0.0,0.0,0.0,0.0,0.0011454587657819815,0.0,0.0,0.2551326492836239,0.3146409218136753,0.3668204692883963,0.05108556832694733,0.4182192627732132,0.061884701084539806,0.47995063484941314,0.0,0.39833608082106575,0.07788732815148469,0.06239954514341761,0.0,0.8981033607867306,0.8981033607867306,0.8069794611410406,0.8833148375594306,0.8833148375594306,1.0,0.5618580947472092,0.8284844322772065,0.15263872617874497,0.022988505747125743,0.01600677219865354,0.15263872617874497,0.2128045436363204,0.5021087927834326
forecast_portfolio_scenario_mean,0.10594850168507297,0.10594850168507297,0.0,0.0009142552173651008,0.04495888858654151,0.08041495092521922,0.0918869876307884,0.0,0.41140685540622257,0.35923756970218657,0.004464778764669108,0.3249158296361242,0.5491050435525149,0.5964301459262038,0.2894220404038984,0.4587941424486822,0.5254278213405431,0.30865697569386796,0.251488856456783,0.0,0.12881330384020284,0.0,0.0,0.0,0.0,0.1944665446482422,0.31741285121523877,0.3534032975505127,0.0,0.09664542235266993,0.02126605281054772,0.0,0.0,0.0011761145469684209,0.0,0.09664542235266993,0.02126605281054772,0.0,0.0,0.04981258905326369,0.13075265318646379,0.21056221144429754,0.0,0.04980842911877348,0.049978420196972295,0.015902189305882164,0.051858112488726515,0.03448275862068895,0.0028509701387435804,0.05474556335554359,0.04980310966082069,0.0,0.8429108725101089,0.8429108725101089,0.3740165623457563,0.9619831786897843,0.9619831786897843,0.5618580947472092,1.0,0.9261513831192767,0.12152019393953428,0.0,0.0,0.12152019393953428,0.2834340032165015,0.2923033806096117
vol_model,0.1544574569835443,0.1544574569835443,0.011494252873562538,0.0,0.28128762147360087,0.2558587667168096,0.17161715939230504,0.0,1.188076130043874,0.9485179870374547,0.09644145682013461,0.764919685946394,0.8352580488018152,0.7422291782934956,0.9266664669100724,1.1498966849678767,1.2025414539919554,0.966565456809062,0.8996126777873178,0.18382124453698623,0.17141251493224985,0.06551892481478916,0.0,0.0,0.027080666852147495,0.5628903962374494,0.6474341092294393,0.5743564206345089,0.007284616301574953,0.032071518781442876,0.0,0.0,0.0,0.0621101135235409,0.007284616301574953,0.032071518781442876,0.0,0.02104071877128133,0.006464333291203328,0.0,0.24904472024410973,0.2725085824557034,0.32716516653740824,0.05243387094405483,0.4292988300393934,0.06446634676963381,0.44180093521391306,0.03448275862068895,0.41630665336087136,0.16359269062583548,0.0,0.0,2.087775187490647,2.087775187490647,0.46222151749033014,2.1538039533315096,2.1538039533315096,0.8284844322772065,0.9261513831192767,1.0,0.2530782363145295,0.0,0.040583498265463036,0.2530782363145295,0.2855211717198197,0.5139713414360427
forecast_backward_vol_timer,0.11231783661316574,0.11231783661316574,0.07107115440229606,0.07248128427661327,0.12067729513354053,0.2049631229023159,0.022317371680714015,0.0,0.31895153766443674,0.4123599076373793,0.04115710618800583,0.3230611925871091,0.3160213751381332,0.23377223273199244,0.39371709211956407,0.34040845376421025,0.27753268129229636,0.33328372588262634,0.3262896782635788,0.0992999058486621,0.13143141521231505,0.09107677608639075,0.035265474182664125,0.000977375937546432,0.0,0.07200566862242619,0.15257500008461555,0.08163958629205847,0.0,0.0,0.0,0.0,0.0,0.0,0.0,0.0,0.0,0.005108517593987116,0.0,0.0,0.04221688743106944,0.0,0.14121842047589173,0.036105556760529844,0.055808274746460884,0.025348754039441812,0.05140275962666041,0.09397249141317954,0.0,0.0,0.0,0.0,0.21908432137687572,0.21908432137687572,0.14503803786785052,0.2145105743642478,0.2145105743642478,0.15263872617874497,0.12152019393953428,0.2530782363145295,1.0,0.019940895657170055,0.0,1.432080975772857,0.0,0.1921812732158773
forecast_forward_cvar_timer,0.05886844198895247,0.05886844198895247,0.03997988866903879,0.0030793743569448306,0.0,0.02380952380952317,0.0,0.02380952380952317,0.0,0.011904761904761418,0.0,0.05236360057145517,0.0,0.0,0.03571428571428514,0.011904761904761307,0.02380952380952317,0.03571428571428514,0.03571428571428514,0.0,0.0,0.0,0.0,0.0,0.0,0.0,0.0,0.0,0.02380952380952328,0.011904761904761307,0.0,0.011904761904761418,0.02380952380952328,0.0,0.02380952380952328,0.011904761904761307,0.0,0.0,0.0,0.0,0.02380952380952317,0.02380952380952317,0.03571428571428514,0.05126123806686145,0.0,0.05683428103500643,0.0,0.0,0.0,0.02380952380952328,0.02380952380952328,0.0,0.0,0.0,0.0,0.022988505747125743,0.022988505747125743,0.022988505747125743,0.0,0.0,0.019940895657170055,1.0,0.038529316604131836,0.019940895657170055,0.04665781783026768,0.0
forecast_conviction_timer,0.0345101625186246,0.0345101625186246,0.023787420722050312,0.04217126156211437,0.08159532804211922,0.09116405968541885,0.11935046759111645,0.0,0.03711525420000161,0.0,0.0,0.0,0.05921632502951113,0.029783779444027436,0.0,0.060241663087688524,0.07011668459058484,0.0,0.0,0.05870442840723422,0.09858845311268738,0.047776379771565014,0.0,0.054927853963378515,0.0,0.06996183320701932,0.0,0.0,0.0,0.0,0.0,0.0,0.04670399354189181,0.12054682219399859,0.0,0.0,0.0,0.0,0.0,0.0,0.16272215591802341,0.1310522581211414,0.0,0.05664081777635854,0.0,0.00020014490263187135,0.0,0.012529607089883932,0.0,0.11527305352627937,0.0,0.0,0.04137283946528758,0.04137283946528758,0.11485580180326149,0.0012261882568256333,0.0012261882568256333,0.01600677219865354,0.0,0.040583498265463036,0.0,0.038529316604131836,1.0,0.0,0.0,0.0
forecast_overlay_fraction,0.11231783661316574,0.11231783661316574,0.07107115440229606,0.07248128427661327,0.12067729513354053,0.2049631229023159,0.022317371680714015,0.0,0.31895153766443674,0.4123599076373793,0.04115710618800583,0.3230611925871091,0.3160213751381332,0.23377223273199244,0.39371709211956407,0.34040845376421025,0.27753268129229636,0.33328372588262634,0.3262896782635788,0.0992999058486621,0.13143141521231505,0.09107677608639075,0.035265474182664125,0.000977375937546432,0.0,0.07200566862242619,0.15257500008461555,0.08163958629205847,0.0,0.0,0.0,0.0,0.0,0.0,0.0,0.0,0.0,0.005108517593987116,0.0,0.0,0.04221688743106944,0.0,0.14121842047589173,0.036105556760529844,0.055808274746460884,0.025348754039441812,0.05140275962666041,0.09397249141317954,0.0,0.0,0.0,0.0,0.21908432137687572,0.21908432137687572,0.14503803786785052,0.2145105743642478,0.2145105743642478,0.15263872617874497,0.12152019393953428,0.2530782363145295,1.432080975772857,0.019940895657170055,0.0,1.0,0.0,0.1921812732158773
selected_alpha,0.23892149514874017,0.23892149514874017,0.07026981427294032,6.203531341519852e-05,0.07276809611917612,0.1410838944763314,0.20288043127286848,0.11029816562664307,0.06367438814319915,0.09185368707754249,0.0,0.00709774562860821,0.01800386381088359,0.0,0.09290732692428572,0.09569409257669648,0.06056539080979695,0.08929933079600583,0.07051674214045889,0.06834185408295035,0.016358971065584704,0.08233256042179438,0.0,0.0,0.0,0.0,0.0,0.0,0.06099490832856336,0.01295026000448829,0.0,0.0,0.0,0.14750672027141043,0.06099490832856336,0.01295026000448829,0.0,0.020659541707856777,0.023408469025749556,0.0,0.05768354261116826,0.005915441751598971,0.11342955292212853,0.0,0.0,0.0012490326454014378,0.0,0.09832463931343682,0.0,0.0,0.09531970696571457,0.0,0.3283707573402216,0.3283707573402216,0.1358156368372161,0.30084872822448394,0.30084872822448394,0.2128045436363204,0.2834340032165015,0.2855211717198197,0.0,0.04665781783026768,0.0,0.0,1.0,0.13239434479767187
robust_selection_score,0.5164428375034072,0.5164428375034072,0.0,0.0,0.04500570850310526,0.418883116092422,0.4356498465903479,0.0,0.6056633835137465,0.552139269969082,0.05415165849585302,0.15253739151013745,0.40039133505579183,0.5210965823744155,0.5291212917786902,0.5926083351138712,0.6176937205894563,0.5610919889877238,0.555517022484766,0.028619335785381672,0.0,0.1677624027228335,0.0,0.02841652806018924,0.0,0.11839619312255723,0.11677080701441245,0.23567431729723254,0.09030476774544827,0.16051558345723638,0.0,0.11658925200607184,0.0,0.0,0.09030476774544827,0.16051558345723638,0.0,0.0,0.0,0.03373311154962533,0.1809629527562282,0.3058115690006904,0.19320275900898976,0.03440254084375871,0.2723417813587403,0.02764322772568628,0.30188056783945105,0.022988505747125743,0.24384933060462632,0.0,0.0,0.0,0.49313635115912835,0.49313635115912835,0.37802177436901196,0.5044073422168712,0.5044073422168712,0.5021087927834326,0.2923033806096117,0.5139713414360427,0.1921812732158773,0.0,0.0,0.1921812732158773,0.13239434479767187,1.0
