decision_date,return_date,execution_policy,alpha,optimizer_anchor,execution_start,gross_traded_notional,conventional_one_way_turnover,forced_exit_gross_traded_notional,cost_rate_per_traded_unit,transaction_cost,expected_transaction_cost,cost_identity_residual,optimizer_anchor_to_target_l1,executed_state_to_target_l1
2019-01-02,2019-02-01,policy_C_split,0.5,previous_target,previous_executed_holdings,0.0,0.0,0.0,0.001,0.0,0.0,0.0,0.0,0.0
2019-02-01,2019-03-01,policy_C_split,0.47929581851903524,previous_target,previous_executed_holdings,0.7809926377139051,0.3904963188569526,0.0017303098141481417,0.001,0.0007809926377139051,0.0007809926377139051,0.0,1.6294584837545125,1.6294584837545125
2019-03-01,2019-04-01,policy_C_split,0.4990305081823486,previous_target,previous_executed_holdings,0.0009380767952964612,0.0004690383976482306,0.0009380767952964612,0.001,9.380767952964613e-07,9.380767952964613e-07,0.0,0.8465860475515063,0.001879798489100956
2019-04-01,2019-05-01,policy_C_split,0.5069529261288154,previous_target,previous_executed_holdings,0.5433066874273169,0.27165334371365846,0.0033363166020199397,0.001,0.0005433066874273169,0.0005433066874273169,0.0,1.0707686076578877,1.071710329351692
2019-05-01,2019-06-03,policy_C_split,0.5233974145422755,previous_target,previous_executed_holdings,0.39390998678517447,0.19695499339258724,0.002183420201295204,0.001,0.0003939099867851745,0.0003939099867851745,0.0,0.22419844559196972,0.7526020875163453
2019-06-03,2019-07-01,policy_C_split,0.5128909596226429,previous_target,previous_executed_holdings,0.0014728524718267012,0.0007364262359133506,0.0014728524718267012,0.001,1.4728524718267012e-06,1.4728524718267012e-06,0.0,0.35582043289574944,0.002871667835421286
2019-07-01,2019-08-01,policy_C_split,0.49988528851978764,previous_target,previous_executed_holdings,0.23106722972834529,0.11553361486417264,0.0008661766281518883,0.001,0.0002310672297283453,0.0002310672297283453,0.0,0.46084169267887937,0.46224050804247396
2019-08-01,2019-09-03,policy_C_split,0.5028294625344785,previous_target,previous_executed_holdings,0.13504275648156958,0.06752137824078479,0.00043573901960560814,0.001,0.0001350427564815696,0.0001350427564815696,0.0,0.03739244136525437,0.268565719679383
2019-09-03,2019-10-01,policy_C_split,0.5031553342707933,previous_target,previous_executed_holdings,0.3676823241666821,0.18384116208334106,0.0002720398359481219,0.001,0.00036768232416668214,0.00036768232416668214,0.0,0.5974498095990277,0.7307531076850297
2019-10-01,2019-11-01,policy_C_split,0.5025199001189743,previous_target,previous_executed_holdings,0.4089481975823454,0.2044740987911727,0.0001624132160447468,0.001,0.0004089481975823454,0.0004089481975823454,0.0,0.4807830218907849,0.8137950307749497
2019-11-01,2019-12-02,policy_C_split,0.49731957047287545,previous_target,previous_executed_holdings,0.3714258430367458,0.1857129215183729,7.996121124104115e-05,0.001,0.0003714258430367458,0.0003714258430367458,0.0,0.41618951926690506,0.746855472998129
2019-12-02,2020-01-02,policy_C_split,0.5079806865349755,previous_target,previous_executed_holdings,0.3272847397578141,0.16364236987890704,4.105660103275165e-05,0.001,0.0003272847397578141,0.0003272847397578141,0.0,0.29916742542178265,0.6442857936003041
2020-01-02,2020-02-03,policy_C_split,0.5100850394193707,previous_target,previous_executed_holdings,0.501746229823457,0.2508731149117285,2.3709193965040023e-05,0.001,0.000501746229823457,0.000501746229823457,0.0,0.72,0.9836521188596201
2020-02-03,2020-03-02,policy_C_split,0.5269777935508013,previous_target,previous_executed_holdings,0.2972951944100942,0.1486475972050471,1.2000165070355182e-05,0.001,0.00029729519441009424,0.00029729519441009424,0.0,0.08224538649843771,0.564151275534601
2020-03-02,2020-04-01,policy_C_split,0.524776176466804,previous_target,previous_executed_holdings,0.1815302397455701,0.09076511987278504,6.469170655364399e-06,0.001,0.00018153023974557008,0.00018153023974557008,0.0,0.07911654166688971,0.3459193612175212
2020-04-01,2020-05-01,policy_C_split,0.5100541628894015,previous_target,previous_executed_holdings,3.36521145693988e-06,1.68260572846994e-06,3.36521145693988e-06,0.001,3.36521145693988e-09,3.36521145693988e-09,0.0,0.16438252371880696,6.597753144247116e-06
2020-05-01,2020-06-01,policy_C_split,0.47252358965910857,previous_target,previous_executed_holdings,0.7821040362082393,0.39105201810411966,2.5754981730114944e-06,0.001,0.0007821040362082394,0.0007821040362082394,0.0,1.6551607705347953,1.6551640030764827
2020-06-01,2020-07-01,policy_C_split,0.4806309909783361,previous_target,previous_executed_holdings,0.5122891725550345,0.25614458627751724,1.5692870066354293e-06,0.001,0.0005122891725550345,0.0005122891725550345,0.0,0.944753539455249,1.0658679572706233
2020-07-01,2020-08-03,policy_C_split,0.5133064795456553,previous_target,previous_executed_holdings,0.43322764260471947,0.21661382130235973,8.704491114551547e-07,0.001,0.0004332276426047195,0.0004332276426047195,0.0,0.48,0.8439941046296234
2020-08-03,2020-09-01,policy_C_split,0.5422202135001387,previous_target,previous_executed_holdings,0.23099813274702297,0.11549906637351148,1.576252166760139e-06,0.001,0.00023099813274702298,0.00023099813274702298,0.0,0.015256459864697425,0.42602272470789
2020-09-01,2020-10-01,policy_C_split,0.5566050843894438,previous_target,previous_executed_holdings,0.2347708529513124,0.1173854264756562,7.407194938313318e-07,0.001,0.0002347708529513124,0.0002347708529513124,0.0,0.24,0.4217907085933994
2020-10-01,2020-11-02,policy_C_split,0.5577354693934672,previous_target,previous_executed_holdings,0.23479467049420263,0.11739733524710132,3.290982541832171e-07,0.001,0.00023479467049420264,0.00023479467049420264,0.0,0.24,0.4209785523404848
2020-11-02,2020-12-01,policy_C_split,0.5334507116022336,previous_target,previous_executed_holdings,0.09931992425976546,0.04965996212988273,1.439323411589451e-07,0.001,9.931992425976546e-05,9.931992425976546e-05,0.0,0.0,0.1861838818462822
2020-12-01,2021-01-04,policy_C_split,0.5068112692553409,previous_target,previous_executed_holdings,0.28551158194832094,0.14275579097416047,1.462604154527729e-07,0.001,0.0002855115819483209,0.0002855115819483209,0.0,0.48,0.5633489215183077
2021-01-04,2021-02-01,policy_C_split,0.5133610906995751,previous_target,previous_executed_holdings,0.21588226412774775,0.10794113206387387,7.306621880572098e-08,0.001,0.00021588226412774775,0.00021588226412774775,0.0,0.24,0.42052712610836435
2021-02-01,2021-03-01,policy_C_split,0.5563916851044227,previous_target,previous_executed_holdings,0.3444004699585119,0.17220023497925596,3.950848649161156e-08,0.001,0.0003444004699585119,0.0003444004699585119,0.0,0.41525645986469734,0.6189892465662484
2021-03-01,2021-04-01,policy_C_split,0.5828443872719029,previous_target,previous_executed_holdings,0.42176619260117215,0.21088309630058608,1.7847084142889453e-08,0.001,0.00042176619260117217,0.00042176619260117217,0.0,0.56,0.7236343041327322
2021-04-01,2021-05-03,policy_C_split,0.5484112555211184,previous_target,previous_executed_holdings,7.632626398293809e-09,3.8163131991469045e-09,7.632626398293809e-09,0.001,7.632626398293809e-12,7.632626398293809e-12,0.0,0.30186809761385447,1.3917705593115586e-08
2021-05-03,2021-06-01,policy_C_split,0.5038113407529591,previous_target,previous_executed_holdings,7.133073997574995e-07,3.5665369987874976e-07,7.133073997574995e-07,0.001,7.133073997574995e-10,7.133073997574995e-10,0.0,1.4095373568214917e-06,1.4158224360163138e-06
2021-06-01,2021-07-01,policy_C_split,0.469315890657448,previous_target,previous_executed_holdings,3.297014699420546e-07,1.648507349710273e-07,3.2970146994205467e-07,0.001,3.2970146994205465e-10,3.2970146994205465e-10,0.0,0.0,7.025150362588141e-07
2021-07-01,2021-08-02,policy_C_split,0.4921625466810325,previous_target,previous_executed_holdings,0.41411524618412154,0.20705762309206077,1.834741413641873e-07,0.001,0.00041411524618412154,0.00041411524618412154,0.0,0.8414192942796859,0.8414196670932521
2021-08-02,2021-09-01,policy_C_split,0.5071791073613681,previous_target,previous_executed_holdings,9.638583049525211e-08,4.8192915247626055e-08,9.638583049525212e-08,0.001,9.638583049525211e-11,9.638583049525211e-11,0.0,0.42730423086614755,1.900429830335591e-07
2021-09-01,2021-10-01,policy_C_split,0.5182215247802917,previous_target,previous_executed_holdings,4.857715303497792e-08,2.428857651748896e-08,4.857715303497792e-08,0.001,4.857715303497792e-11,4.857715303497792e-11,0.0,1.0521940624709034e-10,9.373820019454612e-08
2021-10-01,2021-11-01,policy_C_split,0.5162128449747097,previous_target,previous_executed_holdings,0.577608660968559,0.2888043304842795,2.3312712636277726e-08,0.001,0.000577608660968559,0.000577608660968559,0.0,1.118935034799734,1.1189350799607811
2021-11-01,2021-12-01,policy_C_split,0.4930227788126137,previous_target,previous_executed_holdings,0.523249784630496,0.261624892315248,1.0793940630856732e-08,0.001,0.000523249784630496,0.000523249784630496,0.0,0.72,1.0613095522496556
2021-12-01,2022-01-03,policy_C_split,0.5152694462923498,previous_target,previous_executed_holdings,0.47884069770484017,0.23942034885242008,5.776661431511323e-09,0.001,0.00047884069770484015,0.00047884069770484015,0.0,0.48,0.9293015550414745
2022-01-03,2022-02-01,policy_C_split,0.5155633664018681,previous_target,previous_executed_holdings,0.376587016147021,0.1882935080735105,0.03325987976520752,0.001,0.000376587016147021,0.000376587016147021,0.0,0.32000000000000006,0.730437887344931
2022-02-01,2022-03-01,policy_C_split,0.5072113300102581,previous_target,previous_executed_holdings,0.5545968928211114,0.2772984464105557,0.015851287679390643,0.001,0.0005545968928211114,0.0005545968928211114,0.0,0.8305989652995591,1.093423707254124
2022-03-01,2022-04-01,policy_C_split,0.48699545130032257,previous_target,previous_executed_holdings,0.5506237653154498,0.2753118826577249,0.007500001765397097,0.001,0.0005506237653154498,0.0005506237653154498,0.0,0.8752831746965913,1.1306548425559906
2022-04-01,2022-05-02,policy_C_split,0.5080587665410549,previous_target,previous_executed_holdings,0.41660104124932734,0.20830052062466367,0.004013946931250068,0.001,0.00041660104124932736,0.00041660104124932736,0.0,0.48,0.8199859321109911
2022-05-02,2022-06-01,policy_C_split,0.5297424743946898,previous_target,previous_executed_holdings,0.35063268682988247,0.17531634341494123,0.0022683717504389496,0.001,0.0003506326868298825,0.0003506326868298825,0.0,0.48,0.6618927191566674
2022-06-01,2022-07-01,policy_C_split,0.5290635279106553,previous_target,previous_executed_holdings,0.2395837646811377,0.11979188234056885,0.0010653517228059683,0.001,0.00023958376468113772,0.00023958376468113772,0.0,0.24,0.4528449837154471
2022-07-01,2022-08-01,policy_C_split,0.5288389171702848,previous_target,previous_executed_holdings,0.11278083214851917,0.05639041607425958,0.0005014999827983381,0.001,0.00011278083214851917,0.00011278083214851917,0.0,0.0,0.21326121903430947
2022-08-01,2022-09-01,policy_C_split,0.49243066567060484,previous_target,previous_executed_holdings,0.04947962380100962,0.02473981190050481,0.00022001992725402368,0.001,4.947962380100962e-05,4.947962380100962e-05,0.0,0.0,0.10048038688579031
2022-09-01,2022-10-03,policy_C_split,0.49843022234306295,previous_target,previous_executed_holdings,0.0964334225259667,0.04821671126298335,0.00011303600516343823,0.001,9.64334225259667e-05,9.64334225259667e-05,0.0,0.15999999999999992,0.19347426821881766
2022-10-03,2022-11-01,policy_C_split,0.4798414093029167,previous_target,previous_executed_holdings,0.04656421615720449,0.023282108078602246,5.4581003557764765e-05,0.001,4.656421615720449e-05,4.656421615720449e-05,0.0,0.0,0.09704084569285099
2022-11-01,2022-12-01,policy_C_split,0.5016832364954855,previous_target,previous_executed_holdings,0.02532327887282674,0.01266163943641337,2.968309333933669e-05,0.001,2.532327887282674e-05,2.532327887282674e-05,0.0,0.0,0.050476629535646494
2022-12-01,2023-01-03,policy_C_split,0.5415502890862816,previous_target,previous_executed_holdings,0.1431536243172835,0.07157681215864176,1.5967019563246352e-05,0.001,0.0001431536243172835,0.0001431536243172835,0.0,0.24,0.2643404079034216
2023-01-03,2023-02-01,policy_C_split,0.5332954206618359,previous_target,previous_executed_holdings,0.06462835673122433,0.032314178365612165,7.2084953583958625e-06,0.001,6.462835673122433e-05,6.462835673122433e-05,0.0,0.0,0.12118678358613799
2023-02-01,2023-03-01,policy_C_split,0.530170609683109,previous_target,previous_executed_holdings,0.07239926442303588,0.03619963221151794,3.3445253960252324e-06,0.001,7.239926442303587e-05,7.239926442303587e-05,0.0,0.08000000000000007,0.1365584268549137
2023-03-01,2023-04-03,policy_C_split,0.5045101048420089,previous_target,previous_executed_holdings,1.4953019483915522e-06,7.476509741957761e-07,1.4953019483915522e-06,0.001,1.4953019483915523e-09,1.4953019483915523e-09,0.0,0.0641561985627025,2.963869175345492e-06
2023-04-03,2023-05-01,policy_C_split,0.48613550992397975,previous_target,previous_executed_holdings,0.2573661405385848,0.1286830702692924,7.139226779573631e-07,0.001,0.0002573661405385848,0.0002573661405385848,0.0,0.5294108769304942,0.5294123454977211
2023-05-01,2023-06-01,policy_C_split,0.49500073964760655,previous_target,previous_executed_holdings,3.73549610152898e-07,1.86774805076449e-07,3.7354961015289794e-07,0.001,3.73549610152898e-10,3.73549610152898e-10,0.0,0.27204545031458677,7.546445494583092e-07
2023-06-01,2023-07-03,policy_C_split,0.4949634832895501,previous_target,previous_executed_holdings,0.8078511642676673,0.40392558213383367,1.8862807859324028e-07,0.001,0.0008078511642676673,0.0008078511642676673,0.0,1.6321425780151984,1.632142959110138
2023-07-03,2023-08-01,policy_C_split,0.47831363640310326,previous_target,previous_executed_holdings,0.6412548076112559,0.32062740380562793,9.205952406324669e-08,0.001,0.0006412548076112558,0.0006412548076112558,0.0,0.879998736165315,1.3406575911852792
2023-08-01,2023-09-01,policy_C_split,0.5031538719264949,previous_target,previous_executed_holdings,0.4291304014768362,0.2145652007384181,4.665265764720262e-09,0.001,0.0004291304014768362,0.0004291304014768362,0.0,0.32000000000000006,0.852881047767287
2023-09-01,2023-10-02,policy_C_split,0.533413702489724,previous_target,previous_executed_holdings,0.3049787610319922,0.1524893805159961,2.4573355712919958e-09,0.001,0.00030497876103199216,0.00030497876103199216,0.0,0.24,0.5717490188356522
2023-10-02,2023-11-01,policy_C_split,0.520028055964445,previous_target,previous_executed_holdings,0.13872801855477115,0.06936400927738558,1.1177870012191925e-09,0.001,0.00013872801855477115,0.00013872801855477115,0.0,0.0,0.2667702578036601
2023-11-01,2023-12-01,policy_C_split,0.5050805308170225,previous_target,previous_executed_holdings,0.43508335912491186,0.21754167956245593,5.210818505797611e-10,0.001,0.0004350833591249119,0.0004350833591249119,0.0,0.8,0.8614138391379239
2023-12-01,2024-01-02,policy_C_split,0.48379411051161414,previous_target,previous_executed_holdings,0.4284410616949553,0.21422053084747766,2.470247305418506e-10,0.001,0.00042844106169495535,0.00042844106169495535,0.0,0.48,0.8855855257143939
2024-01-02,2024-02-01,policy_C_split,0.5023444653057241,previous_target,previous_executed_holdings,0.31940533062364557,0.15970266531182278,1.3240501651065197e-10,0.001,0.0003194053306236456,0.0003194053306236456,0.0,0.24,0.6358293017705634
2024-02-01,2024-03-01,policy_C_split,0.530750824926135,previous_target,previous_executed_holdings,0.2625994203531298,0.1312997101765649,9.602828915924937e-11,0.001,0.00026259942035312977,0.00026259942035312977,0.0,0.24,0.49476968856275616
2024-03-01,2024-04-01,policy_C_split,0.5497416746524988,previous_target,previous_executed_holdings,0.03501310563008574,0.01750655281504287,0.03501310563008574,0.001,3.5013105630085745e-05,3.5013105630085745e-05,0.0,0.29586037421963673,0.06369010617981277
2024-04-01,2024-05-01,policy_C_split,0.5441601079079889,previous_target,previous_executed_holdings,0.13837918017617112,0.06918959008808556,0.015604961043508085,0.001,0.00013837918017617113,0.00013837918017617113,0.0,0.22562164825818862,0.25429864880791564
2024-05-01,2024-06-03,policy_C_split,0.5439368782646208,previous_target,previous_executed_holdings,0.1679654969771394,0.0839827484885697,0.007110408599891643,0.001,0.00016796549697713938,0.00016796549697713938,0.0,0.19287646650142287,0.3087959351331674
2024-06-03,2024-07-01,policy_C_split,0.5169251598279246,previous_target,previous_executed_holdings,0.23821484789737732,0.11910742394868866,0.003081775112142011,0.001,0.00023821484789737733,0.00023821484789737733,0.0,0.32000000000000006,0.460830438156028
2024-07-01,2024-08-01,policy_C_split,0.5053997564646964,previous_target,previous_executed_holdings,0.29026625061298583,0.14513312530649292,0.0014555352246181852,0.001,0.00029026625061298584,0.00029026625061298584,0.0,0.48,0.5743300167839748
2024-08-01,2024-09-03,policy_C_split,0.5054856385458147,previous_target,previous_executed_holdings,0.000720030446899872,0.000360015223449936,0.000720030446899872,0.001,7.20030446899872e-07,7.20030446899872e-07,0.0,0.28263933312681533,0.0014244330441736416
2024-09-03,2024-10-01,policy_C_split,0.5104315859907862,previous_target,previous_executed_holdings,0.322945369962742,0.161472684981371,0.000359549327185435,0.001,0.00032294536996274197,0.00032294536996274197,0.0,0.6319864002962827,0.6326908028935565
2024-10-01,2024-11-01,policy_C_split,0.4973109276102045,previous_target,previous_executed_holdings,0.3666771782046895,0.18333858910234474,0.00017149929211836466,0.001,0.0003666771782046895,0.0003666771782046895,0.0,0.5152630469129622,0.7373197688752446
2024-11-01,2024-12-02,policy_C_split,0.5019203226141565,previous_target,previous_executed_holdings,8.700987696076939e-05,4.3504938480384695e-05,8.700987696076939e-05,0.001,8.700987696076939e-08,8.700987696076939e-08,0.0,0.3704692367077039,0.00017335396285130477
2024-12-02,2025-01-02,policy_C_split,0.5252925684700266,previous_target,previous_executed_holdings,0.3461822415810142,0.1730911207905071,4.535590664963591e-05,0.001,0.0003461822415810142,0.0003461822415810142,0.0,0.6589411433756373,0.6590274874615278
2025-01-02,2025-02-03,policy_C_split,0.530616458438267,previous_target,previous_executed_holdings,0.3720268408556363,0.18601342042781815,2.1749002506638964e-05,0.001,0.00037202684085563633,0.00037202684085563633,0.0,0.3882766943446381,0.7011219402251516
2025-02-03,2025-03-03,policy_C_split,0.5160174314785614,previous_target,previous_executed_holdings,0.36164826970370434,0.18082413485185217,9.927750562175194e-06,0.001,0.00036164826970370436,0.00036164826970370436,0.0,0.5601750330077853,0.700845063833332
2025-03-03,2025-04-01,policy_C_split,0.5238311349791923,previous_target,previous_executed_holdings,0.6657601370161897,0.3328800685080949,0.06566099694701191,0.001,0.0006657601370161898,0.0006657601370161898,0.0,1.1998249669922147,1.2709441889944841
2025-04-01,2025-05-01,policy_C_split,0.49776075827022237,previous_target,previous_executed_holdings,0.480193947347174,0.240096973673587,0.029709669102813984,0.001,0.00048019394734717403,0.00048019394734717403,0.0,0.48,0.964708324971026
2025-05-01,2025-06-02,policy_C_split,0.49944163687340976,previous_target,previous_executed_holdings,0.5490428155847492,0.2745214077923746,0.01497193636022028,0.001,0.0005490428155847492,0.0005490428155847492,0.0,0.7201750330077852,1.0993132631509286
2025-06-02,2025-07-01,policy_C_split,0.5053910568263438,previous_target,previous_executed_holdings,0.37962747197335545,0.18981373598667772,0.007583610061340932,0.001,0.0003796274719733555,0.0003796274719733555,0.0,0.32000000000000006,0.7511558957082978
2025-07-01,2025-08-01,policy_C_split,0.5211450737629363,previous_target,previous_executed_holdings,0.0038678448328845535,0.0019339224164422767,0.0038678448328845535,0.001,3.867844832884554e-06,3.867844832884554e-06,0.0,0.36410660392389294,0.007421819811049386
2025-08-01,2025-09-02,policy_C_split,0.5306702835229665,previous_target,previous_executed_holdings,0.14888077692374918,0.07444038846187459,0.0018859889092962601,0.001,0.00014888077692374918,0.00014888077692374918,0.0,0.2769983407372974,0.28055231571546224
2025-09-02,2025-10-01,policy_C_split,0.5191591554161535,previous_target,previous_executed_holdings,0.317373740119942,0.158686870059971,0.0008659506967459808,0.001,0.00031737374011994203,0.00031737374011994203,0.0,0.47965109090464264,0.6113226296963556
2025-10-01,2025-11-03,policy_C_split,0.5195192903113557,previous_target,previous_executed_holdings,0.26587853860802346,0.13293926930401173,0.0004166733056336956,0.001,0.00026587853860802346,0.00026587853860802346,0.0,0.21782910128255611,0.5117779908589698
2025-11-03,2025-12-01,policy_C_split,0.5423156407635134,previous_target,previous_executed_holdings,0.3558936457737747,0.17794682288688735,0.00020898835442808024,0.001,0.0003558936457737747,0.0003558936457737747,0.0,0.48,0.6562481680829274
