,overlay_fraction,backward_vol_timer,forward_cvar_timer,conviction_timer,portfolio_kelly,portfolio_risk_reward,portfolio_garch_vol,portfolio_realized_vol,portfolio_vol_regime,forward_model_cvar,historical_cvar_target,composite_quality,selected_count,forward_model_cvar_raw,portfolio_scenario_mean,historical_cvar_target_raw,forward_cdar_timer,forward_risk_timer,forward_model_cdar,forward_model_cdar_raw,historical_cdar_target,historical_cdar_target_raw,asset_mean_efficiency_ratio,asset_median_efficiency_ratio,asset_dispersion_efficiency_ratio,asset_mean_atr_vol_regime,asset_median_atr_vol_regime,asset_dispersion_atr_vol_regime,asset_mean_liquidity_score,asset_median_liquidity_score,asset_dispersion_liquidity_score,asset_mean_breakout_strength,asset_median_breakout_strength,asset_dispersion_breakout_strength,asset_mean_normalized_spike,asset_median_normalized_spike,asset_dispersion_normalized_spike,asset_mean_pullback_ratio,asset_median_pullback_ratio,asset_dispersion_pullback_ratio,asset_mean_net_move,asset_median_net_move,asset_dispersion_net_move,asset_mean_garch_vol_forecast,asset_median_garch_vol_forecast,asset_dispersion_garch_vol_forecast,asset_mean_risk_reward_ratio,asset_median_risk_reward_ratio,asset_dispersion_risk_reward_ratio,asset_mean_kelly_fraction,asset_median_kelly_fraction,asset_dispersion_kelly_fraction,asset_mean_signal_quality,asset_median_signal_quality,asset_dispersion_signal_quality,cvar_model,cvar_model_centered,cvar_model_raw,cdar_model,cdar_model_centered,cdar_model_raw,forecast_portfolio_scenario_mean,vol_model,target_risky_exposure,forecast_backward_vol_timer,forecast_forward_cvar_timer,forecast_forward_cdar_timer,forecast_forward_risk_timer,forecast_conviction_timer,forecast_overlay_fraction,robust_selection_score,selected_alpha
overlay_fraction,1.0,1.2904995586928312,0.284546678164179,0.23363658340597027,0.06206231698052167,0.3857210797949151,1.068971621159299,1.277134098590312,0.35847488743376,0.38407591758569026,0.3432990578559132,0.38758004796386536,0.13483914387904294,0.5186128854395884,0.30626925458435816,0.4683802738667233,0.2669556700832415,0.284546678164179,0.32572560995559385,0.48284678053859653,0.35309415566051405,0.3569496966132666,0.0763436335837484,0.0,0.02814592049549436,0.11599682506348041,0.13373969825252408,0.05408020525509727,0.1911014371692057,0.16201096775760448,0.17534265548437278,0.110810414870123,0.09771087593866401,0.0367666663623496,0.0807531310011742,0.03876934680715416,0.11082534010037959,0.12869813492843418,0.10227784929250472,0.010813790413500612,0.06323786366512074,0.046869471676474816,0.016881739194187784,0.5223905401079056,0.3837104701886931,0.36390433506946795,0.0,0.20757957881547595,0.0,0.17081624001998463,0.010453726637088767,0.10394989485912998,0.07535629363426621,0.0,0.0,0.20328015997951554,0.20328015997951554,0.3904198849258811,0.26338770256678323,0.26338770256678323,0.34709544904580447,0.10622026817111085,0.18109961419598308,0.38307252483410315,0.35808785638147045,0.1903222706972847,0.3506212917014978,0.1903222706972847,0.04861817365163701,0.38307252483410315,0.11141502229524836,0.0
backward_vol_timer,1.2904995586928312,1.0,0.13028304789043044,0.11517476026818163,0.0,0.29696660345766834,1.4302116022574172,2.1053751708532573,0.38336038575796794,0.23276001222766252,0.4287089002951183,0.21267272937846204,0.10125931560123358,0.32390649261329685,0.04579441253183014,0.40802175422783704,0.0948541024707159,0.13028304789043044,0.3339833943324768,0.3480135924269372,0.3057791301491588,0.37048325849614505,0.06969925308662916,0.0,0.0831913560361659,0.2020840216312625,0.2509981376419752,0.10430626056101344,0.13362362415937734,0.21136789277397705,0.228801356345111,0.11885367277758285,0.0954353081262389,0.07185810468416065,0.08253478358923116,0.0914287821586166,0.10847352218425521,0.11467307505421354,0.10149851440813373,0.08431368294303798,0.15077957503112072,0.151647747402899,0.10339728247802049,0.5104474730446127,0.43420594154028835,0.5390307178195688,0.0024812423768219016,0.11039857873456671,0.0,0.11584571879180183,0.0,0.07645726187349178,0.03705841109550323,0.03250825606266261,0.03487158002873603,0.23163534464657087,0.23163534464657087,0.33835917363175816,0.3528216282308536,0.3528216282308536,0.2247484937761164,0.15659675340669832,0.24354112385093796,0.20163016385718469,0.4088894378952681,0.07302428128935401,0.18187272600121163,0.07302428128935401,0.02401444371304262,0.20163016385718469,0.03423022310316437,0.0
forward_cvar_timer,0.284546678164179,0.13028304789043044,1.0,0.05998909456641832,0.06525340552738834,0.33021684536062645,0.2063870056273458,0.12314208086297462,0.029726833793755514,0.39684021514088474,0.45841387506953835,0.12659459016369734,0.275978363354471,0.44870715245892057,0.2936886596311181,0.4172536104897726,0.6993916466239083,2.063944272725183,0.3799123064364318,0.4586276946307133,0.41469737469172663,0.46389568397350667,0.0,0.020611503561774658,0.0,0.12550976454384122,0.1261664861532541,0.0614619679836903,0.2602871539108993,0.37355184535135866,0.09417980127322312,0.07975306215512257,0.030554761058249502,0.0,0.10019299331057474,0.07876749365023072,0.009620248238796147,0.08388797582670615,0.011494445883928783,0.0,0.0,0.0,0.041145178933409854,0.09677939597328078,0.07174881136918443,0.03471230036333095,0.052766752626439706,0.12252718596774392,0.05666599023890462,0.05574661024003391,0.07610536629721609,0.009718893930410033,0.050919384702846626,0.0,0.01355943443838381,0.3919985958638632,0.3919985958638632,0.3178242856589506,0.22560505355505533,0.22560505355505533,0.38772786042710905,0.20145424796624112,0.362424600524448,0.2587357415156242,0.12667676906287895,0.646151592337219,0.6440270661304814,0.646151592337219,0.017239006564248927,0.2587357415156242,0.16250290267510614,0.06327672520894945
conviction_timer,0.23363658340597027,0.11517476026818163,0.05998909456641832,1.0,0.1886523162391991,0.2119850434868733,0.07120581759617461,0.12365455360940791,0.049975213833960086,0.06206016838033801,0.0008900103154918515,0.9523241383737854,0.05034744415422243,0.19571694726555922,0.2682380941685806,0.047553104675568836,0.07404431637161046,0.05998909456641832,0.05037697187955048,0.14910412316523025,0.081287036397383,0.0582527804151971,0.0,0.0,0.0,0.08345064028468097,0.04287210350000059,0.0002345809980084379,0.04075492848676321,0.1356609172637604,0.048682379714076296,0.0,0.0,0.045064316301149154,0.0,0.0,0.036437478795388833,0.0,0.0,0.04008245777213992,0.0,0.0,0.018183420629306446,0.036585509068563615,0.07648969474349221,0.06811027517653534,0.0,0.05203657033576958,0.0037365193830649623,0.06181063499522321,0.01758660073953555,0.008655006453803238,0.004310037682049961,0.0,0.06472752242075708,0.0,0.0,0.14114338853805342,0.15068014309790845,0.15068014309790845,0.0847724047861822,0.31416822435130076,0.0693457379381257,0.18079898336931965,0.04588610083759592,0.11445009704135267,0.06451479373937197,0.11445009704135267,0.12355664270259692,0.18079898336931965,0.0021410887885817687,0.013184350044363136
portfolio_kelly,0.06206231698052167,0.0,0.06525340552738834,0.1886523162391991,1.0,0.22086207854100798,0.020096951216753145,0.0,0.0,0.06280426829126418,0.03813194506818096,0.008906511350642021,0.020641212950083032,0.1179148050345109,0.20636280570466203,0.03826268271833333,0.09134977697577318,0.06525340552738834,0.0563158288131268,0.09388153035324842,0.026604432151493107,0.0035327810693034367,0.0023733341612258707,0.011728676216639755,0.0032172409620505604,0.0,0.0020809289552947696,0.010731296098414389,0.08846705265835952,0.19708121021192948,0.05173655468491134,0.029211680956876096,0.0,0.0,0.01764787011428215,0.023748889248770277,0.004880132805625159,0.01511808573230522,0.0,0.0,0.0,0.0,0.0,0.008030841094413765,0.007763944479366902,0.0,0.0,0.014849926574653338,0.03641288014379751,0.0,0.17360799446180142,0.0,0.006891723234204616,0.0,0.006372188077697127,0.056045417242768236,0.056045417242768236,0.09676357315654527,0.0820948981286681,0.0820948981286681,0.05937826183599593,0.09898955669564014,0.06387173616683273,0.10999276759021637,0.01890465276640718,0.04291014444877905,0.05523989268627583,0.04291014444877905,0.0795311907030728,0.10999276759021637,0.0,0.07028534664370034
portfolio_risk_reward,0.3857210797949151,0.29696660345766834,0.33021684536062645,0.2119850434868733,0.22086207854100798,1.0,0.3176710320556335,0.21946761220940258,0.0,0.5219431769935072,0.49281624779745803,0.082651069837258,0.39152876191013486,1.2582498296955515,0.8548921753778149,0.5564032834756032,0.27581244907148394,0.33021684536062645,0.6485764285397222,0.9577023329135499,0.6162739594740696,0.7157407882639903,0.0,0.0,0.0,0.0,0.05522151814815235,0.0030733855655400433,0.31987429919549504,0.5328910489180396,0.3146887358937591,0.0,0.0,0.0,0.023144144101270303,0.0,0.0,0.0,0.0,0.0,0.0,0.035306213277459086,0.05797033604735846,0.12950854289740255,0.18389514068597457,0.01345803294210901,0.0,0.2345241566711862,0.0,0.09720731214820733,0.015720907903546966,0.13588052091212566,0.0,0.0,0.0,0.4907257394989295,0.4907257394989295,0.769990104885924,0.63973149957899,0.63973149957899,0.7479368260556138,0.32728962850990273,0.4592229375454431,0.33491842776641834,0.22440703677258145,0.40582971754935615,0.36151187169962884,0.40582971754935615,0.22339748114732916,0.33491842776641834,0.05753970208907555,0.13560453555465535
portfolio_garch_vol,1.068971621159299,1.4302116022574172,0.2063870056273458,0.07120581759617461,0.020096951216753145,0.3176710320556335,1.0,1.3844665601387884,0.3809527584921173,0.34788069294648016,0.2797157843652305,0.24127525288286966,0.1584010720188147,0.3372730858856352,0.038107540589287225,0.36908619081470206,0.12020822859028091,0.2063870056273458,0.3008070267622025,0.2304570301635942,0.2133930919314624,0.3468431019791238,0.1457522244853826,0.031098249621627883,0.14735197467641425,0.2507032708722132,0.2120487460236582,0.07333426568362889,0.1824097023308573,0.34623652819917927,0.25414715264998533,0.015259988672433611,0.06022674218171131,0.001602084882498911,0.0,0.0011771298418605802,0.06420891576809362,0.019558581361592164,0.08104899297405765,0.05305360509755053,0.06575291555409946,0.07411253906965554,0.1892715039229369,0.6684680361376065,0.6006409283522958,0.721535693571131,0.0,0.11020436314182458,0.0,0.17104833803210484,0.004815405871811507,0.21579813600250342,0.06298218832847313,0.022196506381015002,0.12904102924147587,0.28211865892048316,0.28211865892048316,0.3030790502595959,0.30589834044017383,0.30589834044017383,0.27562535318264914,0.017826296973199707,0.27147947453856913,0.4002893655602393,0.4409360231716213,0.15556479900549958,0.13958856724028845,0.15556479900549958,0.0784400090719084,0.4002893655602393,0.018370058546976598,0.04845065553296268
portfolio_realized_vol,1.277134098590312,2.1053751708532573,0.12314208086297462,0.12365455360940791,0.0,0.21946761220940258,1.3844665601387884,1.0,0.44323515464158403,0.2966053618348621,0.3411305687229107,0.28330581494869556,0.08834425703219273,0.34057120599060253,0.05693254905713685,0.35432485821600235,0.08381022481591882,0.12314208086297462,0.35754978560668604,0.3395902887850397,0.24125789952606214,0.22087037587071068,0.06464010468810732,0.0,0.0,0.31867218589285384,0.35513842569367693,0.08851711840236254,0.24699051802807004,0.2767273636178271,0.22592358141944313,0.0869354168993759,0.09808098322869441,0.04883581509758406,0.0,0.01042120201429908,0.0948981061567844,0.07548310113493306,0.1249620025292999,0.08967408173271663,0.07008393489715603,0.12924087789415628,0.18549058560594966,0.5156581582023207,0.5309198739120391,0.5591909392043273,0.0,0.1495835828571166,0.0,0.14429075619026,0.0,0.14716274210811164,0.040561375664216026,0.0,0.021282541818132383,0.2978760248220187,0.2978760248220187,0.42347921109600284,0.3432923330845954,0.3432923330845954,0.2636299543796947,0.11906377069874985,0.2822078011653635,0.2689987304407113,0.46608684230730235,0.08054413657606174,0.14317877185344485,0.08054413657606174,0.05446447718007952,0.2689987304407113,0.0,0.05315807857078947
portfolio_vol_regime,0.35847488743376,0.38336038575796794,0.029726833793755514,0.049975213833960086,0.0,0.0,0.3809527584921173,0.44323515464158403,1.0,0.20652102987469645,0.17478841554717306,0.1092170114906752,0.07509526242789843,0.014882201912394866,0.13540668009164003,0.2147336794035999,0.10279821336263673,0.029726833793755514,0.18808593867692158,0.10514153041086516,0.20499421997166944,0.21090708112484924,0.12441948613199161,0.18474994070634265,0.06552738255870505,0.697910646500965,0.7904668066254317,0.10201690785493112,0.10425742573563124,0.18971902943110064,0.01714133243482452,0.033372989466025516,0.16226638138128502,0.0,0.026843851463713708,0.06378336665477935,0.0,0.05664422865032881,0.14788283564244287,0.0,0.10955272626856472,0.0963125062637542,0.10853412188116751,0.07401123917337848,0.1312337039292495,0.07158121690106833,0.004023026911872729,0.07538101127390906,0.0,0.07635282102419705,0.027636724368554244,0.10572749038351947,0.03552454939274341,0.12136369995503848,0.0510751487607326,0.08810002181935328,0.08810002181935328,0.09777945401726518,0.10212431139903222,0.10212431139903222,0.09497591864799215,0.10921805508717508,0.07822403362668329,0.006864297703357947,0.15155339029880377,0.05085986015866695,0.05264796385358983,0.05085986015866695,0.0,0.006864297703357947,0.0,0.017455639287464075
forward_model_cvar,0.38407591758569026,0.23276001222766252,0.39684021514088474,0.06206016838033801,0.06280426829126418,0.5219431769935072,0.34788069294648016,0.2966053618348621,0.20652102987469645,1.0,0.7342583058583276,0.0,0.41278369292924566,0.9739050710509489,0.38184259766176387,0.6522687072419875,0.3560301759590351,0.39684021514088474,1.7696791374827385,1.0622887625986213,0.810056598956503,0.7872964532576123,0.005597665681241537,0.028470395592412157,0.16820816103332525,0.06858071745760119,0.14041999670698146,0.08838322366962226,0.7443074603821209,0.8599338471440068,0.5564185259467154,0.0,0.0,0.03142451595216933,0.1055929838515488,0.10165169470539359,0.0,0.0,0.0,0.044455848205106285,0.0,0.0,0.09671635908571297,0.15659018559786864,0.16711042562580358,0.3083853249287456,0.04455623487766236,0.30537102946437145,0.06163584736731098,0.2038924536923008,0.019268907481683972,0.21098850436208538,0.0,0.0,0.039818730236251376,0.9974634554271282,0.9974634554271282,0.9505645164787082,1.1150288119476617,1.1150288119476617,0.9140379672481749,0.3340402697067084,1.0772747049051024,0.2767032579614439,0.2880693816596642,0.34638078586410037,0.34152622081978534,0.34638078586410037,0.07116451434404014,0.2767032579614439,0.17349220805512777,0.07956294071396142
historical_cvar_target,0.3432990578559132,0.4287089002951183,0.45841387506953835,0.0008900103154918515,0.03813194506818096,0.49281624779745803,0.2797157843652305,0.3411305687229107,0.17478841554717306,0.7342583058583276,1.0,0.031698880741362956,0.7712308512551405,0.882919806524975,0.39998465882421774,1.8788909894332633,0.28927767128846105,0.45841387506953835,0.9053583497756379,0.8405165391651859,1.8444831479720056,1.7509627258339004,0.05712636866090559,0.08474324896349072,0.05133242942039251,0.10485798486983011,0.0741114549406845,0.21031783951910965,0.8443814842707669,0.8645163832747305,0.6143730650044454,0.0,0.0,0.028953488756531698,0.0391357197510791,0.0,0.0,0.0,0.0,0.002287496933973898,0.03758434056761173,0.0,0.04326044701551712,0.16870681529275666,0.11708936565220096,0.2152488471288092,0.016354567306620216,0.3978847050788805,0.0,0.26042281832859926,0.0,0.24634178985322253,0.12129656943189726,0.012560438719132705,0.032831574427733656,0.6123542278009224,0.6123542278009224,0.7827372551975542,0.7909004435538893,0.7909004435538893,0.8310166224148205,0.3340372429626237,0.793952192680039,0.2845189816252376,0.31369136028912603,0.4487323828936691,0.3934276869697789,0.4487323828936691,0.020697958792745053,0.2845189816252376,0.4119472557836166,0.075033047441036
composite_quality,0.38758004796386536,0.21267272937846204,0.12659459016369734,0.9523241383737854,0.008906511350642021,0.082651069837258,0.24127525288286966,0.28330581494869556,0.1092170114906752,0.0,0.031698880741362956,1.0,0.07972202685494612,0.09359342832716022,0.0,0.04734079385139034,0.17414973885992047,0.12659459016369734,0.0,0.0901050887733228,0.03609890861628218,0.04151045384523089,0.0,0.004172861008875373,0.008611392811963103,0.0330094288934375,0.04871269751432061,0.0,0.03352493842173754,0.05699815842039513,0.03892226460288606,0.0,0.0,0.0787613900618922,0.0,0.0,0.0,0.008588623025528097,0.0,0.07110384189367736,0.03762453935393939,0.04067711684189046,0.07351357466020492,0.08879702338867146,0.09127315371538369,0.09602169771660884,0.00011740071924171147,0.0,0.0,0.0,0.004849169388522756,0.08828463304613887,0.0,0.0,0.06817883280425407,0.0009823284174874658,0.0009823284174874658,0.0,0.042399971815645365,0.042399971815645365,0.0,0.09922387321616633,0.03569471795324475,0.18037770485554727,0.12694319052105474,0.1655736453492791,0.17357518064336697,0.1655736453492791,0.06472662939267548,0.18037770485554727,0.0,0.0008105323221152538
selected_count,0.13483914387904294,0.10125931560123358,0.275978363354471,0.05034744415422243,0.020641212950083032,0.39152876191013486,0.1584010720188147,0.08834425703219273,0.07509526242789843,0.41278369292924566,0.7712308512551405,0.07972202685494612,1.0,0.573642846435482,0.21463624419451044,0.6638587122141957,0.19714906002013177,0.275978363354471,0.4844238288230318,0.4633435451056095,0.7718290879735918,0.72763858178534,0.02660531015182155,0.046755450180666736,0.03830282120018169,0.0068224970332233514,0.05228906245232401,0.026838836005715794,0.5123359570140555,0.5725112438088432,0.18141039701180028,0.0011493578224066603,0.015614470507852918,0.0,0.0,0.030292818863639437,0.0070927720675694195,0.006585627383585924,0.01827821010710251,0.0,0.0,0.0,0.0053811820631048946,0.11431659457073684,0.10078727160920042,0.0,0.08213466205568865,0.1967261912830588,0.0356890198597426,0.11371912705807763,0.039570821862676686,0.0534216967581993,0.0665985737151068,0.0,0.0,0.42534744179522255,0.42534744179522255,0.4009338387054082,0.5058622455993558,0.5058622455993558,0.5232981045047913,0.18445150763883955,0.45274413056152396,0.06625839348141205,0.062169296819398756,0.25408041298334405,0.24980902730980215,0.25408041298334405,0.015348778577458644,0.06625839348141205,0.16897604861209436,0.02626677197588112
forward_model_cvar_raw,0.5186128854395884,0.32390649261329685,0.44870715245892057,0.19571694726555922,0.1179148050345109,1.2582498296955515,0.3372730858856352,0.34057120599060253,0.014882201912394866,0.9739050710509489,0.882919806524975,0.09359342832716022,0.573642846435482,1.0,0.9305473697162281,0.8285291918370045,0.29527727246544033,0.44870715245892057,0.974461585054121,1.8406164510778353,1.0863993945841428,0.9979775293752264,0.0,0.09553318495716834,0.011037103746843968,0.05614004006709372,0.0593167554124161,0.11257558435074788,0.6356573242138577,0.6570869931544004,0.43486926711476215,0.0,0.0,0.0,0.0,0.050333710269181875,0.017927341241948724,0.0,0.0,0.0,0.0,0.028747386189884594,0.0,0.1981644281037256,0.20514123514683336,0.1875628357566188,0.04259022998301398,0.2858983989807884,0.031098024886276332,0.21523655975735956,0.008978244865669227,0.2064165195670986,0.021116197080054633,0.0,0.0,0.7989518202511148,0.7989518202511148,1.1810205308200636,0.8932378936642502,0.8932378936642502,1.0235831822435442,0.545277972970152,0.869242717247924,0.6244072901430728,0.3971030393183137,0.4726872771719668,0.366967160824213,0.4726872771719668,0.1856176533683509,0.6244072901430728,0.21864666402764366,0.08479807244912874
portfolio_scenario_mean,0.30626925458435816,0.04579441253183014,0.2936886596311181,0.2682380941685806,0.20636280570466203,0.8548921753778149,0.038107540589287225,0.05693254905713685,0.13540668009164003,0.38184259766176387,0.39998465882421774,0.0,0.21463624419451044,0.9305473697162281,1.0,0.38179914407070936,0.11029856099832447,0.2936886596311181,0.4188499590248731,0.7329028024218531,0.4333027770735569,0.4000003762584512,0.04530486763616981,0.0,0.0037983883898227155,0.0,0.0,0.0,0.22337102559734034,0.33021146460864625,0.07636373382810058,0.0,0.0,0.0,0.0,0.004191877592488957,0.0,0.0,0.0039891733284900255,0.0,0.0,0.0,0.07868463711637519,0.16555974674876905,0.09249146834869748,0.07748425522339852,0.0,0.14146894759073536,0.0,0.12662188921358464,0.03429873751594115,0.18736377961154815,0.0,0.0,0.0,0.3704826043623619,0.3704826043623619,0.5598530997095468,0.38132350654924796,0.38132350654924796,0.501735050924824,0.5794916901746565,0.4037234885422589,0.33686104176924525,0.10718459559145721,0.31353342735246437,0.27968687471160847,0.31353342735246437,0.26390254313268613,0.33686104176924525,0.1601581279501505,0.0
historical_cvar_target_raw,0.4683802738667233,0.40802175422783704,0.4172536104897726,0.047553104675568836,0.03826268271833333,0.5564032834756032,0.36908619081470206,0.35432485821600235,0.2147336794035999,0.6522687072419875,1.8788909894332633,0.04734079385139034,0.6638587122141957,0.8285291918370045,0.38179914407070936,1.0,0.36602897213120744,0.4172536104897726,0.81912895356542,0.7631846163360416,1.6544517467086104,1.9414575260666442,0.019514609478301193,0.07512018282477251,0.04672764424263742,0.08032745536715802,0.06964214904434085,0.18577411681024958,0.8968664379838867,0.9538352878296685,0.5934625196606969,0.0,0.0,0.07327209882326646,0.0,0.01383450836730904,0.0,0.0,0.0,0.05026283984571567,0.0007893548661517258,0.038583968392222445,0.010777768860947834,0.09673601375239604,0.047521780259996316,0.2897721213005322,0.11462408574121907,0.3275864738103653,0.12399367133921402,0.23943621311364982,0.002280860666980078,0.20621293751709846,0.01956631197261638,0.0030083752494802773,0.004359799905559791,0.5504909807176845,0.5504909807176845,0.8050115436599179,0.7465718789783913,0.7465718789783913,0.7814688656137954,0.37280188263119163,0.7360420780803387,0.3641485974385503,0.3317805557250477,0.35784154201489726,0.39014698358266664,0.35784154201489726,0.01918707139835285,0.3641485974385503,0.3517755402093934,0.05580200158249804
forward_cdar_timer,0.2669556700832415,0.0948541024707159,0.6993916466239083,0.07404431637161046,0.09134977697577318,0.27581244907148394,0.12020822859028091,0.08381022481591882,0.10279821336263673,0.3560301759590351,0.28927767128846105,0.17414973885992047,0.19714906002013177,0.29527727246544033,0.11029856099832447,0.36602897213120744,1.0,0.6993916466239083,0.3526042244949381,0.36238349257913116,0.4668070057125645,0.48418331966468875,0.0027167548284937615,0.0,0.0,0.03090394580643141,0.10550026296499404,0.03943358616871895,0.21066183258094862,0.3537437553835847,0.08433731411006318,0.012733453111688608,0.004497567452617757,0.0,0.0,0.03946805802675646,0.0521194175370816,0.018435864018484294,0.0031873415482199796,0.0,0.009720301116326047,0.04639040784813342,0.03195455241541567,0.0809356428860073,0.07699870800673236,0.08682205302611301,0.0,0.07026395424357401,0.013998161252515517,0.03510536207736492,0.08655157623406917,0.04004559136136254,0.08807189220852885,0.0,0.020551098740962948,0.3648708277021607,0.3648708277021607,0.3922901019836128,0.3063141075398357,0.3063141075398357,0.325302830309252,0.16461417860056837,0.3236300860808111,0.2193769083727214,0.09168025204908092,0.33705726270684977,0.564899157293673,0.33705726270684977,0.06377119923835783,0.2193769083727214,0.01626748015999313,0.12624059254009212
forward_risk_timer,0.284546678164179,0.13028304789043044,2.063944272725183,0.05998909456641832,0.06525340552738834,0.33021684536062645,0.2063870056273458,0.12314208086297462,0.029726833793755514,0.39684021514088474,0.45841387506953835,0.12659459016369734,0.275978363354471,0.44870715245892057,0.2936886596311181,0.4172536104897726,0.6993916466239083,1.0,0.3799123064364318,0.4586276946307133,0.41469737469172663,0.46389568397350667,0.0,0.020611503561774658,0.0,0.12550976454384122,0.1261664861532541,0.0614619679836903,0.2602871539108993,0.37355184535135866,0.09417980127322312,0.07975306215512257,0.030554761058249502,0.0,0.10019299331057474,0.07876749365023072,0.009620248238796147,0.08388797582670615,0.011494445883928783,0.0,0.0,0.0,0.041145178933409854,0.09677939597328078,0.07174881136918443,0.03471230036333095,0.052766752626439706,0.12252718596774392,0.05666599023890462,0.05574661024003391,0.07610536629721609,0.009718893930410033,0.050919384702846626,0.0,0.01355943443838381,0.3919985958638632,0.3919985958638632,0.3178242856589506,0.22560505355505533,0.22560505355505533,0.38772786042710905,0.20145424796624112,0.362424600524448,0.2587357415156242,0.12667676906287895,0.646151592337219,0.6440270661304814,0.646151592337219,0.017239006564248927,0.2587357415156242,0.16250290267510614,0.06327672520894945
forward_model_cdar,0.32572560995559385,0.3339833943324768,0.3799123064364318,0.05037697187955048,0.0563158288131268,0.6485764285397222,0.3008070267622025,0.35754978560668604,0.18808593867692158,1.7696791374827385,0.9053583497756379,0.0,0.4844238288230318,0.974461585054121,0.4188499590248731,0.81912895356542,0.3526042244949381,0.3799123064364318,1.0,1.1407787263161615,0.894642500551746,0.9450653573793906,0.005580376111260055,0.0,0.21039980764710986,0.08220279137861608,0.07680281638405306,0.1296690451775615,0.7580809840792311,0.9983677173807244,0.4994229075269012,0.03285467843556855,0.0,0.09609214959848611,0.0,0.0,0.0,0.028182659456446935,0.0,0.05950795795499442,0.0,0.06342982826239307,0.030373313800764024,0.1334174374261421,0.13647241200617533,0.299442072269116,0.07877164846463103,0.27272334772923923,0.09536581300654301,0.16964623589087413,0.0010634751138117737,0.24697990783913903,0.0,0.0,0.0,1.091088673325412,1.091088673325412,0.8713621571621134,1.1456078812891417,1.1456078812891417,0.9119176232250625,0.38046467869747813,1.2975309847989567,0.3742720999349358,0.3515679763805495,0.3938575964210209,0.32012878289432345,0.3938575964210209,0.0,0.3742720999349358,0.1362345259929909,0.09318740472194498
forward_model_cdar_raw,0.48284678053859653,0.3480135924269372,0.4586276946307133,0.14910412316523025,0.09388153035324842,0.9577023329135499,0.2304570301635942,0.3395902887850397,0.10514153041086516,1.0622887625986213,0.8405165391651859,0.0901050887733228,0.4633435451056095,1.8406164510778353,0.7329028024218531,0.7631846163360416,0.36238349257913116,0.4586276946307133,1.1407787263161615,1.0,0.885005112909798,0.8871691516163114,0.01375453596735099,0.03518974193545077,0.0,0.0755972543712824,0.12471292820348578,0.04314806828703954,0.5964580007297244,0.7697756205139417,0.5709745737914034,0.0,0.03151269224320341,0.017954813122421864,0.05808546200120279,0.1832422744059592,0.013432609026081455,0.0,0.019731544328269734,0.007153809690174651,0.0,0.03294358839927769,0.0856137878362837,0.17285509356165063,0.10186707665701178,0.14725111929069312,0.045433494538770325,0.38722607414380006,0.048884160304666135,0.2322216920176401,0.026765836943115406,0.29376640744156113,0.0,0.0,0.0,0.9421429954363396,0.9421429954363396,1.1463760956485523,0.9350340312528034,0.9350340312528034,1.116921084802597,0.44919739949116666,0.9358922051833725,0.4939425124647754,0.33585014594753426,0.49193419149372564,0.3980674569803917,0.49193419149372564,0.13383881258917507,0.4939425124647754,0.22331533781042578,0.12924270773661517
historical_cdar_target,0.35309415566051405,0.3057791301491588,0.41469737469172663,0.081287036397383,0.026604432151493107,0.6162739594740696,0.2133930919314624,0.24125789952606214,0.20499421997166944,0.810056598956503,1.8444831479720056,0.03609890861628218,0.7718290879735918,1.0863993945841428,0.4333027770735569,1.6544517467086104,0.4668070057125645,0.41469737469172663,0.894642500551746,0.885005112909798,1.0,2.1465311027471774,0.07985937597039294,0.14631909983048397,0.02164827115217971,0.11565218227443763,0.13115537944248734,0.25954555241577015,0.9191837870070577,1.0153326563237641,0.6030194552098757,0.0,0.0,0.0,0.008480123509712278,0.0,0.0,0.0,0.0,0.0,0.0,0.02153908369922064,0.028394278283171204,0.18380290698623059,0.09003356664719231,0.25304107723374214,0.007633138741877765,0.32127478273042875,0.0,0.2018732913101826,0.0,0.24546337205086655,0.07733749252324529,0.05173447922266261,0.0,0.7442209855327357,0.7442209855327357,0.9477089859854884,0.8421613927236287,0.8421613927236287,0.8278367892373453,0.4459830000105751,0.8278137413575464,0.373465762852383,0.349837220432363,0.39652837521018136,0.38544332638600665,0.39652837521018136,0.02292484336873646,0.373465762852383,0.47306977596523136,0.0437267032840174
historical_cdar_target_raw,0.3569496966132666,0.37048325849614505,0.46389568397350667,0.0582527804151971,0.0035327810693034367,0.7157407882639903,0.3468431019791238,0.22087037587071068,0.21090708112484924,0.7872964532576123,1.7509627258339004,0.04151045384523089,0.72763858178534,0.9979775293752264,0.4000003762584512,1.9414575260666442,0.48418331966468875,0.46389568397350667,0.9450653573793906,0.8871691516163114,2.1465311027471774,1.0,0.12796086579318855,0.17861123003648083,0.03921692681580846,0.10038152194600736,0.14148696680279493,0.26904516854726657,0.9686099342087308,0.9965144810112121,0.5419715372320544,0.0,0.0,0.005042037042921388,0.0,0.0,0.03558572642271107,0.0,0.0,0.0,0.0,0.030283602682198874,0.0,0.14552099631124515,0.04770883041776597,0.21988636378491222,0.042391541152106416,0.35263358300638625,0.026900922196477772,0.20813430100996522,0.0,0.2121703819827021,0.07213377582012859,0.027877969370757594,0.0,0.6499512293538188,0.6499512293538188,0.8959322242097782,0.8922663612815411,0.8922663612815411,0.8316820283652675,0.42239051525093885,0.9003246168066816,0.3315054242344575,0.31782791066986293,0.40755711779677606,0.34859394433818036,0.40755711779677606,0.019524455845932653,0.3315054242344575,0.3839118687042842,0.03429221732598786
asset_mean_efficiency_ratio,0.0763436335837484,0.06969925308662916,0.0,0.0,0.0023733341612258707,0.0,0.1457522244853826,0.06464010468810732,0.12441948613199161,0.005597665681241537,0.05712636866090559,0.0,0.02660531015182155,0.0,0.04530486763616981,0.019514609478301193,0.0027167548284937615,0.0,0.005580376111260055,0.01375453596735099,0.07985937597039294,0.12796086579318855,1.0,1.4682860526559192,0.13172173165268752,0.1136705946699661,0.16944111448787025,0.0,0.0,0.03387527538302004,0.0,0.1293575825419504,0.20237421541326484,0.0,0.07190414100557163,0.04580504690948839,0.0,0.12475455072063335,0.18315404182767825,0.0,0.38797520848909706,0.32476832758160956,0.018246807935306197,0.0,0.13471391964619972,0.0,0.0,0.0,0.0,0.0,0.0,0.0,0.0,0.1375197673864652,0.0,0.0,0.0,0.0,0.0,0.0,0.0786865324101007,0.04074019879966073,0.0,0.055087822750417015,0.0,0.0,0.003205696444492312,0.0,0.0,0.055087822750417015,0.014410050599205526,0.05809270838407821
asset_median_efficiency_ratio,0.0,0.0,0.020611503561774658,0.0,0.011728676216639755,0.0,0.031098249621627883,0.0,0.18474994070634265,0.028470395592412157,0.08474324896349072,0.004172861008875373,0.046755450180666736,0.09553318495716834,0.0,0.07512018282477251,0.0,0.020611503561774658,0.0,0.03518974193545077,0.14631909983048397,0.17861123003648083,1.4682860526559192,1.0,0.07014171203509934,0.059208943950944004,0.04416416979204296,0.0,0.0,0.07278632716017919,0.10084459738929041,0.05643332106689947,0.20280840705489878,0.0,0.07971898187660198,0.14492583565265038,0.04335879127695286,0.07485495711601153,0.19594792266810002,0.01239882704216777,0.5698890365657752,0.49204052780561724,0.0,0.07121313509010818,0.1253425850370964,0.043332826776186106,0.0,0.008500214626977254,0.0,0.0,0.000370875960820527,0.0,0.0,0.033304960514952686,0.0,0.06818345165619188,0.06818345165619188,0.0,0.0,0.0,0.0,0.04443108968693732,0.010458825738199451,0.0009843703686178706,0.03019999104338078,0.0,0.012611453397949446,0.0,0.0,0.0009843703686178706,0.06242743968497244,0.0800666805316258
asset_dispersion_efficiency_ratio,0.02814592049549436,0.0831913560361659,0.0,0.0,0.0032172409620505604,0.0,0.14735197467641425,0.0,0.06552738255870505,0.16820816103332525,0.05133242942039251,0.008611392811963103,0.03830282120018169,0.011037103746843968,0.0037983883898227155,0.04672764424263742,0.0,0.0,0.21039980764710986,0.0,0.02164827115217971,0.03921692681580846,0.13172173165268752,0.07014171203509934,1.0,0.061552770737504314,0.046039787298659984,0.07197348204384157,0.0353283403707878,0.1368022951452339,0.0,0.044140198246108486,0.06778905472456742,0.0,0.0,0.0,0.0,0.06632143692069636,0.06411653453505473,0.0,0.12765734441335974,0.13227400330634165,0.0,0.0823138277403963,0.09594341072427248,0.09035058206727298,0.0,0.0,0.0,0.11930431447659728,0.0,0.0,0.0,0.0,0.0,0.17802773177814846,0.17802773177814846,0.11785963348227746,0.1461564656150096,0.1461564656150096,0.14251355769004448,0.0,0.17504236999514955,0.0,0.050122895997764205,0.009584708124153352,0.008394404469751371,0.009584708124153352,0.0,0.0,0.0,0.02294368158124893
asset_mean_atr_vol_regime,0.11599682506348041,0.2020840216312625,0.12550976454384122,0.08345064028468097,0.0,0.0,0.2507032708722132,0.31867218589285384,0.697910646500965,0.06858071745760119,0.10485798486983011,0.0330094288934375,0.0068224970332233514,0.05614004006709372,0.0,0.08032745536715802,0.03090394580643141,0.12550976454384122,0.08220279137861608,0.0755972543712824,0.11565218227443763,0.10038152194600736,0.1136705946699661,0.059208943950944004,0.061552770737504314,1.0,2.0728928630830694,0.25307234878117235,0.19306782956051372,0.3692934476341798,0.07389812536631135,0.21000526548650322,0.2907783914238138,0.0,0.014222894440140799,0.0,0.04254411901214272,0.2211583106196442,0.26234989511630635,0.0,0.15205426128001331,0.05788859671646307,0.15662026090999737,0.24468017625184668,0.3632676126872725,0.008835659563340315,0.0032521600354638025,0.0,0.0,0.04488469556396302,0.0017874883363083738,0.0,0.23595343440524852,0.14192984152410926,0.0,0.11870957082349953,0.11870957082349953,0.05662412373044834,0.0831950423972807,0.0831950423972807,0.008518129014196685,0.029167020565793678,0.007512535188094915,0.034092465362041136,0.1489836394237296,0.06573729271135753,0.009808375328538954,0.06573729271135753,0.0,0.034092465362041136,0.12800243963119717,0.0
asset_median_atr_vol_regime,0.13373969825252408,0.2509981376419752,0.1261664861532541,0.04287210350000059,0.0020809289552947696,0.05522151814815235,0.2120487460236582,0.35513842569367693,0.7904668066254317,0.14041999670698146,0.0741114549406845,0.04871269751432061,0.05228906245232401,0.0593167554124161,0.0,0.06964214904434085,0.10550026296499404,0.1261664861532541,0.07680281638405306,0.12471292820348578,0.13115537944248734,0.14148696680279493,0.16944111448787025,0.04416416979204296,0.046039787298659984,2.0728928630830694,1.0,0.30442630911228763,0.16495787038211152,0.405681014145453,0.04663841620870102,0.23380708584729737,0.24230338355793046,0.0,0.05783486771396751,0.0,0.0031293174152065006,0.24888497719638547,0.2323514902469772,0.0,0.1710189886641773,0.12019453095141452,0.11311013648169688,0.24349898492219113,0.301912700924436,0.0,0.0,0.02258915640839909,0.0,0.07454885432680713,0.009726830752505577,0.0,0.15541128691713801,0.07213771162003058,0.0,0.0330567892163689,0.0330567892163689,0.007723440189462583,0.046995526333381665,0.046995526333381665,0.0,0.029464943249922992,9.895403466142483e-05,0.013468862360301426,0.1435532982728076,0.06363535216524241,0.0580813009611425,0.06363535216524241,0.0,0.013468862360301426,0.059978365711035764,0.0
asset_dispersion_atr_vol_regime,0.05408020525509727,0.10430626056101344,0.0614619679836903,0.0002345809980084379,0.010731296098414389,0.0030733855655400433,0.07333426568362889,0.08851711840236254,0.10201690785493112,0.08838322366962226,0.21031783951910965,0.0,0.026838836005715794,0.11257558435074788,0.0,0.18577411681024958,0.03943358616871895,0.0614619679836903,0.1296690451775615,0.04314806828703954,0.25954555241577015,0.26904516854726657,0.0,0.0,0.07197348204384157,0.25307234878117235,0.30442630911228763,1.0,0.09506239921210513,0.09460583750603924,0.04832690516913196,0.01910600644956162,0.0009992467354056345,0.014573300168756465,0.0008664945910283883,0.0,0.2200148532834505,0.008859010759842079,0.011221854466393566,0.0,0.07106217881796528,0.026641270804034,0.037382098475973624,0.05095023248487518,0.014212842613500865,0.1326007679986123,0.0,0.0034502980923911686,0.0,0.0,0.007738265221226226,0.0,0.006265065156865202,0.0,0.0,0.0631578984389054,0.0631578984389054,0.05984914482588932,0.13591821814709126,0.13591821814709126,0.0,0.0,0.09195308790467616,0.07719266088533017,0.019845747447821305,0.05087584437491244,0.0,0.05087584437491244,0.010996826425451078,0.07719266088533017,0.07209284118553017,0.0
asset_mean_liquidity_score,0.1911014371692057,0.13362362415937734,0.2602871539108993,0.04075492848676321,0.08846705265835952,0.31987429919549504,0.1824097023308573,0.24699051802807004,0.10425742573563124,0.7443074603821209,0.8443814842707669,0.03352493842173754,0.5123359570140555,0.6356573242138577,0.22337102559734034,0.8968664379838867,0.21066183258094862,0.2602871539108993,0.7580809840792311,0.5964580007297244,0.9191837870070577,0.9686099342087308,0.0,0.0,0.0353283403707878,0.19306782956051372,0.16495787038211152,0.09506239921210513,1.0,1.259452670006144,0.7740013172590237,0.0,0.02538149579870641,0.0,0.0,0.09292091673867775,0.0873492445173607,0.0,0.005923499187848513,0.0,0.0,0.11299036956490527,0.022183957025850187,0.09977156406915366,0.17270222829505855,0.1475346863647724,0.0,0.12377431345276779,0.009777309595446426,0.17263780819299912,0.015347431264978728,0.11597692510940538,0.14820802961808432,0.0,0.0,0.6251435068545743,0.6251435068545743,0.6431310074238974,0.8116565824572098,0.8116565824572098,0.5284554429613094,0.1662909796599118,0.7274952840830751,0.2591897102072944,0.2288365393977907,0.2506188175502204,0.23654550793000761,0.2506188175502204,0.029116886904872352,0.2591897102072944,0.22494455885893327,0.10287426020029111
asset_median_liquidity_score,0.16201096775760448,0.21136789277397705,0.37355184535135866,0.1356609172637604,0.19708121021192948,0.5328910489180396,0.34623652819917927,0.2767273636178271,0.18971902943110064,0.8599338471440068,0.8645163832747305,0.05699815842039513,0.5725112438088432,0.6570869931544004,0.33021146460864625,0.9538352878296685,0.3537437553835847,0.37355184535135866,0.9983677173807244,0.7697756205139417,1.0153326563237641,0.9965144810112121,0.03387527538302004,0.07278632716017919,0.1368022951452339,0.3692934476341798,0.405681014145453,0.09460583750603924,1.259452670006144,1.0,0.6364698852142252,0.0,0.060350408865490035,0.0,0.07137552755948562,0.14353174019138892,0.0,0.0,0.07058907032541395,0.0,0.0,0.07677335588727408,0.20121857459872516,0.26688531718513464,0.22335487180640667,0.23006324265018785,0.13531104092367552,0.23143674101841016,0.18101240445310596,0.10397509272909966,0.028927942233090587,0.10186278194164355,0.13563247496822584,0.0,0.004325167032949162,0.8540220334593771,0.8540220334593771,0.820110445721896,0.9431751539096069,0.9431751539096069,0.7561854247440887,0.3095432761023924,0.912463912950078,0.23306667307030127,0.2478552619301626,0.41707195069912917,0.28642630204351005,0.41707195069912917,0.12134004984564695,0.23306667307030127,0.27122063833976195,0.13725001205628173
asset_dispersion_liquidity_score,0.17534265548437278,0.228801356345111,0.09417980127322312,0.048682379714076296,0.05173655468491134,0.3146887358937591,0.25414715264998533,0.22592358141944313,0.01714133243482452,0.5564185259467154,0.6143730650044454,0.03892226460288606,0.18141039701180028,0.43486926711476215,0.07636373382810058,0.5934625196606969,0.08433731411006318,0.09417980127322312,0.4994229075269012,0.5709745737914034,0.6030194552098757,0.5419715372320544,0.0,0.10084459738929041,0.0,0.07389812536631135,0.04663841620870102,0.04832690516913196,0.7740013172590237,0.6364698852142252,1.0,0.0,0.0,0.0,0.024165540670351593,0.10661894050050602,0.0,0.0,0.0,0.0,0.009885759021090568,0.0,0.0,0.0054164406475449844,0.14193604458463183,0.14095524342850518,0.0,0.19868159754127168,0.0,0.18196718804862055,0.013339399136464647,0.10882182921311401,0.06845457831153035,0.04136205433059592,0.0,0.4862227463978527,0.4862227463978527,0.47019577438254034,0.576638811406302,0.576638811406302,0.5603654267348444,0.10273638282044795,0.5482519331645719,0.20790023899394117,0.2371908779159999,0.13281525442898867,0.0862606709208078,0.13281525442898867,0.023551271822303876,0.20790023899394117,0.28345879727635825,0.05216188689755663
asset_mean_breakout_strength,0.110810414870123,0.11885367277758285,0.07975306215512257,0.0,0.029211680956876096,0.0,0.015259988672433611,0.0869354168993759,0.033372989466025516,0.0,0.0,0.0,0.0011493578224066603,0.0,0.0,0.0,0.012733453111688608,0.07975306215512257,0.03285467843556855,0.0,0.0,0.0,0.1293575825419504,0.05643332106689947,0.044140198246108486,0.21000526548650322,0.23380708584729737,0.01910600644956162,0.0,0.0,0.0,1.0,1.690630500661526,0.31899177071308493,0.0,0.0,0.0,2.97364027497506,1.6710217398035576,0.2927750717048645,0.5584027778583156,0.4990484306486911,0.020726074780407888,0.04780938668446666,0.10078008080539513,0.0,0.009227122566033863,0.0,0.0,0.0,0.023378995209921594,0.0,0.1626881799191433,0.19418303197334774,0.061849181129676634,0.0,0.0,0.012575794781105376,0.03958970434560083,0.03958970434560083,0.0,0.05449242068065985,0.06703774201914392,0.04369776343740828,0.0,0.046274695507515284,0.034157749767123824,0.046274695507515284,0.001929022018679949,0.04369776343740828,0.0,0.012758348593814972
asset_median_breakout_strength,0.09771087593866401,0.0954353081262389,0.030554761058249502,0.0,0.0,0.0,0.06022674218171131,0.09808098322869441,0.16226638138128502,0.0,0.0,0.0,0.015614470507852918,0.0,0.0,0.0,0.004497567452617757,0.030554761058249502,0.0,0.03151269224320341,0.0,0.0,0.20237421541326484,0.20280840705489878,0.06778905472456742,0.2907783914238138,0.24230338355793046,0.0009992467354056345,0.02538149579870641,0.060350408865490035,0.0,1.690630500661526,1.0,0.11479169163994873,0.0,0.0,0.0,1.6775695990464081,2.969538152198238,0.07952275666487374,0.5254321111835081,0.5952973892606597,0.12301970484475344,0.12901034869785244,0.2462237469000752,0.04394018064832883,0.018077881264111917,0.0,0.007095291855351182,0.0,0.0,0.0,0.22059567847227157,0.3448196392662104,0.007779906900077016,0.0,0.0,0.0,0.025465076151849786,0.025465076151849786,0.0,0.07882390187698674,0.0,0.0,0.0,0.0,0.0,0.0,0.012548319885643977,0.0,0.048767473677989503,0.004340296048362169
asset_dispersion_breakout_strength,0.0367666663623496,0.07185810468416065,0.0,0.045064316301149154,0.0,0.0,0.001602084882498911,0.04883581509758406,0.0,0.03142451595216933,0.028953488756531698,0.0787613900618922,0.0,0.0,0.0,0.07327209882326646,0.0,0.0,0.09609214959848611,0.017954813122421864,0.0,0.005042037042921388,0.0,0.0,0.0,0.0,0.0,0.014573300168756465,0.0,0.0,0.0,0.31899177071308493,0.11479169163994873,1.0,0.0,0.0,0.0,0.33050610267536307,0.12609439043937298,2.8896522415894363,0.24342529163918059,0.2460053599112597,0.0,0.049616528264720294,0.1696547037396905,0.049674070001952675,0.029212604814818022,0.0,0.03039261610429911,0.0,0.0,0.0,0.004464484172498118,0.09482454467711765,0.0,0.010252402865444488,0.010252402865444488,0.0,0.10886935194655001,0.10886935194655001,0.0,0.0,0.10527148428605715,0.11894758290826646,0.0,0.0,0.0,0.0,0.0911524946434552,0.11894758290826646,0.0,0.0
asset_mean_normalized_spike,0.0807531310011742,0.08253478358923116,0.10019299331057474,0.0,0.01764787011428215,0.023144144101270303,0.0,0.0,0.026843851463713708,0.1055929838515488,0.0391357197510791,0.0,0.0,0.0,0.0,0.0,0.0,0.10019299331057474,0.0,0.05808546200120279,0.008480123509712278,0.0,0.07190414100557163,0.07971898187660198,0.0,0.014222894440140799,0.05783486771396751,0.0008664945910283883,0.0,0.07137552755948562,0.024165540670351593,0.0,0.0,0.0,1.0,1.8626289314708968,0.12216520521302066,0.0,0.0,0.0,0.04355513374749931,0.08481044903071355,0.1296268343362792,0.0,0.0,0.0,0.0,0.0,0.0,0.0,0.0,0.0,0.12874722501694347,0.05572839006529717,0.0,0.12430412135616553,0.12430412135616553,0.021460271168955103,0.11516774884640046,0.11516774884640046,0.028487899035625652,0.0,0.0219750084353878,0.02886768156512698,0.0,0.0005103488032065506,0.04222370661663899,0.0005103488032065506,0.0,0.02886768156512698,0.0,0.02485254166208073
asset_median_normalized_spike,0.03876934680715416,0.0914287821586166,0.07876749365023072,0.0,0.023748889248770277,0.0,0.0011771298418605802,0.01042120201429908,0.06378336665477935,0.10165169470539359,0.0,0.0,0.030292818863639437,0.050333710269181875,0.004191877592488957,0.01383450836730904,0.03946805802675646,0.07876749365023072,0.0,0.1832422744059592,0.0,0.0,0.04580504690948839,0.14492583565265038,0.0,0.0,0.0,0.0,0.09292091673867775,0.14353174019138892,0.10661894050050602,0.0,0.0,0.0,1.8626289314708968,1.0,0.16144891592673138,0.0,0.005182464454160485,0.0,0.05121290624262809,0.03153521975550877,0.02997038109380501,0.0,0.0,0.0,0.0,0.031019201605456015,0.0,0.0,0.0,0.0,0.09261661423716161,0.0711771566539956,0.020998659984199808,0.11508893442999835,0.11508893442999835,0.08084786218488915,0.04850125413426598,0.04850125413426598,0.059183203972641873,0.0,0.11364493769392325,0.0,0.0,0.06304522491444198,0.03018776672409329,0.06304522491444198,0.0,0.0,0.07139901044165198,0.0006492728594109654
asset_dispersion_normalized_spike,0.11082534010037959,0.10847352218425521,0.009620248238796147,0.036437478795388833,0.004880132805625159,0.0,0.06420891576809362,0.0948981061567844,0.0,0.0,0.0,0.0,0.0070927720675694195,0.017927341241948724,0.0,0.0,0.0521194175370816,0.009620248238796147,0.0,0.013432609026081455,0.0,0.03558572642271107,0.0,0.04335879127695286,0.0,0.04254411901214272,0.0031293174152065006,0.2200148532834505,0.0873492445173607,0.0,0.0,0.0,0.0,0.0,0.12216520521302066,0.16144891592673138,1.0,0.0,0.0,0.0,0.0,0.0,0.040483496818171094,0.04287251036234485,0.005881907007363019,0.0,0.0,0.0,0.0,0.0,0.0,0.0,0.06606446230674923,0.08010396777270712,0.03376362228148544,0.0,0.0,0.03576466359143815,0.0,0.0,0.0,0.013414472432532687,0.0,0.0,0.0,0.1200395322289951,0.06008699937110551,0.1200395322289951,0.0,0.0,0.049394760059589427,0.0
asset_mean_pullback_ratio,0.12869813492843418,0.11467307505421354,0.08388797582670615,0.0,0.01511808573230522,0.0,0.019558581361592164,0.07548310113493306,0.05664422865032881,0.0,0.0,0.008588623025528097,0.006585627383585924,0.0,0.0,0.0,0.018435864018484294,0.08388797582670615,0.028182659456446935,0.0,0.0,0.0,0.12475455072063335,0.07485495711601153,0.06632143692069636,0.2211583106196442,0.24888497719638547,0.008859010759842079,0.0,0.0,0.0,2.97364027497506,1.6775695990464081,0.33050610267536307,0.0,0.0,0.0,1.0,1.6803664446301905,0.296742543323282,0.551197768047746,0.47786959521153083,0.01588410643484428,0.06009325046214098,0.10360616719698923,0.0,0.013370221042068864,0.0,0.002720343613931697,0.0,0.01375793383192292,0.0,0.14432762066674343,0.17840540845622543,0.055978771527591675,0.0,0.0,0.0006240476620695823,0.0483856096923585,0.0483856096923585,0.0,0.049076502416815604,0.06554982667383191,0.05036720940577388,0.0,0.044604485854651044,0.028670215381227937,0.044604485854651044,0.0,0.05036720940577388,0.0,0.016774412850843134
asset_median_pullback_ratio,0.10227784929250472,0.10149851440813373,0.011494445883928783,0.0,0.0,0.0,0.08104899297405765,0.1249620025292999,0.14788283564244287,0.0,0.0,0.0,0.01827821010710251,0.0,0.0039891733284900255,0.0,0.0031873415482199796,0.011494445883928783,0.0,0.019731544328269734,0.0,0.0,0.18315404182767825,0.19594792266810002,0.06411653453505473,0.26234989511630635,0.2323514902469772,0.011221854466393566,0.005923499187848513,0.07058907032541395,0.0,1.6710217398035576,2.969538152198238,0.12609439043937298,0.0,0.005182464454160485,0.0,1.6803664446301905,1.0,0.08644949985965367,0.5241769226032655,0.5693501160284193,0.10936540034678277,0.1488736005932978,0.25392007467239264,0.05794262884901524,0.0,0.0,0.0,0.0,0.005725375898732787,0.0,0.2334020676821078,0.35655259463982203,0.0,0.0,0.0,0.0,0.028274103651322324,0.028274103651322324,0.0,0.08471946380926454,0.0,0.0,0.0,0.0,0.0009124506125695042,0.0,0.005042117974974225,0.0,0.05411579994116433,0.025237678682346165
asset_dispersion_pullback_ratio,0.010813790413500612,0.08431368294303798,0.0,0.04008245777213992,0.0,0.0,0.05305360509755053,0.08967408173271663,0.0,0.044455848205106285,0.002287496933973898,0.07110384189367736,0.0,0.0,0.0,0.05026283984571567,0.0,0.0,0.05950795795499442,0.007153809690174651,0.0,0.0,0.0,0.01239882704216777,0.0,0.0,0.0,0.0,0.0,0.0,0.0,0.2927750717048645,0.07952275666487374,2.8896522415894363,0.0,0.0,0.0,0.296742543323282,0.08644949985965367,1.0,0.2211580201757517,0.19837018716670185,0.0,0.07046114771398226,0.16961312577417642,0.026422062300951232,0.009405822893193694,0.0,0.010736396287367889,0.0,0.0,0.0,0.0,0.08679363191969092,0.0,0.028275756961811727,0.028275756961811727,0.0,0.11924322707350221,0.11924322707350221,0.0,0.0,0.11851596932218245,0.1312252695176599,0.0,0.0,0.0,0.0,0.0838104559328029,0.1312252695176599,0.0,0.0
asset_mean_net_move,0.06323786366512074,0.15077957503112072,0.0,0.0,0.0,0.0,0.06575291555409946,0.07008393489715603,0.10955272626856472,0.0,0.03758434056761173,0.03762453935393939,0.0,0.0,0.0,0.0007893548661517258,0.009720301116326047,0.0,0.0,0.0,0.0,0.0,0.38797520848909706,0.5698890365657752,0.12765734441335974,0.15205426128001331,0.1710189886641773,0.07106217881796528,0.0,0.0,0.009885759021090568,0.5584027778583156,0.5254321111835081,0.24342529163918059,0.04355513374749931,0.05121290624262809,0.0,0.551197768047746,0.5241769226032655,0.2211580201757517,1.0,1.9733632786883284,0.18000545405579693,0.20963082589746884,0.2796910614324166,0.10572932972935378,0.024531261608693455,0.01674584170352844,0.024768025374803937,0.06234157932337059,0.002013455798704711,0.0530440362694895,0.03714328169467729,0.3387593146125054,0.20228383541337314,0.0,0.0,0.0,0.0,0.0,0.0,0.013450638394420622,0.0,0.0,0.0,0.0,0.0,0.0,0.0,0.0,0.0931412785114647,0.0
asset_median_net_move,0.046869471676474816,0.151647747402899,0.0,0.0,0.0,0.035306213277459086,0.07411253906965554,0.12924087789415628,0.0963125062637542,0.0,0.0,0.04067711684189046,0.0,0.028747386189884594,0.0,0.038583968392222445,0.04639040784813342,0.0,0.06342982826239307,0.03294358839927769,0.02153908369922064,0.030283602682198874,0.32476832758160956,0.49204052780561724,0.13227400330634165,0.05788859671646307,0.12019453095141452,0.026641270804034,0.11299036956490527,0.07677335588727408,0.0,0.4990484306486911,0.5952973892606597,0.2460053599112597,0.08481044903071355,0.03153521975550877,0.0,0.47786959521153083,0.5693501160284193,0.19837018716670185,1.9733632786883284,1.0,0.24095827943721115,0.16078624213147652,0.2561075516640203,0.09200807911857511,0.034628270435148045,0.0,0.029185223215741463,0.07136497439125744,0.008940188939184246,0.0,0.12262794579624137,0.31859457530273083,0.11907056041164665,0.008193603717275177,0.008193603717275177,0.0,0.03997662775673971,0.03997662775673971,0.0,0.01224995895141845,0.07891888110989198,0.0,0.0,0.0,0.01447649653227534,0.0,0.0,0.0,0.0813611486264385,0.005016969737923649
asset_dispersion_net_move,0.016881739194187784,0.10339728247802049,0.041145178933409854,0.018183420629306446,0.0,0.05797033604735846,0.1892715039229369,0.18549058560594966,0.10853412188116751,0.09671635908571297,0.04326044701551712,0.07351357466020492,0.0053811820631048946,0.0,0.07868463711637519,0.010777768860947834,0.03195455241541567,0.041145178933409854,0.030373313800764024,0.0856137878362837,0.028394278283171204,0.0,0.018246807935306197,0.0,0.0,0.15662026090999737,0.11311013648169688,0.037382098475973624,0.022183957025850187,0.20121857459872516,0.0,0.020726074780407888,0.12301970484475344,0.0,0.1296268343362792,0.02997038109380501,0.040483496818171094,0.01588410643484428,0.10936540034678277,0.0,0.18000545405579693,0.24095827943721115,1.0,0.1250319444548258,0.09184551840212718,0.19880935901550023,0.014366662124493779,0.0,0.01217936488675031,0.0,0.0,0.0,0.09773684156569296,0.09777233464134527,0.03763527865909699,0.17712050409887903,0.17712050409887903,0.02603520249830238,0.07766432173691573,0.07766432173691573,0.025344023780369263,0.09393085764396236,0.06173552665679383,0.0,0.0,0.11807602109657012,0.014202605648851008,0.11807602109657012,0.0,0.0,0.0,0.0
asset_mean_garch_vol_forecast,0.5223905401079056,0.5104474730446127,0.09677939597328078,0.036585509068563615,0.008030841094413765,0.12950854289740255,0.6684680361376065,0.5156581582023207,0.07401123917337848,0.15659018559786864,0.16870681529275666,0.08879702338867146,0.11431659457073684,0.1981644281037256,0.16555974674876905,0.09673601375239604,0.0809356428860073,0.09677939597328078,0.1334174374261421,0.17285509356165063,0.18380290698623059,0.14552099631124515,0.0,0.07121313509010818,0.0823138277403963,0.24468017625184668,0.24349898492219113,0.05095023248487518,0.09977156406915366,0.26688531718513464,0.0054164406475449844,0.04780938668446666,0.12901034869785244,0.049616528264720294,0.0,0.0,0.04287251036234485,0.06009325046214098,0.1488736005932978,0.07046114771398226,0.20963082589746884,0.16078624213147652,0.1250319444548258,1.0,1.680688634055851,0.8082863550138835,0.0,0.059878547925407144,0.0,0.11368624725903631,0.0011943400242875324,0.0999996707432671,0.1700009278232697,0.07086366771477737,0.0,0.12847883123088621,0.12847883123088621,0.2566233008266461,0.22697699650313874,0.22697699650313874,0.21344501960168083,0.3105371281507856,0.13921624188368176,0.07072321665771053,0.29030765566754724,0.10653121477366612,0.1309102906733921,0.10653121477366612,0.0,0.07072321665771053,0.16321082437055034,0.002197598654259836
asset_median_garch_vol_forecast,0.3837104701886931,0.43420594154028835,0.07174881136918443,0.07648969474349221,0.007763944479366902,0.18389514068597457,0.6006409283522958,0.5309198739120391,0.1312337039292495,0.16711042562580358,0.11708936565220096,0.09127315371538369,0.10078727160920042,0.20514123514683336,0.09249146834869748,0.047521780259996316,0.07699870800673236,0.07174881136918443,0.13647241200617533,0.10186707665701178,0.09003356664719231,0.04770883041776597,0.13471391964619972,0.1253425850370964,0.09594341072427248,0.3632676126872725,0.301912700924436,0.014212842613500865,0.17270222829505855,0.22335487180640667,0.14193604458463183,0.10078008080539513,0.2462237469000752,0.1696547037396905,0.0,0.0,0.005881907007363019,0.10360616719698923,0.25392007467239264,0.16961312577417642,0.2796910614324166,0.2561075516640203,0.09184551840212718,1.680688634055851,1.0,0.5065706898446001,0.0,0.06828989817181741,0.0,0.09748307580914028,0.0,0.0531701897038932,0.05955815928538977,0.0,0.0,0.1751424503597625,0.1751424503597625,0.1615714196191238,0.21003397408239488,0.21003397408239488,0.14243690273095044,0.24709862240865865,0.16842829480905186,0.06467116288161279,0.25284840144283116,0.10959787164128332,0.10677030079020033,0.10959787164128332,0.0,0.06467116288161279,0.122173104947497,0.0067912631428824755
asset_dispersion_garch_vol_forecast,0.36390433506946795,0.5390307178195688,0.03471230036333095,0.06811027517653534,0.0,0.01345803294210901,0.721535693571131,0.5591909392043273,0.07158121690106833,0.3083853249287456,0.2152488471288092,0.09602169771660884,0.0,0.1875628357566188,0.07748425522339852,0.2897721213005322,0.08682205302611301,0.03471230036333095,0.299442072269116,0.14725111929069312,0.25304107723374214,0.21988636378491222,0.0,0.043332826776186106,0.09035058206727298,0.008835659563340315,0.0,0.1326007679986123,0.1475346863647724,0.23006324265018785,0.14095524342850518,0.0,0.04394018064832883,0.049674070001952675,0.0,0.0,0.0,0.0,0.05794262884901524,0.026422062300951232,0.10572932972935378,0.09200807911857511,0.19880935901550023,0.8082863550138835,0.5065706898446001,1.0,0.00032553468353146986,0.04909066938717066,0.0,0.07139416262465614,0.0,0.008801566543120032,0.021617735198725896,0.04916619498871988,0.0,0.20802351786815354,0.20802351786815354,0.285459765310744,0.2403741939483517,0.2403741939483517,0.28135774533559976,0.09546121068545688,0.34759993080234697,0.18888295381855458,0.1980760106211834,0.028796056354956523,0.11066212175847767,0.028796056354956523,0.0,0.18888295381855458,0.047888132847091036,0.0017709974710544696
asset_mean_risk_reward_ratio,0.0,0.0024812423768219016,0.052766752626439706,0.0,0.0,0.0,0.0,0.0,0.004023026911872729,0.04455623487766236,0.016354567306620216,0.00011740071924171147,0.08213466205568865,0.04259022998301398,0.0,0.11462408574121907,0.0,0.052766752626439706,0.07877164846463103,0.045433494538770325,0.007633138741877765,0.042391541152106416,0.0,0.0,0.0,0.0032521600354638025,0.0,0.0,0.0,0.13531104092367552,0.0,0.009227122566033863,0.018077881264111917,0.029212604814818022,0.0,0.0,0.0,0.013370221042068864,0.0,0.009405822893193694,0.024531261608693455,0.034628270435148045,0.014366662124493779,0.0,0.0,0.00032553468353146986,1.0,0.004640116105088521,1.4045045722405791,0.0,0.0,0.0,0.05278438376297678,0.006658876997671093,0.00786600320398645,0.060601236492184074,0.060601236492184074,0.02835090697423004,0.04689284148868589,0.04689284148868589,0.0,0.00020921079903490902,0.037761206524955515,0.03553139230272706,0.05453254385538564,0.03030338680011746,0.0,0.03030338680011746,0.0,0.03553139230272706,0.0,0.011439714369969378
asset_median_risk_reward_ratio,0.20757957881547595,0.11039857873456671,0.12252718596774392,0.05203657033576958,0.014849926574653338,0.2345241566711862,0.11020436314182458,0.1495835828571166,0.07538101127390906,0.30537102946437145,0.3978847050788805,0.0,0.1967261912830588,0.2858983989807884,0.14146894759073536,0.3275864738103653,0.07026395424357401,0.12252718596774392,0.27272334772923923,0.38722607414380006,0.32127478273042875,0.35263358300638625,0.0,0.008500214626977254,0.0,0.0,0.02258915640839909,0.0034502980923911686,0.12377431345276779,0.23143674101841016,0.19868159754127168,0.0,0.0,0.0,0.0,0.031019201605456015,0.0,0.0,0.0,0.0,0.01674584170352844,0.0,0.0,0.059878547925407144,0.06828989817181741,0.04909066938717066,0.004640116105088521,1.0,0.0037948670552552244,0.8352227588262036,0.08231084963130308,0.5783039484617305,0.019525973054514978,0.0,0.11851882318030071,0.19125691522339805,0.19125691522339805,0.18032464627193034,0.23117201821265,0.23117201821265,0.24783847937326575,0.06813372460417755,0.2562583920647228,0.18477675553722994,0.15913810468268585,0.09538450149722144,0.07558952030912203,0.09538450149722144,0.0,0.18477675553722994,0.21009981170118142,8.862136612752813e-05
asset_dispersion_risk_reward_ratio,0.0,0.0,0.05666599023890462,0.0037365193830649623,0.03641288014379751,0.0,0.0,0.0,0.0,0.06163584736731098,0.0,0.0,0.0356890198597426,0.031098024886276332,0.0,0.12399367133921402,0.013998161252515517,0.05666599023890462,0.09536581300654301,0.048884160304666135,0.0,0.026900922196477772,0.0,0.0,0.0,0.0,0.0,0.0,0.009777309595446426,0.18101240445310596,0.0,0.0,0.007095291855351182,0.03039261610429911,0.0,0.0,0.0,0.002720343613931697,0.0,0.010736396287367889,0.024768025374803937,0.029185223215741463,0.01217936488675031,0.0,0.0,0.0,1.4045045722405791,0.0037948670552552244,1.0,0.0,0.00799054360140361,0.0035171682261658788,0.06240260791445362,0.018047229956545174,0.0,0.07352223218557496,0.07352223218557496,0.00617088894354012,0.06498301256335814,0.06498301256335814,0.0,0.0,0.04749623445014617,0.0027834038331332467,0.022300788576745778,0.06532491735189438,0.025385170304239146,0.06532491735189438,0.0043370663416346655,0.0027834038331332467,0.0,0.0
asset_mean_kelly_fraction,0.17081624001998463,0.11584571879180183,0.05574661024003391,0.06181063499522321,0.0,0.09720731214820733,0.17104833803210484,0.14429075619026,0.07635282102419705,0.2038924536923008,0.26042281832859926,0.0,0.11371912705807763,0.21523655975735956,0.12662188921358464,0.23943621311364982,0.03510536207736492,0.05574661024003391,0.16964623589087413,0.2322216920176401,0.2018732913101826,0.20813430100996522,0.0,0.0,0.11930431447659728,0.04488469556396302,0.07454885432680713,0.0,0.17263780819299912,0.10397509272909966,0.18196718804862055,0.0,0.0,0.0,0.0,0.0,0.0,0.0,0.0,0.0,0.06234157932337059,0.07136497439125744,0.0,0.11368624725903631,0.09748307580914028,0.07139416262465614,0.0,0.8352227588262036,0.0,1.0,0.12203627288732988,1.8744333241105817,0.0,0.06601231401690066,0.05494024845916545,0.1994360737779295,0.1994360737779295,0.30437478370701143,0.2619355125113487,0.2619355125113487,0.2994521291256871,0.15850983070244018,0.25889688128068666,0.1507100770367411,0.049201000611505785,0.11062968819082086,0.011315260553234618,0.11062968819082086,0.0,0.1507100770367411,0.06174407482737854,0.0008515858962752088
asset_median_kelly_fraction,0.010453726637088767,0.0,0.07610536629721609,0.01758660073953555,0.17360799446180142,0.015720907903546966,0.004815405871811507,0.0,0.027636724368554244,0.019268907481683972,0.0,0.004849169388522756,0.039570821862676686,0.008978244865669227,0.03429873751594115,0.002280860666980078,0.08655157623406917,0.07610536629721609,0.0010634751138117737,0.026765836943115406,0.0,0.0,0.0,0.000370875960820527,0.0,0.0017874883363083738,0.009726830752505577,0.007738265221226226,0.015347431264978728,0.028927942233090587,0.013339399136464647,0.023378995209921594,0.0,0.0,0.0,0.0,0.0,0.01375793383192292,0.005725375898732787,0.0,0.002013455798704711,0.008940188939184246,0.0,0.0011943400242875324,0.0,0.0,0.0,0.08231084963130308,0.00799054360140361,0.12203627288732988,1.0,0.006249430776322673,0.002289933077354256,0.01414495818656003,0.018553305458865132,0.025802118004172203,0.025802118004172203,0.02567544530082655,0.007262210249325385,0.007262210249325385,0.004936826344218215,0.026363801339433057,0.014182813611500866,0.009405984530290068,0.017244355725715144,0.019897754566450154,0.06498571405620435,0.019897754566450154,0.0,0.009405984530290068,0.011621644076299065,0.1737204934362122
asset_dispersion_kelly_fraction,0.10394989485912998,0.07645726187349178,0.009718893930410033,0.008655006453803238,0.0,0.13588052091212566,0.21579813600250342,0.14716274210811164,0.10572749038351947,0.21098850436208538,0.24634178985322253,0.08828463304613887,0.0534216967581993,0.2064165195670986,0.18736377961154815,0.20621293751709846,0.04004559136136254,0.009718893930410033,0.24697990783913903,0.29376640744156113,0.24546337205086655,0.2121703819827021,0.0,0.0,0.0,0.0,0.0,0.0,0.11597692510940538,0.10186278194164355,0.10882182921311401,0.0,0.0,0.0,0.0,0.0,0.0,0.0,0.0,0.0,0.0530440362694895,0.0,0.0,0.0999996707432671,0.0531701897038932,0.008801566543120032,0.0,0.5783039484617305,0.0035171682261658788,1.8744333241105817,0.006249430776322673,1.0,0.0,0.02229839542082468,0.07009992005801369,0.3021526345937815,0.3021526345937815,0.3395427881854274,0.24436824908349886,0.24436824908349886,0.3220644161207784,0.18933018432925586,0.2572511652756173,0.18355181247169483,0.11132869677189472,0.07966081362640098,0.007223296644981891,0.07966081362640098,0.0,0.18355181247169483,0.21769917643878278,0.0
asset_mean_signal_quality,0.07535629363426621,0.03705841109550323,0.050919384702846626,0.004310037682049961,0.006891723234204616,0.0,0.06298218832847313,0.040561375664216026,0.03552454939274341,0.0,0.12129656943189726,0.0,0.0665985737151068,0.021116197080054633,0.0,0.01956631197261638,0.08807189220852885,0.050919384702846626,0.0,0.0,0.07733749252324529,0.07213377582012859,0.0,0.0,0.0,0.23595343440524852,0.15541128691713801,0.006265065156865202,0.14820802961808432,0.13563247496822584,0.06845457831153035,0.1626881799191433,0.22059567847227157,0.004464484172498118,0.12874722501694347,0.09261661423716161,0.06606446230674923,0.14432762066674343,0.2334020676821078,0.0,0.03714328169467729,0.12262794579624137,0.09773684156569296,0.1700009278232697,0.05955815928538977,0.021617735198725896,0.05278438376297678,0.019525973054514978,0.06240260791445362,0.0,0.002289933077354256,0.0,1.0,0.332644071922064,0.05395670550118581,0.027773688298608157,0.027773688298608157,0.05222309741024578,0.0,0.0,0.05860769114963471,0.10154835773572257,0.0,0.0036655627009043457,0.0010983011237788443,0.03149644468341872,0.0,0.03149644468341872,0.0,0.0036655627009043457,0.2678410666653255,0.045095522074591665
asset_median_signal_quality,0.0,0.03250825606266261,0.0,0.0,0.0,0.0,0.022196506381015002,0.0,0.12136369995503848,0.0,0.012560438719132705,0.0,0.0,0.0,0.0,0.0030083752494802773,0.0,0.0,0.0,0.0,0.05173447922266261,0.027877969370757594,0.1375197673864652,0.033304960514952686,0.0,0.14192984152410926,0.07213771162003058,0.0,0.0,0.0,0.04136205433059592,0.19418303197334774,0.3448196392662104,0.09482454467711765,0.05572839006529717,0.0711771566539956,0.08010396777270712,0.17840540845622543,0.35655259463982203,0.08679363191969092,0.3387593146125054,0.31859457530273083,0.09777233464134527,0.07086366771477737,0.0,0.04916619498871988,0.006658876997671093,0.0,0.018047229956545174,0.06601231401690066,0.01414495818656003,0.02229839542082468,0.332644071922064,1.0,0.28300866436726047,0.0,0.0,0.0,0.0,0.0,0.0,0.08039299667850397,0.01243340524263603,0.0,0.0,0.0,0.009083429101777285,0.0,0.005234101641271582,0.0,0.0,0.0006741280946553907
asset_dispersion_signal_quality,0.0,0.03487158002873603,0.01355943443838381,0.06472752242075708,0.006372188077697127,0.0,0.12904102924147587,0.021282541818132383,0.0510751487607326,0.039818730236251376,0.032831574427733656,0.06817883280425407,0.0,0.0,0.0,0.004359799905559791,0.020551098740962948,0.01355943443838381,0.0,0.0,0.0,0.0,0.0,0.0,0.0,0.0,0.0,0.0,0.0,0.004325167032949162,0.0,0.061849181129676634,0.007779906900077016,0.0,0.0,0.020998659984199808,0.03376362228148544,0.055978771527591675,0.0,0.0,0.20228383541337314,0.11907056041164665,0.03763527865909699,0.0,0.0,0.0,0.00786600320398645,0.11851882318030071,0.0,0.05494024845916545,0.018553305458865132,0.07009992005801369,0.05395670550118581,0.28300866436726047,1.0,0.0,0.0,0.0,0.0,0.0,0.0,0.0,0.0,0.0,0.0,0.0,0.024839465261746962,0.0,0.05938789458083138,0.0,0.06355711459076385,0.0
cvar_model,0.20328015997951554,0.23163534464657087,0.3919985958638632,0.0,0.056045417242768236,0.4907257394989295,0.28211865892048316,0.2978760248220187,0.08810002181935328,0.9974634554271282,0.6123542278009224,0.0009823284174874658,0.42534744179522255,0.7989518202511148,0.3704826043623619,0.5504909807176845,0.3648708277021607,0.3919985958638632,1.091088673325412,0.9421429954363396,0.7442209855327357,0.6499512293538188,0.0,0.06818345165619188,0.17802773177814846,0.11870957082349953,0.0330567892163689,0.0631578984389054,0.6251435068545743,0.8540220334593771,0.4862227463978527,0.0,0.0,0.010252402865444488,0.12430412135616553,0.11508893442999835,0.0,0.0,0.0,0.028275756961811727,0.0,0.008193603717275177,0.17712050409887903,0.12847883123088621,0.1751424503597625,0.20802351786815354,0.060601236492184074,0.19125691522339805,0.07352223218557496,0.1994360737779295,0.025802118004172203,0.3021526345937815,0.027773688298608157,0.0,0.0,1.0,3.1566867465757493,0.9739050710509489,1.7696791374827385,1.7696791374827385,1.0622887625986213,0.38184259766176387,1.662753855038507,0.38407591758569026,0.23276001222766252,0.39684021514088474,0.3560301759590351,0.39684021514088474,0.06206016838033801,0.38407591758569026,0.11898494298098905,0.07155089817397042
cvar_model_centered,0.20328015997951554,0.23163534464657087,0.3919985958638632,0.0,0.056045417242768236,0.4907257394989295,0.28211865892048316,0.2978760248220187,0.08810002181935328,0.9974634554271282,0.6123542278009224,0.0009823284174874658,0.42534744179522255,0.7989518202511148,0.3704826043623619,0.5504909807176845,0.3648708277021607,0.3919985958638632,1.091088673325412,0.9421429954363396,0.7442209855327357,0.6499512293538188,0.0,0.06818345165619188,0.17802773177814846,0.11870957082349953,0.0330567892163689,0.0631578984389054,0.6251435068545743,0.8540220334593771,0.4862227463978527,0.0,0.0,0.010252402865444488,0.12430412135616553,0.11508893442999835,0.0,0.0,0.0,0.028275756961811727,0.0,0.008193603717275177,0.17712050409887903,0.12847883123088621,0.1751424503597625,0.20802351786815354,0.060601236492184074,0.19125691522339805,0.07352223218557496,0.1994360737779295,0.025802118004172203,0.3021526345937815,0.027773688298608157,0.0,0.0,3.1566867465757493,1.0,0.9739050710509489,1.7696791374827385,1.7696791374827385,1.0622887625986213,0.38184259766176387,1.662753855038507,0.38407591758569026,0.23276001222766252,0.39684021514088474,0.3560301759590351,0.39684021514088474,0.06206016838033801,0.38407591758569026,0.11898494298098905,0.07155089817397042
cvar_model_raw,0.3904198849258811,0.33835917363175816,0.3178242856589506,0.14114338853805342,0.09676357315654527,0.769990104885924,0.3030790502595959,0.42347921109600284,0.09777945401726518,0.9505645164787082,0.7827372551975542,0.0,0.4009338387054082,1.1810205308200636,0.5598530997095468,0.8050115436599179,0.3922901019836128,0.3178242856589506,0.8713621571621134,1.1463760956485523,0.9477089859854884,0.8959322242097782,0.0,0.0,0.11785963348227746,0.05662412373044834,0.007723440189462583,0.05984914482588932,0.6431310074238974,0.820110445721896,0.47019577438254034,0.012575794781105376,0.0,0.0,0.021460271168955103,0.08084786218488915,0.03576466359143815,0.0006240476620695823,0.0,0.0,0.0,0.0,0.02603520249830238,0.2566233008266461,0.1615714196191238,0.285459765310744,0.02835090697423004,0.18032464627193034,0.00617088894354012,0.30437478370701143,0.02567544530082655,0.3395427881854274,0.05222309741024578,0.0,0.0,0.9739050710509489,0.9739050710509489,1.0,0.974461585054121,0.974461585054121,1.8406164510778353,0.9305473697162281,0.9683923027030108,0.5186128854395884,0.32390649261329685,0.44870715245892057,0.29527727246544033,0.44870715245892057,0.19571694726555922,0.5186128854395884,0.17913241731450213,0.07617947863243979
cdar_model,0.26338770256678323,0.3528216282308536,0.22560505355505533,0.15068014309790845,0.0820948981286681,0.63973149957899,0.30589834044017383,0.3432923330845954,0.10212431139903222,1.1150288119476617,0.7909004435538893,0.042399971815645365,0.5058622455993558,0.8932378936642502,0.38132350654924796,0.7465718789783913,0.3063141075398357,0.22560505355505533,1.1456078812891417,0.9350340312528034,0.8421613927236287,0.8922663612815411,0.0,0.0,0.1461564656150096,0.0831950423972807,0.046995526333381665,0.13591821814709126,0.8116565824572098,0.9431751539096069,0.576638811406302,0.03958970434560083,0.025465076151849786,0.10886935194655001,0.11516774884640046,0.04850125413426598,0.0,0.0483856096923585,0.028274103651322324,0.11924322707350221,0.0,0.03997662775673971,0.07766432173691573,0.22697699650313874,0.21003397408239488,0.2403741939483517,0.04689284148868589,0.23117201821265,0.06498301256335814,0.2619355125113487,0.007262210249325385,0.24436824908349886,0.0,0.0,0.0,1.7696791374827385,1.7696791374827385,0.974461585054121,1.0,3.156686746575749,1.1407787263161615,0.4188499590248731,1.842962096157264,0.32572560995559385,0.3339833943324768,0.3799123064364318,0.3526042244949381,0.3799123064364318,0.05037697187955048,0.32572560995559385,0.12456545882849301,0.05531749475518055
cdar_model_centered,0.26338770256678323,0.3528216282308536,0.22560505355505533,0.15068014309790845,0.0820948981286681,0.63973149957899,0.30589834044017383,0.3432923330845954,0.10212431139903222,1.1150288119476617,0.7909004435538893,0.042399971815645365,0.5058622455993558,0.8932378936642502,0.38132350654924796,0.7465718789783913,0.3063141075398357,0.22560505355505533,1.1456078812891417,0.9350340312528034,0.8421613927236287,0.8922663612815411,0.0,0.0,0.1461564656150096,0.0831950423972807,0.046995526333381665,0.13591821814709126,0.8116565824572098,0.9431751539096069,0.576638811406302,0.03958970434560083,0.025465076151849786,0.10886935194655001,0.11516774884640046,0.04850125413426598,0.0,0.0483856096923585,0.028274103651322324,0.11924322707350221,0.0,0.03997662775673971,0.07766432173691573,0.22697699650313874,0.21003397408239488,0.2403741939483517,0.04689284148868589,0.23117201821265,0.06498301256335814,0.2619355125113487,0.007262210249325385,0.24436824908349886,0.0,0.0,0.0,1.7696791374827385,1.7696791374827385,0.974461585054121,3.156686746575749,1.0,1.1407787263161615,0.4188499590248731,1.842962096157264,0.32572560995559385,0.3339833943324768,0.3799123064364318,0.3526042244949381,0.3799123064364318,0.05037697187955048,0.32572560995559385,0.12456545882849301,0.05531749475518055
cdar_model_raw,0.34709544904580447,0.2247484937761164,0.38772786042710905,0.0847724047861822,0.05937826183599593,0.7479368260556138,0.27562535318264914,0.2636299543796947,0.09497591864799215,0.9140379672481749,0.8310166224148205,0.0,0.5232981045047913,1.0235831822435442,0.501735050924824,0.7814688656137954,0.325302830309252,0.38772786042710905,0.9119176232250625,1.116921084802597,0.8278367892373453,0.8316820283652675,0.0786865324101007,0.0,0.14251355769004448,0.008518129014196685,0.0,0.0,0.5284554429613094,0.7561854247440887,0.5603654267348444,0.0,0.0,0.0,0.028487899035625652,0.059183203972641873,0.0,0.0,0.0,0.0,0.0,0.0,0.025344023780369263,0.21344501960168083,0.14243690273095044,0.28135774533559976,0.0,0.24783847937326575,0.0,0.2994521291256871,0.004936826344218215,0.3220644161207784,0.05860769114963471,0.0,0.0,1.0622887625986213,1.0622887625986213,1.8406164510778353,1.1407787263161615,1.1407787263161615,1.0,0.7329028024218531,1.0978539497126145,0.48284678053859653,0.3480135924269372,0.4586276946307133,0.36238349257913116,0.4586276946307133,0.14910412316523025,0.48284678053859653,0.11322048348765046,0.06858112445905895
forecast_portfolio_scenario_mean,0.10622026817111085,0.15659675340669832,0.20145424796624112,0.31416822435130076,0.09898955669564014,0.32728962850990273,0.017826296973199707,0.11906377069874985,0.10921805508717508,0.3340402697067084,0.3340372429626237,0.09922387321616633,0.18445150763883955,0.545277972970152,0.5794916901746565,0.37280188263119163,0.16461417860056837,0.20145424796624112,0.38046467869747813,0.44919739949116666,0.4459830000105751,0.42239051525093885,0.04074019879966073,0.04443108968693732,0.0,0.029167020565793678,0.029464943249922992,0.0,0.1662909796599118,0.3095432761023924,0.10273638282044795,0.05449242068065985,0.07882390187698674,0.0,0.0,0.0,0.013414472432532687,0.049076502416815604,0.08471946380926454,0.0,0.013450638394420622,0.01224995895141845,0.09393085764396236,0.3105371281507856,0.24709862240865865,0.09546121068545688,0.00020921079903490902,0.06813372460417755,0.0,0.15850983070244018,0.026363801339433057,0.18933018432925586,0.10154835773572257,0.08039299667850397,0.0,0.38184259766176387,0.38184259766176387,0.9305473697162281,0.4188499590248731,0.4188499590248731,0.7329028024218531,1.0,0.5283315624659042,0.30626925458435816,0.04579441253183014,0.2936886596311181,0.11029856099832447,0.2936886596311181,0.2682380941685806,0.30626925458435816,0.08258075999789005,0.0
vol_model,0.18109961419598308,0.24354112385093796,0.362424600524448,0.0693457379381257,0.06387173616683273,0.4592229375454431,0.27147947453856913,0.2822078011653635,0.07822403362668329,1.0772747049051024,0.793952192680039,0.03569471795324475,0.45274413056152396,0.869242717247924,0.4037234885422589,0.7360420780803387,0.3236300860808111,0.362424600524448,1.2975309847989567,0.9358922051833725,0.8278137413575464,0.9003246168066816,0.0,0.010458825738199451,0.17504236999514955,0.007512535188094915,9.895403466142483e-05,0.09195308790467616,0.7274952840830751,0.912463912950078,0.5482519331645719,0.06703774201914392,0.0,0.10527148428605715,0.0219750084353878,0.11364493769392325,0.0,0.06554982667383191,0.0,0.11851596932218245,0.0,0.07891888110989198,0.06173552665679383,0.13921624188368176,0.16842829480905186,0.34759993080234697,0.037761206524955515,0.2562583920647228,0.04749623445014617,0.25889688128068666,0.014182813611500866,0.2572511652756173,0.0,0.01243340524263603,0.0,1.662753855038507,1.662753855038507,0.9683923027030108,1.842962096157264,1.842962096157264,1.0978539497126145,0.5283315624659042,1.0,0.34021870362772,0.37275152067567263,0.4382617852058408,0.3498888750580591,0.4382617852058408,0.0703754830114861,0.34021870362772,0.15075521551741566,0.05402899197559363
target_risky_exposure,0.38307252483410315,0.20163016385718469,0.2587357415156242,0.18079898336931965,0.10999276759021637,0.33491842776641834,0.4002893655602393,0.2689987304407113,0.006864297703357947,0.2767032579614439,0.2845189816252376,0.18037770485554727,0.06625839348141205,0.6244072901430728,0.33686104176924525,0.3641485974385503,0.2193769083727214,0.2587357415156242,0.3742720999349358,0.4939425124647754,0.373465762852383,0.3315054242344575,0.055087822750417015,0.0009843703686178706,0.0,0.034092465362041136,0.013468862360301426,0.07719266088533017,0.2591897102072944,0.23306667307030127,0.20790023899394117,0.04369776343740828,0.0,0.11894758290826646,0.02886768156512698,0.0,0.0,0.05036720940577388,0.0,0.1312252695176599,0.0,0.0,0.0,0.07072321665771053,0.06467116288161279,0.18888295381855458,0.03553139230272706,0.18477675553722994,0.0027834038331332467,0.1507100770367411,0.009405984530290068,0.18355181247169483,0.0036655627009043457,0.0,0.0,0.38407591758569026,0.38407591758569026,0.5186128854395884,0.32572560995559385,0.32572560995559385,0.48284678053859653,0.30626925458435816,0.34021870362772,1.0,1.2904995586928312,0.284546678164179,0.2669556700832415,0.284546678164179,0.23363658340597027,3.091224899186191,0.14589520983059634,0.08216578753492465
forecast_backward_vol_timer,0.35808785638147045,0.4088894378952681,0.12667676906287895,0.04588610083759592,0.01890465276640718,0.22440703677258145,0.4409360231716213,0.46608684230730235,0.15155339029880377,0.2880693816596642,0.31369136028912603,0.12694319052105474,0.062169296819398756,0.3971030393183137,0.10718459559145721,0.3317805557250477,0.09168025204908092,0.12667676906287895,0.3515679763805495,0.33585014594753426,0.349837220432363,0.31782791066986293,0.0,0.03019999104338078,0.050122895997764205,0.1489836394237296,0.1435532982728076,0.019845747447821305,0.2288365393977907,0.2478552619301626,0.2371908779159999,0.0,0.0,0.0,0.0,0.0,0.0,0.0,0.0,0.0,0.0,0.0,0.0,0.29030765566754724,0.25284840144283116,0.1980760106211834,0.05453254385538564,0.15913810468268585,0.022300788576745778,0.049201000611505785,0.017244355725715144,0.11132869677189472,0.0010983011237788443,0.0,0.0,0.23276001222766252,0.23276001222766252,0.32390649261329685,0.3339833943324768,0.3339833943324768,0.3480135924269372,0.04579441253183014,0.37275152067567263,1.2904995586928312,1.0,0.13028304789043044,0.0948541024707159,0.13028304789043044,0.11517476026818163,1.2904995586928312,0.17469637295523555,0.03042468964717482
forecast_forward_cvar_timer,0.1903222706972847,0.07302428128935401,0.646151592337219,0.11445009704135267,0.04291014444877905,0.40582971754935615,0.15556479900549958,0.08054413657606174,0.05085986015866695,0.34638078586410037,0.4487323828936691,0.1655736453492791,0.25408041298334405,0.4726872771719668,0.31353342735246437,0.35784154201489726,0.33705726270684977,0.646151592337219,0.3938575964210209,0.49193419149372564,0.39652837521018136,0.40755711779677606,0.0,0.0,0.009584708124153352,0.06573729271135753,0.06363535216524241,0.05087584437491244,0.2506188175502204,0.41707195069912917,0.13281525442898867,0.046274695507515284,0.0,0.0,0.0005103488032065506,0.06304522491444198,0.1200395322289951,0.044604485854651044,0.0,0.0,0.0,0.0,0.11807602109657012,0.10653121477366612,0.10959787164128332,0.028796056354956523,0.03030338680011746,0.09538450149722144,0.06532491735189438,0.11062968819082086,0.019897754566450154,0.07966081362640098,0.03149644468341872,0.0,0.0,0.39684021514088474,0.39684021514088474,0.44870715245892057,0.3799123064364318,0.3799123064364318,0.4586276946307133,0.2936886596311181,0.4382617852058408,0.284546678164179,0.13028304789043044,1.0,0.6993916466239083,2.063944272725183,0.05998909456641832,0.284546678164179,0.16597959460945844,0.005056950330614374
forecast_forward_cdar_timer,0.3506212917014978,0.18187272600121163,0.6440270661304814,0.06451479373937197,0.05523989268627583,0.36151187169962884,0.13958856724028845,0.14317877185344485,0.05264796385358983,0.34152622081978534,0.3934276869697789,0.17357518064336697,0.24980902730980215,0.366967160824213,0.27968687471160847,0.39014698358266664,0.564899157293673,0.6440270661304814,0.32012878289432345,0.3980674569803917,0.38544332638600665,0.34859394433818036,0.003205696444492312,0.012611453397949446,0.008394404469751371,0.009808375328538954,0.0580813009611425,0.0,0.23654550793000761,0.28642630204351005,0.0862606709208078,0.034157749767123824,0.0,0.0,0.04222370661663899,0.03018776672409329,0.06008699937110551,0.028670215381227937,0.0009124506125695042,0.0,0.0,0.01447649653227534,0.014202605648851008,0.1309102906733921,0.10677030079020033,0.11066212175847767,0.0,0.07558952030912203,0.025385170304239146,0.011315260553234618,0.06498571405620435,0.007223296644981891,0.0,0.009083429101777285,0.024839465261746962,0.3560301759590351,0.3560301759590351,0.29527727246544033,0.3526042244949381,0.3526042244949381,0.36238349257913116,0.11029856099832447,0.3498888750580591,0.2669556700832415,0.0948541024707159,0.6993916466239083,1.0,0.6993916466239083,0.07404431637161046,0.2669556700832415,0.05620800530704284,0.06289107864293253
forecast_forward_risk_timer,0.1903222706972847,0.07302428128935401,0.646151592337219,0.11445009704135267,0.04291014444877905,0.40582971754935615,0.15556479900549958,0.08054413657606174,0.05085986015866695,0.34638078586410037,0.4487323828936691,0.1655736453492791,0.25408041298334405,0.4726872771719668,0.31353342735246437,0.35784154201489726,0.33705726270684977,0.646151592337219,0.3938575964210209,0.49193419149372564,0.39652837521018136,0.40755711779677606,0.0,0.0,0.009584708124153352,0.06573729271135753,0.06363535216524241,0.05087584437491244,0.2506188175502204,0.41707195069912917,0.13281525442898867,0.046274695507515284,0.0,0.0,0.0005103488032065506,0.06304522491444198,0.1200395322289951,0.044604485854651044,0.0,0.0,0.0,0.0,0.11807602109657012,0.10653121477366612,0.10959787164128332,0.028796056354956523,0.03030338680011746,0.09538450149722144,0.06532491735189438,0.11062968819082086,0.019897754566450154,0.07966081362640098,0.03149644468341872,0.0,0.0,0.39684021514088474,0.39684021514088474,0.44870715245892057,0.3799123064364318,0.3799123064364318,0.4586276946307133,0.2936886596311181,0.4382617852058408,0.284546678164179,0.13028304789043044,2.063944272725183,0.6993916466239083,1.0,0.05998909456641832,0.284546678164179,0.16597959460945844,0.005056950330614374
forecast_conviction_timer,0.04861817365163701,0.02401444371304262,0.017239006564248927,0.12355664270259692,0.0795311907030728,0.22339748114732916,0.0784400090719084,0.05446447718007952,0.0,0.07116451434404014,0.020697958792745053,0.06472662939267548,0.015348778577458644,0.1856176533683509,0.26390254313268613,0.01918707139835285,0.06377119923835783,0.017239006564248927,0.0,0.13383881258917507,0.02292484336873646,0.019524455845932653,0.0,0.0,0.0,0.0,0.0,0.010996826425451078,0.029116886904872352,0.12134004984564695,0.023551271822303876,0.001929022018679949,0.012548319885643977,0.0911524946434552,0.0,0.0,0.0,0.0,0.005042117974974225,0.0838104559328029,0.0,0.0,0.0,0.0,0.0,0.0,0.0,0.0,0.0043370663416346655,0.0,0.0,0.0,0.0,0.005234101641271582,0.05938789458083138,0.06206016838033801,0.06206016838033801,0.19571694726555922,0.05037697187955048,0.05037697187955048,0.14910412316523025,0.2682380941685806,0.0703754830114861,0.23363658340597027,0.11517476026818163,0.05998909456641832,0.07404431637161046,0.05998909456641832,1.0,0.23363658340597027,0.0,0.0027392119297753315
forecast_overlay_fraction,0.38307252483410315,0.20163016385718469,0.2587357415156242,0.18079898336931965,0.10999276759021637,0.33491842776641834,0.4002893655602393,0.2689987304407113,0.006864297703357947,0.2767032579614439,0.2845189816252376,0.18037770485554727,0.06625839348141205,0.6244072901430728,0.33686104176924525,0.3641485974385503,0.2193769083727214,0.2587357415156242,0.3742720999349358,0.4939425124647754,0.373465762852383,0.3315054242344575,0.055087822750417015,0.0009843703686178706,0.0,0.034092465362041136,0.013468862360301426,0.07719266088533017,0.2591897102072944,0.23306667307030127,0.20790023899394117,0.04369776343740828,0.0,0.11894758290826646,0.02886768156512698,0.0,0.0,0.05036720940577388,0.0,0.1312252695176599,0.0,0.0,0.0,0.07072321665771053,0.06467116288161279,0.18888295381855458,0.03553139230272706,0.18477675553722994,0.0027834038331332467,0.1507100770367411,0.009405984530290068,0.18355181247169483,0.0036655627009043457,0.0,0.0,0.38407591758569026,0.38407591758569026,0.5186128854395884,0.32572560995559385,0.32572560995559385,0.48284678053859653,0.30626925458435816,0.34021870362772,3.091224899186191,1.2904995586928312,0.284546678164179,0.2669556700832415,0.284546678164179,0.23363658340597027,1.0,0.14589520983059634,0.08216578753492465
robust_selection_score,0.11141502229524836,0.03423022310316437,0.16250290267510614,0.0021410887885817687,0.0,0.05753970208907555,0.018370058546976598,0.0,0.0,0.17349220805512777,0.4119472557836166,0.0,0.16897604861209436,0.21864666402764366,0.1601581279501505,0.3517755402093934,0.01626748015999313,0.16250290267510614,0.1362345259929909,0.22331533781042578,0.47306977596523136,0.3839118687042842,0.014410050599205526,0.06242743968497244,0.0,0.12800243963119717,0.059978365711035764,0.07209284118553017,0.22494455885893327,0.27122063833976195,0.28345879727635825,0.0,0.048767473677989503,0.0,0.0,0.07139901044165198,0.049394760059589427,0.0,0.05411579994116433,0.0,0.0931412785114647,0.0813611486264385,0.0,0.16321082437055034,0.122173104947497,0.047888132847091036,0.0,0.21009981170118142,0.0,0.06174407482737854,0.011621644076299065,0.21769917643878278,0.2678410666653255,0.0,0.06355711459076385,0.11898494298098905,0.11898494298098905,0.17913241731450213,0.12456545882849301,0.12456545882849301,0.11322048348765046,0.08258075999789005,0.15075521551741566,0.14589520983059634,0.17469637295523555,0.16597959460945844,0.05620800530704284,0.16597959460945844,0.0,0.14589520983059634,1.0,0.01536305410309502
selected_alpha,0.0,0.0,0.06327672520894945,0.013184350044363136,0.07028534664370034,0.13560453555465535,0.04845065553296268,0.05315807857078947,0.017455639287464075,0.07956294071396142,0.075033047441036,0.0008105323221152538,0.02626677197588112,0.08479807244912874,0.0,0.05580200158249804,0.12624059254009212,0.06327672520894945,0.09318740472194498,0.12924270773661517,0.0437267032840174,0.03429221732598786,0.05809270838407821,0.0800666805316258,0.02294368158124893,0.0,0.0,0.0,0.10287426020029111,0.13725001205628173,0.05216188689755663,0.012758348593814972,0.004340296048362169,0.0,0.02485254166208073,0.0006492728594109654,0.0,0.016774412850843134,0.025237678682346165,0.0,0.0,0.005016969737923649,0.0,0.002197598654259836,0.0067912631428824755,0.0017709974710544696,0.011439714369969378,8.862136612752813e-05,0.0,0.0008515858962752088,0.1737204934362122,0.0,0.045095522074591665,0.0006741280946553907,0.0,0.07155089817397042,0.07155089817397042,0.07617947863243979,0.05531749475518055,0.05531749475518055,0.06858112445905895,0.0,0.05402899197559363,0.08216578753492465,0.03042468964717482,0.005056950330614374,0.06289107864293253,0.005056950330614374,0.0027392119297753315,0.08216578753492465,0.01536305410309502,1.0
