margin,epsilon_bound,certificate_stable,membership_change_probability_mc
0.005,0.0025,True,0.0
0.005,0.005,False,0.0
0.005,0.01,False,0.45
0.005,0.02,False,0.5945
0.005,0.04,False,0.683
0.01,0.0025,True,0.0
0.01,0.005,True,0.0
0.01,0.01,False,0.0
0.01,0.02,False,0.443
0.01,0.04,False,0.6005
0.02,0.0025,True,0.0
0.02,0.005,True,0.0
0.02,0.01,True,0.0
0.02,0.02,False,0.0
0.02,0.04,False,0.4365
0.04,0.0025,True,0.0
0.04,0.005,True,0.0
0.04,0.01,True,0.0
0.04,0.02,True,0.0
0.04,0.04,False,0.0
0.08,0.0025,True,0.0
0.08,0.005,True,0.0
0.08,0.01,True,0.0
0.08,0.02,True,0.0
0.08,0.04,True,0.0
