budget_multiplier,budget,slack,binding,shadow_price,finite_difference_dV_dc,abs_dual_fd_error
0.9,0.01287525509774243,0.0,True,0.02519884819554313,0.025198848195574684,3.155462002801812e-14
0.925,0.01323290107267972,0.0,True,0.0238265738459663,0.023826573845980983,1.4682699500667695e-14
0.9500000000000001,0.01359054704761701,0.0,True,0.023082613454370692,0.023082613454352044,1.8648277366750676e-14
0.9750000000000001,0.0139481930225543,0.0,True,0.022265806132809356,0.02224152731027346,2.427882253589614e-05
1.0,0.014305838997491589,0.0,True,0.021138697730835623,0.02113869773084652,1.0897532876086302e-14
1.025,0.014663484972428878,0.0,True,0.020300336172108236,0.020300336172091083,1.715294573045867e-14
1.05,0.015021130947366169,0.0,True,0.02021708485553448,0.02021708485548476,4.9720644268447245e-14
1.075,0.015378776922303458,0.0,True,0.020152480666179844,0.02015248066617537,4.475586568020162e-15
1.1,0.01573642289724075,0.0,True,0.019559005306694528,0.019559005306687437,7.0915495697931874e-15
1.125,0.016094068872178038,0.0,True,0.01854080700109951,0.018540807001107055,7.546047120499111e-15
1.15,0.016451714847115325,0.0,True,0.01777019334255009,0.017699844365166854,7.03489773832347e-05
1.175,0.016809360822052616,0.0,True,0.01723253029922908,0.017231588464668098,9.418345609801815e-07
1.2000000000000002,0.01716700679698991,0.0,True,0.016576607494348708,0.016576607494359828,1.1119577481011333e-14
1.225,0.017524652771927197,0.0,True,0.015641155034741536,0.015641155034747847,6.310924005603624e-15
1.25,0.017882298746864485,0.0,True,0.01546807568281563,0.015457959856276246,1.0115826539383588e-05
1.275,0.018239944721801776,0.0,True,0.014583583627185679,0.014583583627182392,3.2873009869760494e-15
1.3,0.018597590696739066,0.0,True,0.010316419548692788,0.010316419548690739,2.048708425128609e-15
