t,score,beta,lambda
0,-1.0,0.995,0.005769498103804866
1,1.0,0.9,0.017332530178673953
2,-1.0,0.995,0.005769498103804866
3,1.0,0.9,0.017332530178673953
4,-1.0,0.995,0.005769498103804866
5,1.0,0.9,0.017332530178673953
6,-1.0,0.995,0.005769498103804866
7,1.0,0.9,0.017332530178673953
8,-1.0,0.995,0.005769498103804866
9,1.0,0.9,0.017332530178673953
10,-1.0,0.995,0.005769498103804866
11,1.0,0.9,0.017332530178673953
12,-1.0,0.995,0.005769498103804866
13,1.0,0.9,0.017332530178673953
14,-1.0,0.995,0.005769498103804866
15,1.0,0.9,0.017332530178673953
16,-1.0,0.995,0.005769498103804866
17,1.0,0.9,0.017332530178673953
18,-1.0,0.995,0.005769498103804866
19,1.0,0.9,0.017332530178673953
