Date,rolling_sharpe_6,rolling_sharpe_12,rolling_sharpe_24,rolling_sortino_6,rolling_sortino_12,rolling_sortino_24
2019-01-02,,,,,,
2019-02-01,,,,,,
2019-03-01,,,,,,
2019-04-01,,,,,,
2019-05-01,,,,,,
2019-06-03,1.426975449389116,,,3.538422146056936,,
2019-07-01,2.218074723378549,,,5.914822516313533,,
2019-08-01,1.4539641360220543,,,3.1375872533708056,,
2019-09-03,0.8795246914168479,,,1.8770944490000807,,
2019-10-01,0.7757052601420761,,,1.6409623168014589,,
2019-11-01,0.882005876011821,,,1.879439278252006,,
2019-12-02,2.7660491855137574,1.9659379770685184,,63.65842181841467,5.429374757084299,
2020-01-02,3.42634780242666,2.3471158664923437,,49.580228042100266,6.457612207269917,
2020-02-03,3.748653133864033,2.0699981447696656,,52.034095038896176,4.611028522127048,
2020-03-02,0.5133582503137702,0.7227695505231422,,0.7160689531323647,1.1245850006465197,
2020-04-01,-0.821002488206605,-0.21332614489786414,,-0.9597414781553113,-0.2719227019807431,
2020-05-01,0.3281567862535963,0.4677321204244895,,0.5938905259394869,0.8228959959255946,
2020-06-01,0.5700474080589787,0.9443414962359997,,1.0635324273290032,1.7414597582265343,
2020-07-01,0.5018584086976469,0.7961755207147496,,0.9312338342909618,1.4290786879080088,
2020-08-03,0.9504090570193582,1.1232471363006458,,1.850780507368996,2.117286139415313,
2020-09-01,1.7623145899924895,1.2867844579257672,,3.6106418455330043,2.408714919120385,
2020-10-01,3.3961927970338754,1.129834543166113,,29.775963176563206,2.1312219868130255,
2020-11-02,2.6557906596963514,1.009663397717923,,15.127348580276946,1.9177187529533115,
2020-12-01,2.6687014751674663,1.251997076153906,1.415283585873482,17.653208613834153,2.4972985316250207,2.89164278849396
2021-01-04,2.8153835621963474,1.251786943160535,1.5314824910041687,18.5814923504212,2.496841719355021,3.121785069133231
2021-02-01,2.1027038195588252,1.2539163771425776,1.3664041375396156,12.136363687485586,2.5007063185006086,2.7105204085075743
2021-03-01,1.6223612986283675,1.6722898423913761,1.275695016292149,9.596217448293606,3.654463195217116,2.5358497792285983
2021-04-01,2.517262893135367,2.963512223612344,1.2955921998566493,41.726280862174065,29.386996418467504,2.576719126186949
2021-05-03,3.605055010413828,3.218168408629552,1.36528735181288,,22.76672643797946,2.7205665265832155
2021-06-01,4.216962877410186,2.85061420535806,1.5601011817386543,,19.669131335738452,3.1716127138451418
2021-07-01,4.358264419383635,2.811831461659938,1.4647487513815791,,19.41026916682935,2.92721786033998
2021-08-02,5.298906301612015,2.72096909828391,1.5325397755895311,,15.830596336155025,3.0537078571634635
2021-09-01,8.796502428399341,2.601812665148071,1.607833235176441,,15.089663221188491,3.1845386159410296
2021-10-01,1.0357394346788338,1.8396629108924272,1.3397235496120194,1.5771844178115615,4.119303632292666,2.553779686513252
2021-11-01,1.4285832395064657,2.320745299765649,1.4967176835274143,3.285218782666694,6.192220747347462,2.998849523112411
2021-12-01,1.1941601783786275,1.8139614807212068,1.4057027024769906,2.797964051654493,4.267787323172049,2.8330081222774584
2022-01-03,0.9490386336073253,1.5351200620540402,1.3076680100605562,2.2320201015018517,3.5760374770104,2.635429256293535
2022-02-01,0.20514132422390835,1.0477672266429137,1.153207616815512,0.42264864738392605,2.1761180080498956,2.287908004354818
2022-03-01,0.1249182769796846,1.1275200939760666,1.4341567324975972,0.25587919409124577,2.3314670832093576,3.0651282128221564
2022-04-01,1.3661760042731759,1.258807708092987,2.126520108733244,4.303657308149097,2.694489031176426,7.053960657873545
2022-05-02,-0.714411597324186,0.4533711996893265,1.575555311260973,-0.9479511917332233,0.7820466799551568,3.452806386209027
2022-06-01,0.5382758191899316,0.8743508862129171,1.6150258421187436,1.0501129798236502,1.747619816140423,3.728549243971427
2022-07-01,-0.6546254886196855,-0.0753643370555202,0.7860371554886864,-0.8471761627121879,-0.10465659539942412,1.2157264480777252
2022-08-01,0.11131243092329245,0.14654559887696075,0.7798429450637,0.1594867538484995,0.21391651180926274,1.2022017228030941
2022-09-01,0.1354840117252256,0.1328964084925773,0.7403384746949533,0.19426352959630108,0.1938488370155457,1.1388551290229731
2022-10-03,-0.7166009894866977,-0.03602024761570641,0.4959766450872824,-0.9297278207148487,-0.05037200077957355,0.7226009772956768
2022-11-01,0.5867137322252873,0.25287052182414643,0.8278639740398462,1.0286146382166357,0.4153295422498905,1.4160833396008006
2022-12-01,0.30760072876621797,0.3780185465638776,0.7250302189223223,0.5183150480520798,0.6222480432916905,1.2102001142068892
2023-01-03,1.0117059641701256,0.22967510495145924,0.5448721581257934,2.369549928067306,0.37476998000329564,0.9005286197628667
2023-02-01,0.8316832932454077,0.49386237489871104,0.6201003167739663,1.8976252735317658,0.8157967601154524,1.0300624318700577
2023-03-01,0.383922500303476,0.27648601610488427,0.49002169443433485,0.8166015265304619,0.44952078379539495,0.8013657048656629
2023-04-03,0.946814614706397,0.0717391495276613,0.39919207287198843,2.9271862855801944,0.11537589958218923,0.6521578916005499
2023-05-01,-0.5627156158488844,0.28359953723285547,0.32842198469060974,-0.7877304042254619,0.46815716582934586,0.5346502616092987
2023-06-01,-1.858331234593434,-0.20596054047642598,0.19004647662476018,-2.02127779947029,-0.31650067417153593,0.3045197379788489
2023-07-03,-0.16555911469615422,0.5927512236105977,0.27936510559440536,-0.2665604585795571,1.215279344140367,0.45499611534822965
2023-08-01,-0.13577590900188471,0.48557423725118637,0.32462770357249776,-0.22060721661460192,0.9701726841327366,0.5317418572948746
2023-09-01,0.15717398579208228,0.3066419301167051,0.22617450360805172,0.28881682768775807,0.6046793768524035,0.36892113472880894
2023-10-02,-0.21487268249387992,0.5147284444291483,0.23245376225059936,-0.35032620762780753,1.2019805563255666,0.3798239032628116
2023-11-01,-0.7030386840221134,-0.6663842203475171,-0.054802943378954166,-1.048956766059003,-0.9273797675136743,-0.08522128678148021
2023-12-01,0.8565997997934464,-0.12619460030278468,0.18198029345719863,2.008333181720494,-0.21826618862276634,0.29798283767805517
2024-01-02,0.8647929310989017,0.4324339151210258,0.3087695734395921,2.0332776790894966,0.8295666374260272,0.5140055980445981
2024-02-01,0.6365710003936879,0.30888054874732335,0.4205340472181407,1.463783755877812,0.5822181009726531,0.7042869194052677
2024-03-01,1.733798757182121,1.0998553857181774,0.610058230784508,4.954258730927471,2.6514119326545873,1.0697859757689576
2024-04-01,2.8458272549755486,1.3569997047884603,0.5845784257077901,9.990693602175774,3.2664900972804745,1.022078659907181
2024-05-01,2.679622925370512,1.0416666421925782,0.608346703334203,8.349299057031029,2.303000650430708,1.071751765080199
2024-06-03,2.586028689835094,1.6979562952020517,0.5837282589364682,7.436066252773655,4.225654185983468,1.0195927382868342
2024-07-01,1.8495241008729615,1.3820106557980347,0.9620044183378169,5.428980588283441,3.4106534891028177,2.0705844767524546
2024-08-01,1.8568733756137805,1.2601218154207898,0.8509929762824178,5.447711772837389,3.091680480674596,1.8002095798996713
2024-09-03,0.43781855071219994,1.2125728475048838,0.7279637858133129,0.8231128422422066,2.911203992460663,1.518860303712818
2024-10-01,0.48928675418335604,1.7302115190127396,1.0748880341399896,0.9310507120704171,4.565365688531812,2.60157883880229
2024-11-01,1.5506310086725767,2.1783774844215293,0.8188594265131043,4.044977803036125,6.458691087792023,1.6577625126122397
2024-12-02,1.590999880077474,2.1782434771319616,0.9680182919413675,5.258846066080316,6.439685228016839,2.088778394581464
2025-01-02,0.8574800746969075,1.4109978104492158,0.9310946218815886,1.9402850643790441,3.4750596773996714,1.9685963779716364
2025-02-03,1.1883696789442202,1.5877652090360534,0.9595673345093323,2.810967714236839,3.963105977090666,2.041680876342774
2025-03-03,0.58449939956689,0.5397287052747783,0.8417360426401429,1.0297222496529688,0.9251397023740703,1.6467681145865252
2025-04-01,0.05021340952510001,0.23084400922103626,0.8074649823483977,0.085841138187089,0.38831485004473265,1.570093527797826
2025-05-01,0.2118655318199986,0.6682609566623418,0.8820488037226754,0.36754202533290886,1.1867280958182322,1.7165841294600752
2025-06-02,-0.29364307450742416,0.5562101397221382,1.1654678670467888,-0.4147749832756186,0.9468437217594697,2.361542446400149
2025-07-01,0.5542055577435188,0.7406044212108575,1.0948036502924032,0.8443749802377035,1.26736818923392,2.1871387410363177
2025-08-01,0.2762466071341816,0.7873058509151991,1.053895521606744,0.39290877239628574,1.3514432071387845,2.095733544606329
2025-09-02,2.1381869362706443,0.9960845453312925,1.1323981798287905,5.586379029539608,1.7445981004546098,2.272525034538837
2025-10-01,4.577249028222168,1.150125954621149,1.4709189224670132,85.79739289598805,2.114869792061204,3.102185592027943
2025-11-03,2.39138869019691,0.9237595476377496,1.5393263683214107,8.532626595989814,1.6960336812452452,3.320011286365189
2025-12-01,-0.198262676094818,-0.25311819709420813,0.8297159538233654,-0.264533604489898,-0.32956751678343604,1.369639859602454
