period,arm,n_months,total_return_pct,annual_return_pct,annual_vol_pct,sharpe,max_drawdown_pct
full_sample,base,29,49.992536891396064,18.265046571891762,13.010425024033289,1.2078239506853867,-14.834104965041117
full_sample,fast_only,29,30.012875118703384,11.47225089133601,9.52648253573152,0.9817378066997898,-10.781969735906516
full_sample,slow_only,29,50.66431119814965,18.48393573313627,12.867468076575333,1.2343267758536745,-14.396197818510759
full_sample,combined,29,30.212356338792755,11.542991774629808,9.48266417660424,0.9925913737002648,-10.586094181130267
2020,base,12,17.461235472831206,17.461235472831206,18.423881179477657,0.8561198036075223,-14.834104965041117
2020,fast_only,12,7.706705627470578,7.706705627470578,12.764691940944372,0.4862989956525429,-10.781969735906516
2020,slow_only,12,18.051504543314635,18.051504543314635,18.167023619976337,0.8936670964763339,-14.39619781851077
2020,combined,12,7.930651911697284,7.930651911697284,12.689717854403451,0.5049426204170613,-10.586094181130278
2022,base,0,,,,,
2022,fast_only,0,,,,,
2022,slow_only,0,,,,,
2022,combined,0,,,,,
stress_2020_2022,base,12,17.461235472831206,17.461235472831206,18.423881179477657,0.8561198036075223,-14.834104965041117
stress_2020_2022,fast_only,12,7.706705627470578,7.706705627470578,12.764691940944372,0.4862989956525429,-10.781969735906516
stress_2020_2022,slow_only,12,18.051504543314635,18.051504543314635,18.167023619976337,0.8936670964763339,-14.39619781851077
stress_2020_2022,combined,12,7.930651911697284,7.930651911697284,12.689717854403451,0.5049426204170613,-10.586094181130278
calm_remainder,base,17,27.695350970567034,18.83575223043934,7.928403048621227,1.9767959170666176,-3.699551201934026
calm_remainder,fast_only,17,20.710102830908326,14.209276079097677,6.7635230645090765,1.7110231015165023,-3.699551201934026
calm_remainder,slow_only,17,27.625913605250997,18.790134641449473,7.926806783208839,1.9722643713112213,-3.699551201934026
calm_remainder,combined,17,20.644463859372507,14.16543445974301,6.7595534006790015,1.7062470475156122,-3.699551201934026
