date,engine_used,fallback_reason,selected_alpha
2019-01-02,False,Nested engine disabled by config.,0.5
2019-02-01,False,Nested engine disabled by config.,0.47906015419783665
2019-03-01,False,Nested engine disabled by config.,0.4990143239404525
2019-04-01,False,Nested engine disabled by config.,0.5069619081812466
2019-05-01,False,Nested engine disabled by config.,0.5290246991996304
2019-06-03,False,Nested engine disabled by config.,0.5163320514984095
2019-07-01,False,Nested engine disabled by config.,0.5037753099970526
2019-08-01,False,Nested engine disabled by config.,0.5043050921352642
2019-09-03,False,Nested engine disabled by config.,0.5049039053756024
2019-10-01,False,Nested engine disabled by config.,0.5050948076176771
2019-11-01,False,Nested engine disabled by config.,0.502041106686782
2019-12-02,False,Nested engine disabled by config.,0.5091811583006909
2020-01-02,False,Nested engine disabled by config.,0.5085189826138184
2020-02-03,False,Nested engine disabled by config.,0.5227740066038882
2020-03-02,False,Nested engine disabled by config.,0.5203638217167843
2020-04-01,False,Nested engine disabled by config.,0.5045136851487874
2020-05-01,False,Nested engine disabled by config.,0.4758157316805216
2020-06-01,False,Nested engine disabled by config.,0.48390056046185975
2020-07-01,False,Nested engine disabled by config.,0.5073398608409184
2020-08-03,False,Nested engine disabled by config.,0.5250535231024203
2020-09-01,False,Nested engine disabled by config.,0.5435363268029296
2020-10-01,False,Nested engine disabled by config.,0.5486554919028761
2020-11-02,False,Nested engine disabled by config.,0.5316929225939682
2020-12-01,False,Nested engine disabled by config.,0.5049377918131289
2021-01-04,False,Nested engine disabled by config.,0.516932302946202
2021-02-01,False,Nested engine disabled by config.,0.5486078550399409
2021-03-01,False,Nested engine disabled by config.,0.5724624558005174
2021-04-01,False,Nested engine disabled by config.,0.5475028380230907
2021-05-03,False,Nested engine disabled by config.,0.5115955673882059
2021-06-01,False,Nested engine disabled by config.,0.47689030311033914
2021-07-01,False,Nested engine disabled by config.,0.4938107823273621
2021-08-02,False,Nested engine disabled by config.,0.5058264187973583
2021-09-01,False,Nested engine disabled by config.,0.5148161781724687
2021-10-01,False,Nested engine disabled by config.,0.513609383660033
2021-11-01,False,Nested engine disabled by config.,0.49255756571669645
2021-12-01,False,Nested engine disabled by config.,0.5142856576596776
2022-01-03,False,Nested engine disabled by config.,0.5143094796937803
2022-02-01,False,Nested engine disabled by config.,0.5106312111983231
2022-03-01,False,Nested engine disabled by config.,0.4936223712755466
2022-04-01,False,Nested engine disabled by config.,0.5024192171945574
2022-05-02,False,Nested engine disabled by config.,0.5144535026622287
2022-06-01,False,Nested engine disabled by config.,0.5139464616257939
2022-07-01,False,Nested engine disabled by config.,0.5212413931380472
2022-08-01,False,Nested engine disabled by config.,0.48363935321713813
2022-09-01,False,Nested engine disabled by config.,0.49226880298007847
2022-10-03,False,Nested engine disabled by config.,0.47855965697873576
2022-11-01,False,Nested engine disabled by config.,0.49620791903019135
2022-12-01,False,Nested engine disabled by config.,0.5314248770328428
2023-01-03,False,Nested engine disabled by config.,0.5337646324543053
2023-02-01,False,Nested engine disabled by config.,0.5307505256348098
2023-03-01,False,Nested engine disabled by config.,0.5114432086466396
2023-04-03,False,Nested engine disabled by config.,0.4928803233640369
2023-05-01,False,Nested engine disabled by config.,0.5022056547837629
2023-06-01,False,Nested engine disabled by config.,0.4939647577221507
2023-07-03,False,Nested engine disabled by config.,0.4789916217256708
2023-08-01,False,Nested engine disabled by config.,0.505007542385274
2023-09-01,False,Nested engine disabled by config.,0.5359518052037481
2023-10-02,False,Nested engine disabled by config.,0.5211966531085833
2023-11-01,False,Nested engine disabled by config.,0.5048117170235068
2023-12-01,False,Nested engine disabled by config.,0.4854217680575582
2024-01-02,False,Nested engine disabled by config.,0.5000359169502521
2024-02-01,False,Nested engine disabled by config.,0.5303161468486317
2024-03-01,False,Nested engine disabled by config.,0.5481342723325676
2024-04-01,False,Nested engine disabled by config.,0.5537115994917482
2024-05-01,False,Nested engine disabled by config.,0.5562420299905568
2024-06-03,False,Nested engine disabled by config.,0.5274987970314587
2024-07-01,False,Nested engine disabled by config.,0.5069134429618
2024-08-01,False,Nested engine disabled by config.,0.5048965383954713
2024-09-03,False,Nested engine disabled by config.,0.5142254472187295
2024-10-01,False,Nested engine disabled by config.,0.49433121992394413
2024-11-01,False,Nested engine disabled by config.,0.5022234393807802
2024-12-02,False,Nested engine disabled by config.,0.527912381653021
2025-01-02,False,Nested engine disabled by config.,0.5457008742577598
2025-02-03,False,Nested engine disabled by config.,0.5358736352597256
2025-03-03,False,Nested engine disabled by config.,0.5442443320599147
2025-04-01,False,Nested engine disabled by config.,0.49662308723574966
2025-05-01,False,Nested engine disabled by config.,0.48829077928139036
2025-06-02,False,Nested engine disabled by config.,0.4948339406118494
2025-07-01,False,Nested engine disabled by config.,0.5150422018647146
2025-08-01,False,Nested engine disabled by config.,0.5354080949805228
2025-09-02,False,Nested engine disabled by config.,0.5294919561043966
2025-10-01,False,Nested engine disabled by config.,0.5142010254689051
2025-11-03,False,Nested engine disabled by config.,0.5228387881493888
