number_of_trials,trial_sharpe_std,expected_max_sharpe,dsr
1.0,2.5e-07,0.0,0.9588673048659666
1.0,3.0147058823529413e-07,0.0,0.9588673048659666
1.0,3.529411764705882e-07,0.0,0.9588673048659666
1.0,4.044117647058823e-07,0.0,0.9588673048659666
1.0,4.5588235294117646e-07,0.0,0.9588673048659666
1.0,5.073529411764705e-07,0.0,0.9588673048659666
1.0,5.588235294117647e-07,0.0,0.9588673048659666
1.0,6.102941176470589e-07,0.0,0.9588673048659666
1.0,6.617647058823529e-07,0.0,0.9588673048659666
1.0,7.132352941176471e-07,0.0,0.9588673048659666
1.0,7.647058823529411e-07,0.0,0.9588673048659666
1.0,8.161764705882353e-07,0.0,0.9588673048659666
1.0,8.676470588235295e-07,0.0,0.9588673048659666
1.0,9.191176470588234e-07,0.0,0.9588673048659666
1.0,9.705882352941176e-07,0.0,0.9588673048659666
1.0,1.0220588235294118e-06,0.0,0.9588673048659666
1.0,1.0735294117647058e-06,0.0,0.9588673048659666
1.0,1.125e-06,0.0,0.9588673048659666
1.0,1.176470588235294e-06,0.0,0.9588673048659666
1.0,1.2279411764705882e-06,0.0,0.9588673048659666
1.0,1.2794117647058822e-06,0.0,0.9588673048659666
1.0,1.3308823529411764e-06,0.0,0.9588673048659666
1.0,1.3823529411764706e-06,0.0,0.9588673048659666
1.0,1.4338235294117646e-06,0.0,0.9588673048659666
1.0,1.4852941176470588e-06,0.0,0.9588673048659666
1.0,1.536764705882353e-06,0.0,0.9588673048659666
1.0,1.588235294117647e-06,0.0,0.9588673048659666
1.0,1.6397058823529412e-06,0.0,0.9588673048659666
1.0,1.6911764705882354e-06,0.0,0.9588673048659666
1.0,1.7426470588235293e-06,0.0,0.9588673048659666
1.0,1.7941176470588235e-06,0.0,0.9588673048659666
1.0,1.8455882352941175e-06,0.0,0.9588673048659666
1.0,1.8970588235294117e-06,0.0,0.9588673048659666
1.0,1.948529411764706e-06,0.0,0.9588673048659666
1.0,2e-06,0.0,0.9588673048659666
1.018,2.5e-07,-1.7120561562443617e-07,0.9588673442528898
1.018,3.0147058823529413e-07,-2.0645383060593775e-07,0.9588673523619584
1.018,3.529411764705882e-07,-2.4170204558743927e-07,0.9588673604710257
1.018,4.044117647058823e-07,-2.7695026056894085e-07,0.9588673685800917
1.018,4.5588235294117646e-07,-3.1219847555044243e-07,0.9588673766891564
1.018,5.073529411764705e-07,-3.4744669053194396e-07,0.9588673847982199
1.018,5.588235294117647e-07,-3.8269490551344554e-07,0.958867392907282
1.018,6.102941176470589e-07,-4.1794312049494717e-07,0.9588674010163428
1.018,6.617647058823529e-07,-4.5319133547644864e-07,0.9588674091254024
1.018,7.132352941176471e-07,-4.884395504579503e-07,0.9588674172344606
1.018,7.647058823529411e-07,-5.236877654394517e-07,0.9588674253435175
1.018,8.161764705882353e-07,-5.589359804209534e-07,0.9588674334525732
1.018,8.676470588235295e-07,-5.94184195402455e-07,0.9588674415616275
1.018,9.191176470588234e-07,-6.294324103839564e-07,0.9588674496706806
1.018,9.705882352941176e-07,-6.646806253654581e-07,0.9588674577797324
1.018,1.0220588235294118e-06,-6.999288403469597e-07,0.9588674658887828
1.018,1.0735294117647058e-06,-7.351770553284612e-07,0.958867473997832
1.018,1.125e-06,-7.704252703099629e-07,0.9588674821068799
1.018,1.176470588235294e-06,-8.056734852914643e-07,0.9588674902159264
1.018,1.2279411764705882e-06,-8.409217002729659e-07,0.9588674983249718
1.018,1.2794117647058822e-06,-8.761699152544673e-07,0.9588675064340156
1.018,1.3308823529411764e-06,-9.11418130235969e-07,0.9588675145430583
1.018,1.3823529411764706e-06,-9.466663452174706e-07,0.9588675226520997
1.018,1.4338235294117646e-06,-9.81914560198972e-07,0.9588675307611398
1.018,1.4852941176470588e-06,-1.0171627751804736e-06,0.9588675388701786
1.018,1.536764705882353e-06,-1.0524109901619753e-06,0.9588675469792161
1.018,1.588235294117647e-06,-1.087659205143477e-06,0.9588675550882523
1.018,1.6397058823529412e-06,-1.1229074201249783e-06,0.9588675631972873
1.018,1.6911764705882354e-06,-1.15815563510648e-06,0.9588675713063208
1.018,1.7426470588235293e-06,-1.1934038500879816e-06,0.9588675794153532
1.018,1.7941176470588235e-06,-1.2286520650694832e-06,0.9588675875243842
1.018,1.8455882352941175e-06,-1.2639002800509847e-06,0.9588675956334138
1.018,1.8970588235294117e-06,-1.2991484950324863e-06,0.9588676037424424
1.018,1.948529411764706e-06,-1.334396710013988e-06,0.9588676118514694
1.018,2e-06,-1.3696449249954893e-06,0.9588676199604953
1.036,2.5e-07,-1.382330802570334e-07,0.9588673366673541
1.036,3.0147058823529413e-07,-1.6669283207465793e-07,0.958867343214696
1.036,3.529411764705882e-07,-1.9515258389228245e-07,0.9588673497620372
1.036,4.044117647058823e-07,-2.2361233570990694e-07,0.9588673563093776
1.036,4.5588235294117646e-07,-2.520720875275315e-07,0.958867362856717
1.036,5.073529411764705e-07,-2.8053183934515596e-07,0.9588673694040556
1.036,5.588235294117647e-07,-3.0899159116278053e-07,0.9588673759513934
1.036,6.102941176470589e-07,-3.374513429804051e-07,0.9588673824987303
1.036,6.617647058823529e-07,-3.659110947980296e-07,0.9588673890460664
1.036,7.132352941176471e-07,-3.9437084661565415e-07,0.9588673955934016
1.036,7.647058823529411e-07,-4.2283059843327856e-07,0.958867402140736
1.036,8.161764705882353e-07,-4.5129035025090314e-07,0.9588674086880695
1.036,8.676470588235295e-07,-4.797501020685277e-07,0.9588674152354022
1.036,9.191176470588234e-07,-5.082098538861521e-07,0.9588674217827341
1.036,9.705882352941176e-07,-5.366696057037768e-07,0.9588674283300651
1.036,1.0220588235294118e-06,-5.651293575214013e-07,0.9588674348773952
1.036,1.0735294117647058e-06,-5.935891093390258e-07,0.9588674414247246
1.036,1.125e-06,-6.220488611566503e-07,0.958867447972053
1.036,1.176470588235294e-06,-6.505086129742747e-07,0.9588674545193807
1.036,1.2279411764705882e-06,-6.789683647918994e-07,0.9588674610667074
1.036,1.2794117647058822e-06,-7.074281166095238e-07,0.9588674676140334
1.036,1.3308823529411764e-06,-7.358878684271484e-07,0.9588674741613584
1.036,1.3823529411764706e-06,-7.643476202447729e-07,0.9588674807086828
1.036,1.4338235294117646e-06,-7.928073720623974e-07,0.9588674872560061
1.036,1.4852941176470588e-06,-8.21267123880022e-07,0.9588674938033287
1.036,1.536764705882353e-06,-8.497268756976465e-07,0.9588675003506504
1.036,1.588235294117647e-06,-8.78186627515271e-07,0.9588675068979713
1.036,1.6397058823529412e-06,-9.066463793328955e-07,0.9588675134452913
1.036,1.6911764705882354e-06,-9.351061311505201e-07,0.9588675199926104
1.036,1.7426470588235293e-06,-9.635658829681446e-07,0.9588675265399288
1.036,1.7941176470588235e-06,-9.920256347857692e-07,0.9588675330872463
1.036,1.8455882352941175e-06,-1.0204853866033936e-06,0.958867539634563
1.036,1.8970588235294117e-06,-1.0489451384210182e-06,0.9588675461818787
1.036,1.948529411764706e-06,-1.0774048902386429e-06,0.9588675527291937
1.036,2e-06,-1.1058646420562673e-06,0.9588675592765078
1.055,2.5e-07,-1.1559542492868091e-07,0.9588673314594208
1.055,3.0147058823529413e-07,-1.393944830022329e-07,0.958867336934542
1.055,3.529411764705882e-07,-1.6319354107578483e-07,0.9588673424096625
1.055,4.044117647058823e-07,-1.8699259914933677e-07,0.9588673478847826
1.055,4.5588235294117646e-07,-2.1079165722288875e-07,0.958867353359902
1.055,5.073529411764705e-07,-2.3459071529644066e-07,0.9588673588350208
1.055,5.588235294117647e-07,-2.5838977336999267e-07,0.9588673643101391
1.055,6.102941176470589e-07,-2.8218883144354463e-07,0.9588673697852567
1.055,6.617647058823529e-07,-3.0598788951709654e-07,0.9588673752603737
1.055,7.132352941176471e-07,-3.2978694759064855e-07,0.9588673807354902
1.055,7.647058823529411e-07,-3.5358600566420045e-07,0.9588673862106061
1.055,8.161764705882353e-07,-3.773850637377524e-07,0.9588673916857213
1.055,8.676470588235295e-07,-4.011841218113044e-07,0.958867397160836
1.055,9.191176470588234e-07,-4.2498317988485633e-07,0.95886740263595
1.055,9.705882352941176e-07,-4.487822379584083e-07,0.9588674081110635
1.055,1.0220588235294118e-06,-4.725812960319603e-07,0.9588674135861764
1.055,1.0735294117647058e-06,-4.963803541055122e-07,0.9588674190612888
1.055,1.125e-06,-5.201794121790642e-07,0.9588674245364005
1.055,1.176470588235294e-06,-5.439784702526161e-07,0.9588674300115116
1.055,1.2279411764705882e-06,-5.67777528326168e-07,0.9588674354866222
1.055,1.2794117647058822e-06,-5.9157658639972e-07,0.9588674409617322
1.055,1.3308823529411764e-06,-6.15375644473272e-07,0.9588674464368415
1.055,1.3823529411764706e-06,-6.391747025468239e-07,0.9588674519119502
1.055,1.4338235294117646e-06,-6.629737606203759e-07,0.9588674573870585
1.055,1.4852941176470588e-06,-6.867728186939278e-07,0.9588674628621661
1.055,1.536764705882353e-06,-7.105718767674798e-07,0.9588674683372731
1.055,1.588235294117647e-06,-7.343709348410317e-07,0.9588674738123795
1.055,1.6397058823529412e-06,-7.581699929145837e-07,0.9588674792874853
1.055,1.6911764705882354e-06,-7.819690509881357e-07,0.9588674847625905
1.055,1.7426470588235293e-06,-8.057681090616876e-07,0.9588674902376951
1.055,1.7941176470588235e-06,-8.295671671352396e-07,0.9588674957127992
1.055,1.8455882352941175e-06,-8.533662252087914e-07,0.9588675011879026
1.055,1.8970588235294117e-06,-8.771652832823435e-07,0.9588675066630055
1.055,1.948529411764706e-06,-9.009643413558956e-07,0.9588675121381077
1.055,2e-06,-9.247633994294473e-07,0.9588675176132094
1.074,2.5e-07,-9.833125637605111e-08,0.9588673274876912
1.074,3.0147058823529413e-07,-1.1857592680641458e-07,0.9588673321451038
1.074,3.529411764705882e-07,-1.3882059723677804e-07,0.958867336802516
1.074,4.044117647058823e-07,-1.5906526766714148e-07,0.9588673414599278
1.074,4.5588235294117646e-07,-1.7930993809750498e-07,0.9588673461173391
1.074,5.073529411764705e-07,-1.995546085278684e-07,0.95886735077475
1.074,5.588235294117647e-07,-2.197992789582319e-07,0.9588673554321605
1.074,6.102941176470589e-07,-2.4004394938859537e-07,0.9588673600895705
1.074,6.617647058823529e-07,-2.602886198189588e-07,0.9588673647469802
1.074,7.132352941176471e-07,-2.805332902493223e-07,0.9588673694043893
1.074,7.647058823529411e-07,-3.007779606796857e-07,0.9588673740617981
1.074,8.161764705882353e-07,-3.2102263111004923e-07,0.9588673787192065
1.074,8.676470588235295e-07,-3.412673015404127e-07,0.9588673833766145
1.074,9.191176470588234e-07,-3.615119719707761e-07,0.9588673880340219
1.074,9.705882352941176e-07,-3.817566424011396e-07,0.958867392691429
1.074,1.0220588235294118e-06,-4.020013128315031e-07,0.9588673973488356
1.074,1.0735294117647058e-06,-4.2224598326186653e-07,0.9588674020062419
1.074,1.125e-06,-4.4249065369223003e-07,0.9588674066636476
1.074,1.176470588235294e-06,-4.627353241225934e-07,0.9588674113210529
1.074,1.2279411764705882e-06,-4.829799945529569e-07,0.9588674159784578
1.074,1.2794117647058822e-06,-5.032246649833203e-07,0.9588674206358624
1.074,1.3308823529411764e-06,-5.234693354136839e-07,0.9588674252932664
1.074,1.3823529411764706e-06,-5.437140058440473e-07,0.9588674299506701
1.074,1.4338235294117646e-06,-5.639586762744108e-07,0.9588674346080733
1.074,1.4852941176470588e-06,-5.842033467047742e-07,0.9588674392654761
1.074,1.536764705882353e-06,-6.044480171351377e-07,0.9588674439228785
1.074,1.588235294117647e-06,-6.246926875655012e-07,0.9588674485802804
1.074,1.6397058823529412e-06,-6.449373579958646e-07,0.9588674532376819
1.074,1.6911764705882354e-06,-6.651820284262282e-07,0.958867457895083
1.074,1.7426470588235293e-06,-6.854266988565915e-07,0.9588674625524836
1.074,1.7941176470588235e-06,-7.05671369286955e-07,0.9588674672098838
1.074,1.8455882352941175e-06,-7.259160397173185e-07,0.9588674718672836
1.074,1.8970588235294117e-06,-7.461607101476819e-07,0.958867476524683
1.074,1.948529411764706e-06,-7.664053805780456e-07,0.9588674811820819
1.074,2e-06,-7.866500510084089e-07,0.9588674858394804
1.093,2.5e-07,-8.410708239985696e-08,0.958867324215331
1.093,3.0147058823529413e-07,-1.0142324642335694e-07,0.9588673281990228
1.093,3.529411764705882e-07,-1.187394104468569e-07,0.9588673321827142
1.093,4.044117647058823e-07,-1.3605557447035684e-07,0.9588673361664054
1.093,4.5588235294117646e-07,-1.5337173849385682e-07,0.9588673401500962
1.093,5.073529411764705e-07,-1.7068790251735675e-07,0.9588673441337867
1.093,5.588235294117647e-07,-1.8800406654085674e-07,0.9588673481174769
1.093,6.102941176470589e-07,-2.0532023056435675e-07,0.9588673521011668
1.093,6.617647058823529e-07,-2.2263639458785665e-07,0.9588673560848563
1.093,7.132352941176471e-07,-2.3995255861135666e-07,0.9588673600685456
1.093,7.647058823529411e-07,-2.572687226348566e-07,0.9588673640522345
1.093,8.161764705882353e-07,-2.7458488665835657e-07,0.9588673680359231
1.093,8.676470588235295e-07,-2.9190105068185656e-07,0.9588673720196115
1.093,9.191176470588234e-07,-3.092172147053565e-07,0.9588673760032994
1.093,9.705882352941176e-07,-3.2653337872885647e-07,0.9588673799869871
1.093,1.0220588235294118e-06,-3.4384954275235645e-07,0.9588673839706745
1.093,1.0735294117647058e-06,-3.611657067758564e-07,0.9588673879543615
1.093,1.125e-06,-3.7848187079935637e-07,0.9588673919380483
1.093,1.176470588235294e-06,-3.957980348228563e-07,0.9588673959217348
1.093,1.2279411764705882e-06,-4.131141988463563e-07,0.9588673999054209
1.093,1.2794117647058822e-06,-4.304303628698562e-07,0.9588674038891066
1.093,1.3308823529411764e-06,-4.477465268933562e-07,0.9588674078727921
1.093,1.3823529411764706e-06,-4.650626909168562e-07,0.9588674118564774
1.093,1.4338235294117646e-06,-4.823788549403561e-07,0.9588674158401622
1.093,1.4852941176470588e-06,-4.99695018963856e-07,0.9588674198238467
1.093,1.536764705882353e-06,-5.17011182987356e-07,0.958867423807531
1.093,1.588235294117647e-06,-5.34327347010856e-07,0.9588674277912149
1.093,1.6397058823529412e-06,-5.51643511034356e-07,0.9588674317748985
1.093,1.6911764705882354e-06,-5.68959675057856e-07,0.9588674357585818
1.093,1.7426470588235293e-06,-5.862758390813558e-07,0.9588674397422648
1.093,1.7941176470588235e-06,-6.035920031048558e-07,0.9588674437259476
1.093,1.8455882352941175e-06,-6.209081671283558e-07,0.9588674477096298
1.093,1.8970588235294117e-06,-6.382243311518558e-07,0.9588674516933119
1.093,1.948529411764706e-06,-6.555404951753559e-07,0.9588674556769937
1.093,2e-06,-6.728566591988557e-07,0.9588674596606751
1.113,2.5e-07,-7.126993041561928e-08,0.9588673212620639
1.113,3.0147058823529413e-07,-8.594315138354091e-08,0.9588673246377303
1.113,3.529411764705882e-07,-1.0061637235146252e-07,0.9588673280133964
1.113,4.044117647058823e-07,-1.1528959331938412e-07,0.9588673313890623
1.113,4.5588235294117646e-07,-1.2996281428730574e-07,0.9588673347647281
1.113,5.073529411764705e-07,-1.4463603525522735e-07,0.9588673381403936
1.113,5.588235294117647e-07,-1.59309256223149e-07,0.9588673415160588
1.113,6.102941176470589e-07,-1.7398247719107063e-07,0.9588673448917239
1.113,6.617647058823529e-07,-1.886556981589922e-07,0.9588673482673887
1.113,7.132352941176471e-07,-2.0332891912691384e-07,0.9588673516430534
1.113,7.647058823529411e-07,-2.1800214009483542e-07,0.9588673550187177
1.113,8.161764705882353e-07,-2.3267536106275706e-07,0.9588673583943819
1.113,8.676470588235295e-07,-2.4734858203067873e-07,0.9588673617700458
1.113,9.191176470588234e-07,-2.6202180299860027e-07,0.9588673651457095
1.113,9.705882352941176e-07,-2.766950239665219e-07,0.958867368521373
1.113,1.0220588235294118e-06,-2.9136824493444355e-07,0.9588673718970363
1.113,1.0735294117647058e-06,-3.0604146590236514e-07,0.9588673752726993
1.113,1.125e-06,-3.207146868702868e-07,0.9588673786483621
1.113,1.176470588235294e-06,-3.3538790783820836e-07,0.9588673820240247
1.113,1.2279411764705882e-06,-3.5006112880613e-07,0.958867385399687
1.113,1.2794117647058822e-06,-3.647343497740516e-07,0.9588673887753492
1.113,1.3308823529411764e-06,-3.7940757074197323e-07,0.958867392151011
1.113,1.3823529411764706e-06,-3.940807917098949e-07,0.9588673955266728
1.113,1.4338235294117646e-06,-4.0875401267781646e-07,0.9588673989023342
1.113,1.4852941176470588e-06,-4.234272336457381e-07,0.9588674022779954
1.113,1.536764705882353e-06,-4.3810045461365974e-07,0.9588674056536565
1.113,1.588235294117647e-06,-4.5277367558158133e-07,0.9588674090293172
1.113,1.6397058823529412e-06,-4.6744689654950297e-07,0.9588674124049779
1.113,1.6911764705882354e-06,-4.821201175174246e-07,0.9588674157806382
1.113,1.7426470588235293e-06,-4.967933384853462e-07,0.9588674191562983
1.113,1.7941176470588235e-06,-5.114665594532678e-07,0.9588674225319581
1.113,1.8455882352941175e-06,-5.261397804211894e-07,0.9588674259076179
1.113,1.8970588235294117e-06,-5.408130013891111e-07,0.9588674292832773
1.113,1.948529411764706e-06,-5.554862223570328e-07,0.9588674326589365
1.113,2e-06,-5.701594433249542e-07,0.9588674360345955
1.132,2.5e-07,-6.051510812966252e-08,0.9588673187878495
1.132,3.0147058823529413e-07,-7.297410097988717e-08,0.9588673216541189
1.132,3.529411764705882e-07,-8.54330938301118e-08,0.9588673245203884
1.132,4.044117647058823e-07,-9.789208668033643e-08,0.9588673273866575
1.132,4.5588235294117646e-07,-1.1035107953056108e-07,0.9588673302529265
1.132,5.073529411764705e-07,-1.228100723807857e-07,0.9588673331191954
1.132,5.588235294117647e-07,-1.3526906523101036e-07,0.958867335985464
1.132,6.102941176470589e-07,-1.4772805808123502e-07,0.9588673388517326
1.132,6.617647058823529e-07,-1.6018705093145963e-07,0.9588673417180009
1.132,7.132352941176471e-07,-1.7264604378168427e-07,0.9588673445842691
1.132,7.647058823529411e-07,-1.8510503663190888e-07,0.9588673474505373
1.132,8.161764705882353e-07,-1.9756402948213354e-07,0.9588673503168051
1.132,8.676470588235295e-07,-2.100230223323582e-07,0.9588673531830728
1.132,9.191176470588234e-07,-2.2248201518258282e-07,0.9588673560493404
1.132,9.705882352941176e-07,-2.3494100803280745e-07,0.9588673589156078
1.132,1.0220588235294118e-06,-2.474000008830321e-07,0.958867361781875
1.132,1.0735294117647058e-06,-2.5985899373325673e-07,0.958867364648142
1.132,1.125e-06,-2.723179865834814e-07,0.958867367514409
1.132,1.176470588235294e-06,-2.84776979433706e-07,0.9588673703806758
1.132,1.2279411764705882e-06,-2.9723597228393066e-07,0.9588673732469424
1.132,1.2794117647058822e-06,-3.096949651341553e-07,0.9588673761132088
1.132,1.3308823529411764e-06,-3.2215395798437994e-07,0.958867378979475
1.132,1.3823529411764706e-06,-3.3461295083460455e-07,0.9588673818457412
1.132,1.4338235294117646e-06,-3.4707194368482916e-07,0.958867384712007
1.132,1.4852941176470588e-06,-3.595309365350538e-07,0.958867387578273
1.132,1.536764705882353e-06,-3.719899293852785e-07,0.9588673904445385
1.132,1.588235294117647e-06,-3.844489222355031e-07,0.958867393310804
1.132,1.6397058823529412e-06,-3.9690791508572776e-07,0.9588673961770693
1.132,1.6911764705882354e-06,-4.093669079359524e-07,0.9588673990433344
1.132,1.7426470588235293e-06,-4.2182590078617703e-07,0.9588674019095994
1.132,1.7941176470588235e-06,-4.342848936364017e-07,0.9588674047758642
1.132,1.8455882352941175e-06,-4.467438864866263e-07,0.9588674076421289
1.132,1.8970588235294117e-06,-4.592028793368509e-07,0.9588674105083933
1.132,1.948529411764706e-06,-4.7166187218707563e-07,0.9588674133746576
1.132,2e-06,-4.841208650373002e-07,0.9588674162409218
1.153,2.5e-07,-4.9847830820344384e-08,0.9588673163337752
1.153,3.0147058823529413e-07,-6.011061951865059e-08,0.9588673186947944
1.153,3.529411764705882e-07,-7.037340821695677e-08,0.9588673210558133
1.153,4.044117647058823e-07,-8.063619691526296e-08,0.9588673234168321
1.153,4.5588235294117646e-07,-9.089898561356917e-08,0.9588673257778508
1.153,5.073529411764705e-07,-1.0116177431187535e-07,0.9588673281388695
1.153,5.588235294117647e-07,-1.1142456301018157e-07,0.958867330499888
1.153,6.102941176470589e-07,-1.216873517084878e-07,0.9588673328609065
1.153,6.617647058823529e-07,-1.3195014040679394e-07,0.9588673352219248
1.153,7.132352941176471e-07,-1.4221292910510015e-07,0.958867337582943
1.153,7.647058823529411e-07,-1.5247571780340633e-07,0.9588673399439611
1.153,8.161764705882353e-07,-1.6273850650171254e-07,0.958867342304979
1.153,8.676470588235295e-07,-1.7300129520001877e-07,0.958867344665997
1.153,9.191176470588234e-07,-1.8326408389832492e-07,0.9588673470270147
1.153,9.705882352941176e-07,-1.9352687259663113e-07,0.9588673493880323
1.153,1.0220588235294118e-06,-2.0378966129493736e-07,0.9588673517490499
1.153,1.0735294117647058e-06,-2.1405244999324352e-07,0.9588673541100674
1.153,1.125e-06,-2.2431523869154975e-07,0.9588673564710847
1.153,1.176470588235294e-06,-2.345780273898559e-07,0.9588673588321018
1.153,1.2279411764705882e-06,-2.448408160881621e-07,0.958867361193119
1.153,1.2794117647058822e-06,-2.551036047864683e-07,0.9588673635541359
1.153,1.3308823529411764e-06,-2.653663934847745e-07,0.9588673659151529
1.153,1.3823529411764706e-06,-2.756291821830807e-07,0.9588673682761697
1.153,1.4338235294117646e-06,-2.858919708813869e-07,0.9588673706371863
1.153,1.4852941176470588e-06,-2.961547595796931e-07,0.9588673729982029
1.153,1.536764705882353e-06,-3.064175482779993e-07,0.9588673753592193
1.153,1.588235294117647e-06,-3.166803369763055e-07,0.9588673777202357
1.153,1.6397058823529412e-06,-3.269431256746117e-07,0.9588673800812518
1.153,1.6911764705882354e-06,-3.372059143729179e-07,0.958867382442268
1.153,1.7426470588235293e-06,-3.4746870307122407e-07,0.958867384803284
1.153,1.7941176470588235e-06,-3.577314917695303e-07,0.9588673871642999
1.153,1.8455882352941175e-06,-3.679942804678365e-07,0.9588673895253157
1.153,1.8970588235294117e-06,-3.7825706916614266e-07,0.9588673918863313
1.153,1.948529411764706e-06,-3.8851985786444895e-07,0.9588673942473469
1.153,2e-06,-3.987826465627551e-07,0.9588673966083624
1.173,2.5e-07,-4.0618387409289286e-08,0.9588673142104837
1.173,3.0147058823529413e-07,-4.8980996581790025e-08,0.9588673161343545
1.173,3.529411764705882e-07,-5.734360575429076e-08,0.9588673180582253
1.173,4.044117647058823e-07,-6.570621492679149e-08,0.9588673199820962
1.173,4.5588235294117646e-07,-7.406882409929223e-08,0.9588673219059668
1.173,5.073529411764705e-07,-8.243143327179296e-08,0.9588673238298375
1.173,5.588235294117647e-07,-9.079404244429371e-08,0.958867325753708
1.173,6.102941176470589e-07,-9.915665161679445e-08,0.9588673276775785
1.173,6.617647058823529e-07,-1.0751926078929517e-07,0.9588673296014489
1.173,7.132352941176471e-07,-1.1588186996179591e-07,0.9588673315253193
1.173,7.647058823529411e-07,-1.2424447913429662e-07,0.9588673334491895
1.173,8.161764705882353e-07,-1.326070883067974e-07,0.9588673353730598
1.173,8.676470588235295e-07,-1.4096969747929813e-07,0.9588673372969299
1.173,9.191176470588234e-07,-1.4933230665179884e-07,0.9588673392207999
1.173,9.705882352941176e-07,-1.5769491582429958e-07,0.9588673411446699
1.173,1.0220588235294118e-06,-1.6605752499680035e-07,0.9588673430685397
1.173,1.0735294117647058e-06,-1.7442013416930106e-07,0.9588673449924096
1.173,1.125e-06,-1.827827433418018e-07,0.9588673469162794
1.173,1.176470588235294e-06,-1.911453525143025e-07,0.958867348840149
1.173,1.2279411764705882e-06,-1.9950796168680328e-07,0.9588673507640186
1.173,1.2794117647058822e-06,-2.07870570859304e-07,0.9588673526878881
1.173,1.3308823529411764e-06,-2.1623318003180473e-07,0.9588673546117576
1.173,1.3823529411764706e-06,-2.2459578920430547e-07,0.958867356535627
1.173,1.4338235294117646e-06,-2.3295839837680618e-07,0.9588673584594963
1.173,1.4852941176470588e-06,-2.4132100754930695e-07,0.9588673603833655
1.173,1.536764705882353e-06,-2.496836167218077e-07,0.9588673623072348
1.173,1.588235294117647e-06,-2.580462258943084e-07,0.9588673642311039
1.173,1.6397058823529412e-06,-2.6640883506680917e-07,0.9588673661549729
1.173,1.6911764705882354e-06,-2.747714442393099e-07,0.9588673680788419
1.173,1.7426470588235293e-06,-2.8313405341181064e-07,0.9588673700027107
1.173,1.7941176470588235e-06,-2.914966625843114e-07,0.9588673719265796
1.173,1.8455882352941175e-06,-2.9985927175681207e-07,0.9588673738504483
1.173,1.8970588235294117e-06,-3.082218809293128e-07,0.9588673757743169
1.173,1.948529411764706e-06,-3.165844901018136e-07,0.9588673776981855
1.173,2e-06,-3.249470992743143e-07,0.958867379622054
1.195,2.5e-07,-3.130343777127063e-08,0.9588673120675206
1.195,3.0147058823529413e-07,-3.774826319476753e-08,0.9588673135501934
1.195,3.529411764705882e-07,-4.419308861826442e-08,0.9588673150328662
1.195,4.044117647058823e-07,-5.063791404176132e-08,0.9588673165155388
1.195,4.5588235294117646e-07,-5.708273946525821e-08,0.9588673179982115
1.195,5.073529411764705e-07,-6.35275648887551e-08,0.9588673194808841
1.195,5.588235294117647e-07,-6.997239031225201e-08,0.9588673209635565
1.195,6.102941176470589e-07,-7.641721573574891e-08,0.9588673224462291
1.195,6.617647058823529e-07,-8.286204115924579e-08,0.9588673239289015
1.195,7.132352941176471e-07,-8.930686658274269e-08,0.9588673254115739
1.195,7.647058823529411e-07,-9.575169200623958e-08,0.9588673268942463
1.195,8.161764705882353e-07,-1.0219651742973648e-07,0.9588673283769187
1.195,8.676470588235295e-07,-1.0864134285323338e-07,0.9588673298595909
1.195,9.191176470588234e-07,-1.1508616827673026e-07,0.9588673313422631
1.195,9.705882352941176e-07,-1.2153099370022716e-07,0.9588673328249353
1.195,1.0220588235294118e-06,-1.2797581912372408e-07,0.9588673343076075
1.195,1.0735294117647058e-06,-1.3442064454722094e-07,0.9588673357902796
1.195,1.125e-06,-1.4086546997071785e-07,0.9588673372729517
1.195,1.176470588235294e-06,-1.4731029539421474e-07,0.9588673387556237
1.195,1.2279411764705882e-06,-1.5375512081771163e-07,0.9588673402382957
1.195,1.2794117647058822e-06,-1.6019994624120852e-07,0.9588673417209677
1.195,1.3308823529411764e-06,-1.6664477166470544e-07,0.9588673432036394
1.195,1.3823529411764706e-06,-1.7308959708820233e-07,0.9588673446863113
1.195,1.4338235294117646e-06,-1.7953442251169921e-07,0.9588673461689832
1.195,1.4852941176470588e-06,-1.859792479351961e-07,0.9588673476516549
1.195,1.536764705882353e-06,-1.9242407335869302e-07,0.9588673491343266
1.195,1.588235294117647e-06,-1.988688987821899e-07,0.9588673506169982
1.195,1.6397058823529412e-06,-2.053137242056868e-07,0.9588673520996699
1.195,1.6911764705882354e-06,-2.117585496291837e-07,0.9588673535823415
1.195,1.7426470588235293e-06,-2.182033750526806e-07,0.9588673550650131
1.195,1.7941176470588235e-06,-2.246482004761775e-07,0.9588673565476845
1.195,1.8455882352941175e-06,-2.3109302589967438e-07,0.958867358030356
1.195,1.8970588235294117e-06,-2.3753785132317127e-07,0.9588673595130275
1.195,1.948529411764706e-06,-2.439826767466682e-07,0.9588673609956988
1.195,2e-06,-2.5042750217016505e-07,0.9588673624783701
1.216,2.5e-07,-2.3084496970148636e-08,0.9588673101767015
1.216,3.0147058823529413e-07,-2.78371875228263e-08,0.958867311270088
1.216,3.529411764705882e-07,-3.258987807550396e-08,0.9588673123634743
1.216,4.044117647058823e-07,-3.734256862818162e-08,0.9588673134568608
1.216,4.5588235294117646e-07,-4.209525918085928e-08,0.9588673145502472
1.216,5.073529411764705e-07,-4.6847949733536935e-08,0.9588673156436337
1.216,5.588235294117647e-07,-5.16006402862146e-08,0.9588673167370201
1.216,6.102941176470589e-07,-5.635333083889227e-08,0.9588673178304064
1.216,6.617647058823529e-07,-6.110602139156991e-08,0.9588673189237927
1.216,7.132352941176471e-07,-6.585871194424759e-08,0.958867320017179
1.216,7.647058823529411e-07,-7.061140249692523e-08,0.9588673211105654
1.216,8.161764705882353e-07,-7.53640930496029e-08,0.9588673222039517
1.216,8.676470588235295e-07,-8.011678360228058e-08,0.9588673232973378
1.216,9.191176470588234e-07,-8.486947415495822e-08,0.9588673243907241
1.216,9.705882352941176e-07,-8.96221647076359e-08,0.9588673254841102
1.216,1.0220588235294118e-06,-9.437485526031355e-08,0.9588673265774964
1.216,1.0735294117647058e-06,-9.91275458129912e-08,0.9588673276708826
1.216,1.125e-06,-1.0388023636566887e-07,0.9588673287642686
1.216,1.176470588235294e-06,-1.0863292691834652e-07,0.9588673298576548
1.216,1.2279411764705882e-06,-1.1338561747102419e-07,0.9588673309510408
1.216,1.2794117647058822e-06,-1.1813830802370184e-07,0.9588673320444269
1.216,1.3308823529411764e-06,-1.228909985763795e-07,0.9588673331378129
1.216,1.3823529411764706e-06,-1.2764368912905718e-07,0.958867334231199
1.216,1.4338235294117646e-06,-1.3239637968173483e-07,0.9588673353245849
1.216,1.4852941176470588e-06,-1.371490702344125e-07,0.9588673364179708
1.216,1.536764705882353e-06,-1.4190176078709017e-07,0.9588673375113568
1.216,1.588235294117647e-06,-1.4665445133976782e-07,0.9588673386047427
1.216,1.6397058823529412e-06,-1.514071418924455e-07,0.9588673396981285
1.216,1.6911764705882354e-06,-1.5615983244512314e-07,0.9588673407915145
1.216,1.7426470588235293e-06,-1.6091252299780078e-07,0.9588673418849003
1.216,1.7941176470588235e-06,-1.6566521355047845e-07,0.9588673429782861
1.216,1.8455882352941175e-06,-1.704179041031561e-07,0.9588673440716718
1.216,1.8970588235294117e-06,-1.7517059465583377e-07,0.9588673451650577
1.216,1.948529411764706e-06,-1.7992328520851147e-07,0.9588673462584434
1.216,2e-06,-1.846759757611891e-07,0.9588673473518291
1.238,2.5e-07,-1.5062865122812545e-08,0.9588673083312743
1.238,3.0147058823529413e-07,-1.8164043236332777e-08,0.95886730904472
1.238,3.529411764705882e-07,-2.1265221349853006e-08,0.9588673097581655
1.238,4.044117647058823e-07,-2.4366399463373234e-08,0.9588673104716112
1.238,4.5588235294117646e-07,-2.7467577576893466e-08,0.9588673111850567
1.238,5.073529411764705e-07,-3.0568755690413695e-08,0.9588673118985024
1.238,5.588235294117647e-07,-3.3669933803933924e-08,0.958867312611948
1.238,6.102941176470589e-07,-3.677111191745416e-08,0.9588673133253937
1.238,6.617647058823529e-07,-3.987229003097438e-08,0.9588673140388392
1.238,7.132352941176471e-07,-4.2973468144494617e-08,0.9588673147522848
1.238,7.647058823529411e-07,-4.607464625801484e-08,0.9588673154657303
1.238,8.161764705882353e-07,-4.9175824371535074e-08,0.9588673161791759
1.238,8.676470588235295e-07,-5.227700248505531e-08,0.9588673168926214
1.238,9.191176470588234e-07,-5.537818059857553e-08,0.9588673176060669
1.238,9.705882352941176e-07,-5.847935871209577e-08,0.9588673183195126
1.238,1.0220588235294118e-06,-6.158053682561601e-08,0.958867319032958
1.238,1.0735294117647058e-06,-6.468171493913623e-08,0.9588673197464035
1.238,1.125e-06,-6.778289305265647e-08,0.958867320459849
1.238,1.176470588235294e-06,-7.088407116617669e-08,0.9588673211732944
1.238,1.2279411764705882e-06,-7.398524927969692e-08,0.95886732188674
1.238,1.2794117647058822e-06,-7.708642739321715e-08,0.9588673226001854
1.238,1.3308823529411764e-06,-8.018760550673738e-08,0.9588673233136308
1.238,1.3823529411764706e-06,-8.328878362025762e-08,0.9588673240270763
1.238,1.4338235294117646e-06,-8.638996173377784e-08,0.9588673247405217
1.238,1.4852941176470588e-06,-8.949113984729807e-08,0.9588673254539671
1.238,1.536764705882353e-06,-9.259231796081831e-08,0.9588673261674125
1.238,1.588235294117647e-06,-9.569349607433853e-08,0.958867326880858
1.238,1.6397058823529412e-06,-9.879467418785877e-08,0.9588673275943034
1.238,1.6911764705882354e-06,-1.01895852301379e-07,0.9588673283077487
1.238,1.7426470588235293e-06,-1.0499703041489922e-07,0.9588673290211941
1.238,1.7941176470588235e-06,-1.0809820852841945e-07,0.9588673297346395
1.238,1.8455882352941175e-06,-1.1119938664193967e-07,0.9588673304480848
1.238,1.8970588235294117e-06,-1.143005647554599e-07,0.9588673311615301
1.238,1.948529411764706e-06,-1.1740174286898015e-07,0.9588673318749755
1.238,2e-06,-1.2050292098250036e-07,0.9588673325884208
1.26,2.5e-07,-7.554064855400124e-09,0.9588673066038272
1.26,3.0147058823529413e-07,-9.109313502100152e-09,0.958867306961622
1.26,3.529411764705882e-07,-1.0664562148800176e-08,0.9588673073194168
1.26,4.044117647058823e-07,-1.22198107955002e-08,0.9588673076772116
1.26,4.5588235294117646e-07,-1.3775059442200227e-08,0.9588673080350064
1.26,5.073529411764705e-07,-1.533030808890025e-08,0.9588673083928012
1.26,5.588235294117647e-07,-1.6885556735600278e-08,0.958867308750596
1.26,6.102941176470589e-07,-1.8440805382300307e-08,0.9588673091083908
1.26,6.617647058823529e-07,-1.999605402900033e-08,0.9588673094661856
1.26,7.132352941176471e-07,-2.1551302675700356e-08,0.9588673098239804
1.26,7.647058823529411e-07,-2.310655132240038e-08,0.9588673101817752
1.26,8.161764705882353e-07,-2.466179996910041e-08,0.95886731053957
1.26,8.676470588235295e-07,-2.6217048615800435e-08,0.9588673108973647
1.26,9.191176470588234e-07,-2.7772297262500458e-08,0.9588673112551594
1.26,9.705882352941176e-07,-2.9327545909200484e-08,0.9588673116129542
1.26,1.0220588235294118e-06,-3.088279455590051e-08,0.958867311970749
1.26,1.0735294117647058e-06,-3.243804320260053e-08,0.9588673123285438
1.26,1.125e-06,-3.399329184930056e-08,0.9588673126863386
1.26,1.176470588235294e-06,-3.5548540496000585e-08,0.9588673130441333
1.26,1.2279411764705882e-06,-3.7103789142700615e-08,0.9588673134019281
1.26,1.2794117647058822e-06,-3.865903778940064e-08,0.9588673137597229
1.26,1.3308823529411764e-06,-4.021428643610066e-08,0.9588673141175176
1.26,1.3823529411764706e-06,-4.176953508280069e-08,0.9588673144753124
1.26,1.4338235294117646e-06,-4.332478372950071e-08,0.9588673148331072
1.26,1.4852941176470588e-06,-4.488003237620074e-08,0.9588673151909018
1.26,1.536764705882353e-06,-4.643528102290077e-08,0.9588673155486966
1.26,1.588235294117647e-06,-4.799052966960079e-08,0.9588673159064913
1.26,1.6397058823529412e-06,-4.954577831630082e-08,0.9588673162642861
1.26,1.6911764705882354e-06,-5.110102696300085e-08,0.9588673166220809
1.26,1.7426470588235293e-06,-5.265627560970087e-08,0.9588673169798756
1.26,1.7941176470588235e-06,-5.42115242564009e-08,0.9588673173376704
1.26,1.8455882352941175e-06,-5.5766772903100916e-08,0.9588673176954651
1.26,1.8970588235294117e-06,-5.7322021549800945e-08,0.9588673180532599
1.26,1.948529411764706e-06,-5.887727019650098e-08,0.9588673184110545
1.26,2e-06,-6.043251884320099e-08,0.9588673187688492
1.283,2.5e-07,-1.7588353447071936e-10,0.9588673049064298
1.283,3.0147058823529413e-07,-2.120948503911616e-10,0.9588673049147605
1.283,3.529411764705882e-07,-2.483061663116038e-10,0.9588673049230911
1.283,4.044117647058823e-07,-2.84517482232046e-10,0.9588673049314217
1.283,4.5588235294117646e-07,-3.2072879815248824e-10,0.9588673049397524
1.283,5.073529411764705e-07,-3.569401140729304e-10,0.958867304948083
1.283,5.588235294117647e-07,-3.9315142999337267e-10,0.9588673049564137
1.283,6.102941176470589e-07,-4.2936274591381494e-10,0.9588673049647443
1.283,6.617647058823529e-07,-4.655740618342571e-10,0.9588673049730749
1.283,7.132352941176471e-07,-5.017853777546994e-10,0.9588673049814056
1.283,7.647058823529411e-07,-5.379966936751415e-10,0.9588673049897362
1.283,8.161764705882353e-07,-5.742080095955838e-10,0.9588673049980668
1.283,8.676470588235295e-07,-6.10419325516026e-10,0.9588673050063975
1.283,9.191176470588234e-07,-6.466306414364682e-10,0.9588673050147282
1.283,9.705882352941176e-07,-6.828419573569104e-10,0.9588673050230588
1.283,1.0220588235294118e-06,-7.190532732773528e-10,0.9588673050313894
1.283,1.0735294117647058e-06,-7.552645891977949e-10,0.9588673050397201
1.283,1.125e-06,-7.914759051182371e-10,0.9588673050480507
1.283,1.176470588235294e-06,-8.276872210386793e-10,0.9588673050563814
1.283,1.2279411764705882e-06,-8.638985369591215e-10,0.9588673050647121
1.283,1.2794117647058822e-06,-9.001098528795636e-10,0.9588673050730426
1.283,1.3308823529411764e-06,-9.36321168800006e-10,0.9588673050813733
1.283,1.3823529411764706e-06,-9.725324847204483e-10,0.958867305089704
1.283,1.4338235294117646e-06,-1.0087438006408904e-09,0.9588673050980346
1.283,1.4852941176470588e-06,-1.0449551165613327e-09,0.9588673051063652
1.283,1.536764705882353e-06,-1.081166432481775e-09,0.9588673051146959
1.283,1.588235294117647e-06,-1.1173777484022171e-09,0.9588673051230265
1.283,1.6397058823529412e-06,-1.1535890643226592e-09,0.9588673051313571
1.283,1.6911764705882354e-06,-1.1898003802431016e-09,0.9588673051396878
1.283,1.7426470588235293e-06,-1.2260116961635437e-09,0.9588673051480184
1.283,1.7941176470588235e-06,-1.262223012083986e-09,0.9588673051563491
1.283,1.8455882352941175e-06,-1.2984343280044281e-09,0.9588673051646797
1.283,1.8970588235294117e-06,-1.3346456439248704e-09,0.9588673051730103
1.283,1.948529411764706e-06,-1.3708569598453127e-09,0.958867305181341
1.283,2e-06,-1.4070682757657549e-09,0.9588673051896717
1.306,2.5e-07,6.7823547764771784e-09,0.9588673033056428
1.306,3.0147058823529413e-07,8.178721936340128e-09,0.9588673029843997
1.306,3.529411764705882e-07,9.575089096203076e-09,0.9588673026631567
1.306,4.044117647058823e-07,1.0971456256066023e-08,0.9588673023419134
1.306,4.5588235294117646e-07,1.2367823415928973e-08,0.9588673020206703
1.306,5.073529411764705e-07,1.3764190575791919e-08,0.9588673016994272
1.306,5.588235294117647e-07,1.5160557735654868e-08,0.9588673013781841
1.306,6.102941176470589e-07,1.655692489551782e-08,0.9588673010569408
1.306,6.617647058823529e-07,1.7953292055380764e-08,0.9588673007356977
1.306,7.132352941176471e-07,1.9349659215243716e-08,0.9588673004144546
1.306,7.647058823529411e-07,2.0746026375106662e-08,0.9588673000932114
1.306,8.161764705882353e-07,2.2142393534969612e-08,0.9588672997719683
1.306,8.676470588235295e-07,2.353876069483256e-08,0.9588672994507251
1.306,9.191176470588234e-07,2.4935127854695507e-08,0.958867299129482
1.306,9.705882352941176e-07,2.6331495014558457e-08,0.9588672988082387
1.306,1.0220588235294118e-06,2.772786217442141e-08,0.9588672984869956
1.306,1.0735294117647058e-06,2.9124229334284352e-08,0.9588672981657524
1.306,1.125e-06,3.0520596494147305e-08,0.9588672978445093
1.306,1.176470588235294e-06,3.191696365401025e-08,0.958867297523266
1.306,1.2279411764705882e-06,3.33133308138732e-08,0.9588672972020229
1.306,1.2794117647058822e-06,3.470969797373614e-08,0.9588672968807798
1.306,1.3308823529411764e-06,3.6106065133599096e-08,0.9588672965595366
1.306,1.3823529411764706e-06,3.750243229346205e-08,0.9588672962382934
1.306,1.4338235294117646e-06,3.8898799453324994e-08,0.9588672959170502
1.306,1.4852941176470588e-06,4.029516661318794e-08,0.9588672955958071
1.306,1.536764705882353e-06,4.169153377305089e-08,0.9588672952745638
1.306,1.588235294117647e-06,4.308790093291384e-08,0.9588672949533206
1.306,1.6397058823529412e-06,4.4484268092776785e-08,0.9588672946320774
1.306,1.6911764705882354e-06,4.588063525263974e-08,0.9588672943108343
1.306,1.7426470588235293e-06,4.7277002412502684e-08,0.958867293989591
1.306,1.7941176470588235e-06,4.8673369572365637e-08,0.9588672936683479
1.306,1.8455882352941175e-06,5.006973673222858e-08,0.9588672933471046
1.306,1.8970588235294117e-06,5.146610389209153e-08,0.9588672930258615
1.306,1.948529411764706e-06,5.286247105195449e-08,0.9588672927046182
1.306,2e-06,5.425883821181743e-08,0.9588672923833751
1.329,2.5e-07,1.3371519580859484e-08,0.9588673017897636
1.329,3.0147058823529413e-07,1.612447949456585e-08,0.9588673011564277
1.329,3.529411764705882e-07,1.8877439408272212e-08,0.9588673005230918
1.329,4.044117647058823e-07,2.1630399321978575e-08,0.9588672998897558
1.329,4.5588235294117646e-07,2.438335923568494e-08,0.9588672992564198
1.329,5.073529411764705e-07,2.71363191493913e-08,0.9588672986230838
1.329,5.588235294117647e-07,2.988927906309767e-08,0.9588672979897479
1.329,6.102941176470589e-07,3.264223897680404e-08,0.9588672973564119
1.329,6.617647058823529e-07,3.53951988905104e-08,0.9588672967230758
1.329,7.132352941176471e-07,3.8148158804216764e-08,0.9588672960897399
1.329,7.647058823529411e-07,4.0901118717923124e-08,0.9588672954564038
1.329,8.161764705882353e-07,4.365407863162949e-08,0.9588672948230679
1.329,8.676470588235295e-07,4.640703854533586e-08,0.9588672941897318
1.329,9.191176470588234e-07,4.915999845904222e-08,0.9588672935563958
1.329,9.705882352941176e-07,5.1912958372748584e-08,0.9588672929230597
1.329,1.0220588235294118e-06,5.466591828645495e-08,0.9588672922897237
1.329,1.0735294117647058e-06,5.741887820016131e-08,0.9588672916563876
1.329,1.125e-06,6.017183811386768e-08,0.9588672910230516
1.329,1.176470588235294e-06,6.292479802757403e-08,0.9588672903897155
1.329,1.2279411764705882e-06,6.56777579412804e-08,0.9588672897563795
1.329,1.2794117647058822e-06,6.843071785498676e-08,0.9588672891230433
1.329,1.3308823529411764e-06,7.118367776869314e-08,0.9588672884897071
1.329,1.3823529411764706e-06,7.39366376823995e-08,0.9588672878563711
1.329,1.4338235294117646e-06,7.668959759610586e-08,0.9588672872230349
1.329,1.4852941176470588e-06,7.944255750981223e-08,0.9588672865896989
1.329,1.536764705882353e-06,8.219551742351859e-08,0.9588672859563627
1.329,1.588235294117647e-06,8.494847733722495e-08,0.9588672853230266
1.329,1.6397058823529412e-06,8.770143725093132e-08,0.9588672846896904
1.329,1.6911764705882354e-06,9.045439716463768e-08,0.9588672840563542
1.329,1.7426470588235293e-06,9.320735707834404e-08,0.9588672834230181
1.329,1.7941176470588235e-06,9.596031699205042e-08,0.9588672827896819
1.329,1.8455882352941175e-06,9.871327690575678e-08,0.9588672821563458
1.329,1.8970588235294117e-06,1.0146623681946314e-07,0.9588672815230096
1.329,1.948529411764706e-06,1.0421919673316952e-07,0.9588672808896733
1.329,2e-06,1.0697215664687587e-07,0.9588672802563372
1.353,2.5e-07,1.9898424209849164e-08,0.9588673002882077
1.353,3.0147058823529413e-07,2.399515860599458e-08,0.9588672993457279
1.353,3.529411764705882e-07,2.8091893002139996e-08,0.958867298403248
1.353,4.044117647058823e-07,3.218862739828541e-08,0.9588672974607682
1.353,4.5588235294117646e-07,3.628536179443083e-08,0.9588672965182882
1.353,5.073529411764705e-07,4.0382096190576234e-08,0.9588672955758083
1.353,5.588235294117647e-07,4.447883058672166e-08,0.9588672946333284
1.353,6.102941176470589e-07,4.857556498286708e-08,0.9588672936908484
1.353,6.617647058823529e-07,5.2672299379012485e-08,0.9588672927483685
1.353,7.132352941176471e-07,5.676903377515791e-08,0.9588672918058885
1.353,7.647058823529411e-07,6.086576817130331e-08,0.9588672908634085
1.353,8.161764705882353e-07,6.496250256744874e-08,0.9588672899209285
1.353,8.676470588235295e-07,6.905923696359416e-08,0.9588672889784484
1.353,9.191176470588234e-07,7.315597135973956e-08,0.9588672880359684
1.353,9.705882352941176e-07,7.725270575588499e-08,0.9588672870934883
1.353,1.0220588235294118e-06,8.134944015203041e-08,0.9588672861510082
1.353,1.0735294117647058e-06,8.544617454817581e-08,0.9588672852085282
1.353,1.125e-06,8.954290894432124e-08,0.958867284266048
1.353,1.176470588235294e-06,9.363964334046664e-08,0.9588672833235679
1.353,1.2279411764705882e-06,9.773637773661206e-08,0.9588672823810878
1.353,1.2794117647058822e-06,1.0183311213275748e-07,0.9588672814386076
1.353,1.3308823529411764e-06,1.0592984652890289e-07,0.9588672804961273
1.353,1.3823529411764706e-06,1.1002658092504832e-07,0.9588672795536471
1.353,1.4338235294117646e-06,1.1412331532119373e-07,0.9588672786111669
1.353,1.4852941176470588e-06,1.1822004971733914e-07,0.9588672776686867
1.353,1.536764705882353e-06,1.2231678411348458e-07,0.9588672767262064
1.353,1.588235294117647e-06,1.2641351850962998e-07,0.9588672757837261
1.353,1.6397058823529412e-06,1.305102529057754e-07,0.9588672748412459
1.353,1.6911764705882354e-06,1.346069873019208e-07,0.9588672738987655
1.353,1.7426470588235293e-06,1.3870372169806623e-07,0.9588672729562852
1.353,1.7941176470588235e-06,1.4280045609421166e-07,0.9588672720138048
1.353,1.8455882352941175e-06,1.4689719049035706e-07,0.9588672710713245
1.353,1.8970588235294117e-06,1.5099392488650248e-07,0.9588672701288441
1.353,1.948529411764706e-06,1.550906592826479e-07,0.9588672691863637
1.353,2e-06,1.591873936787933e-07,0.9588672682438832
1.377,2.5e-07,2.6107384108502356e-08,0.9588672988597969
1.377,3.0147058823529413e-07,3.1482433777899904e-08,0.9588672976232324
1.377,3.529411764705882e-07,3.685748344729744e-08,0.958867296386668
1.377,4.044117647058823e-07,4.2232533116694986e-08,0.9588672951501035
1.377,4.5588235294117646e-07,4.760758278609253e-08,0.958867293913539
1.377,5.073529411764705e-07,5.298263245549007e-08,0.9588672926769743
1.377,5.588235294117647e-07,5.835768212488762e-08,0.9588672914404098
1.377,6.102941176470589e-07,6.373273179428517e-08,0.9588672902038451
1.377,6.617647058823529e-07,6.910778146368271e-08,0.9588672889672805
1.377,7.132352941176471e-07,7.448283113308026e-08,0.9588672877307158
1.377,7.647058823529411e-07,7.985788080247778e-08,0.9588672864941511
1.377,8.161764705882353e-07,8.523293047187534e-08,0.9588672852575864
1.377,8.676470588235295e-07,9.060798014127289e-08,0.9588672840210215
1.377,9.191176470588234e-07,9.598302981067042e-08,0.9588672827844568
1.377,9.705882352941176e-07,1.0135807948006798e-07,0.9588672815478919
1.377,1.0220588235294118e-06,1.0673312914946553e-07,0.958867280311327
1.377,1.0735294117647058e-06,1.1210817881886306e-07,0.9588672790747621
1.377,1.125e-06,1.1748322848826062e-07,0.9588672778381971
1.377,1.176470588235294e-06,1.2285827815765814e-07,0.9588672766016322
1.377,1.2279411764705882e-06,1.282333278270557e-07,0.9588672753650672
1.377,1.2794117647058822e-06,1.3360837749645322e-07,0.9588672741285021
1.377,1.3308823529411764e-06,1.3898342716585078e-07,0.9588672728919372
1.377,1.3823529411764706e-06,1.4435847683524832e-07,0.958867271655372
1.377,1.4338235294117646e-06,1.4973352650464586e-07,0.9588672704188069
1.377,1.4852941176470588e-06,1.5510857617404342e-07,0.9588672691822417
1.377,1.536764705882353e-06,1.6048362584344096e-07,0.9588672679456767
1.377,1.588235294117647e-06,1.658586755128385e-07,0.9588672667091114
1.377,1.6397058823529412e-06,1.7123372518223606e-07,0.9588672654725462
1.377,1.6911764705882354e-06,1.766087748516336e-07,0.958867264235981
1.377,1.7426470588235293e-06,1.8198382452103114e-07,0.9588672629994156
1.377,1.7941176470588235e-06,1.8735887419042867e-07,0.9588672617628503
1.377,1.8455882352941175e-06,1.927339238598262e-07,0.9588672605262849
1.377,1.8970588235294117e-06,1.9810897352922378e-07,0.9588672592897196
1.377,1.948529411764706e-06,2.0348402319862134e-07,0.9588672580531541
1.377,2e-06,2.0885907286801885e-07,0.9588672568165887
1.402,2.5e-07,3.227177168602182e-08,0.9588672974416402
1.402,3.0147058823529413e-07,3.891595997432043e-08,0.9588672959131023
1.402,3.529411764705882e-07,4.556014826261904e-08,0.9588672943845643
1.402,4.044117647058823e-07,5.2204336550917644e-08,0.9588672928560263
1.402,4.5588235294117646e-07,5.884852483921626e-08,0.9588672913274883
1.402,5.073529411764705e-07,6.549271312751486e-08,0.9588672897989501
1.402,5.588235294117647e-07,7.213690141581348e-08,0.958867288270412
1.402,6.102941176470589e-07,7.87810897041121e-08,0.9588672867418737
1.402,6.617647058823529e-07,8.542527799241069e-08,0.9588672852133355
1.402,7.132352941176471e-07,9.206946628070931e-08,0.9588672836847972
1.402,7.647058823529411e-07,9.87136545690079e-08,0.9588672821562588
1.402,8.161764705882353e-07,1.0535784285730652e-07,0.9588672806277204
1.402,8.676470588235295e-07,1.1200203114560514e-07,0.958867279099182
1.402,9.191176470588234e-07,1.1864621943390375e-07,0.9588672775706435
1.402,9.705882352941176e-07,1.2529040772220237e-07,0.9588672760421051
1.402,1.0220588235294118e-06,1.3193459601050097e-07,0.9588672745135665
1.402,1.0735294117647058e-06,1.3857878429879958e-07,0.9588672729850278
1.402,1.125e-06,1.4522297258709818e-07,0.9588672714564892
1.402,1.176470588235294e-06,1.518671608753968e-07,0.9588672699279505
1.402,1.2279411764705882e-06,1.5851134916369542e-07,0.9588672683994117
1.402,1.2794117647058822e-06,1.65155537451994e-07,0.9588672668708729
1.402,1.3308823529411764e-06,1.7179972574029263e-07,0.958867265342334
1.402,1.3823529411764706e-06,1.7844391402859124e-07,0.9588672638137952
1.402,1.4338235294117646e-06,1.8508810231688984e-07,0.9588672622852562
1.402,1.4852941176470588e-06,1.9173229060518845e-07,0.9588672607567172
1.402,1.536764705882353e-06,1.9837647889348708e-07,0.9588672592281782
1.402,1.588235294117647e-06,2.0502066718178566e-07,0.9588672576996391
1.402,1.6397058823529412e-06,2.116648554700843e-07,0.9588672561711
1.402,1.6911764705882354e-06,2.183090437583829e-07,0.9588672546425608
1.402,1.7426470588235293e-06,2.249532320466815e-07,0.9588672531140215
1.402,1.7941176470588235e-06,2.3159742033498014e-07,0.9588672515854824
1.402,1.8455882352941175e-06,2.3824160862327872e-07,0.9588672500569431
1.402,1.8970588235294117e-06,2.4488579691157735e-07,0.9588672485284037
1.402,1.948529411764706e-06,2.51529985199876e-07,0.9588672469998643
1.402,2e-06,2.5817417348817456e-07,0.9588672454713248
1.427,2.5e-07,3.815696232617166e-08,0.9588672960877146
1.427,3.0147058823529413e-07,4.601280751097171e-08,0.9588672942804272
1.427,3.529411764705882e-07,5.3868652695771755e-08,0.9588672924731397
1.427,4.044117647058823e-07,6.17244978805718e-08,0.9588672906658522
1.427,4.5588235294117646e-07,6.958034306537185e-08,0.9588672888585646
1.427,5.073529411764705e-07,7.743618825017188e-08,0.958867287051277
1.427,5.588235294117647e-07,8.529203343497195e-08,0.9588672852439892
1.427,6.102941176470589e-07,9.314787861977201e-08,0.9588672834367016
1.427,6.617647058823529e-07,1.0100372380457204e-07,0.9588672816294137
1.427,7.132352941176471e-07,1.088595689893721e-07,0.9588672798221258
1.427,7.647058823529411e-07,1.1671541417417212e-07,0.9588672780148378
1.427,8.161764705882353e-07,1.245712593589722e-07,0.9588672762075497
1.427,8.676470588235295e-07,1.3242710454377223e-07,0.9588672744002616
1.427,9.191176470588234e-07,1.4028294972857228e-07,0.9588672725929736
1.427,9.705882352941176e-07,1.4813879491337232e-07,0.9588672707856853
1.427,1.0220588235294118e-06,1.559946400981724e-07,0.958867268978397
1.427,1.0735294117647058e-06,1.6385048528297241e-07,0.9588672671711087
1.427,1.125e-06,1.7170633046777248e-07,0.9588672653638203
1.427,1.176470588235294e-06,1.795621756525725e-07,0.9588672635565317
1.427,1.2279411764705882e-06,1.8741802083737257e-07,0.9588672617492432
1.427,1.2794117647058822e-06,1.952738660221726e-07,0.9588672599419547
1.427,1.3308823529411764e-06,2.0312971120697266e-07,0.958867258134666
1.427,1.3823529411764706e-06,2.109855563917727e-07,0.9588672563273772
1.427,1.4338235294117646e-06,2.1884140157657275e-07,0.9588672545200885
1.427,1.4852941176470588e-06,2.266972467613728e-07,0.9588672527127996
1.427,1.536764705882353e-06,2.3455309194617287e-07,0.9588672509055106
1.427,1.588235294117647e-06,2.424089371309729e-07,0.9588672490982216
1.427,1.6397058823529412e-06,2.5026478231577293e-07,0.9588672472909325
1.427,1.6911764705882354e-06,2.58120627500573e-07,0.9588672454836434
1.427,1.7426470588235293e-06,2.65976472685373e-07,0.9588672436763542
1.427,1.7941176470588235e-06,2.738323178701731e-07,0.958867241869065
1.427,1.8455882352941175e-06,2.816881630549731e-07,0.9588672400617757
1.427,1.8970588235294117e-06,2.895440082397732e-07,0.9588672382544863
1.427,1.948529411764706e-06,2.973998534245733e-07,0.9588672364471968
1.427,2e-06,3.0525569860937327e-07,0.9588672346399073
1.452,2.5e-07,4.378899992772822e-08,0.9588672947920284
1.452,3.0147058823529413e-07,5.2804382265789916e-08,0.958867292717982
1.452,3.529411764705882e-07,6.181976460385161e-08,0.9588672906439355
1.452,4.044117647058823e-07,7.083514694191329e-08,0.9588672885698889
1.452,4.5588235294117646e-07,7.985052927997499e-08,0.9588672864958423
1.452,5.073529411764705e-07,8.886591161803667e-08,0.9588672844217956
1.452,5.588235294117647e-07,9.788129395609838e-08,0.9588672823477488
1.452,6.102941176470589e-07,1.0689667629416009e-07,0.9588672802737019
1.452,6.617647058823529e-07,1.1591205863222175e-07,0.9588672781996549
1.452,7.132352941176471e-07,1.2492744097028347e-07,0.9588672761256078
1.452,7.647058823529411e-07,1.3394282330834513e-07,0.9588672740515608
1.452,8.161764705882353e-07,1.4295820564640685e-07,0.9588672719775135
1.452,8.676470588235295e-07,1.5197358798446854e-07,0.9588672699034663
1.452,9.191176470588234e-07,1.6098897032253022e-07,0.9588672678294189
1.452,9.705882352941176e-07,1.7000435266059191e-07,0.9588672657553714
1.452,1.0220588235294118e-06,1.7901973499865363e-07,0.9588672636813238
1.452,1.0735294117647058e-06,1.880351173367153e-07,0.9588672616072762
1.452,1.125e-06,1.97050499674777e-07,0.9588672595332284
1.452,1.176470588235294e-06,2.0606588201283867e-07,0.9588672574591806
1.452,1.2279411764705882e-06,2.150812643509004e-07,0.9588672553851327
1.452,1.2794117647058822e-06,2.2409664668896205e-07,0.9588672533110847
1.452,1.3308823529411764e-06,2.3311202902702377e-07,0.9588672512370366
1.452,1.3823529411764706e-06,2.421274113650855e-07,0.9588672491629885
1.452,1.4338235294117646e-06,2.511427937031471e-07,0.9588672470889402
1.452,1.4852941176470588e-06,2.6015817604120886e-07,0.958867245014892
1.452,1.536764705882353e-06,2.6917355837927055e-07,0.9588672429408435
1.452,1.588235294117647e-06,2.7818894071733224e-07,0.958867240866795
1.452,1.6397058823529412e-06,2.8720432305539393e-07,0.9588672387927465
1.452,1.6911764705882354e-06,2.962197053934556e-07,0.9588672367186978
1.452,1.7426470588235293e-06,3.052350877315173e-07,0.958867234644649
1.452,1.7941176470588235e-06,3.14250470069579e-07,0.9588672325706001
1.452,1.8455882352941175e-06,3.232658524076407e-07,0.9588672304965513
1.452,1.8970588235294117e-06,3.322812347457024e-07,0.9588672284225023
1.452,1.948529411764706e-06,3.412966170837641e-07,0.9588672263484531
1.452,2e-06,3.5031199942182576e-07,0.958867224274404
1.478,2.5e-07,4.94017109885129e-08,0.9588672935007883
1.478,3.0147058823529413e-07,5.957265148614792e-08,0.9588672911608983
1.478,3.529411764705882e-07,6.974359198378293e-08,0.9588672888210082
1.478,4.044117647058823e-07,7.991453248141793e-08,0.958867286481118
1.478,4.5588235294117646e-07,9.008547297905294e-08,0.9588672841412277
1.478,5.073529411764705e-07,1.0025641347668793e-07,0.9588672818013373
1.478,5.588235294117647e-07,1.1042735397432296e-07,0.9588672794614467
1.478,6.102941176470589e-07,1.2059829447195798e-07,0.9588672771215561
1.478,6.617647058823529e-07,1.3076923496959298e-07,0.9588672747816653
1.478,7.132352941176471e-07,1.40940175467228e-07,0.9588672724417745
1.478,7.647058823529411e-07,1.51111115964863e-07,0.9588672701018836
1.478,8.161764705882353e-07,1.61282056462498e-07,0.9588672677619925
1.478,8.676470588235295e-07,1.7145299696013303e-07,0.9588672654221013
1.478,9.191176470588234e-07,1.8162393745776802e-07,0.95886726308221
1.478,9.705882352941176e-07,1.9179487795540304e-07,0.9588672607423187
1.478,1.0220588235294118e-06,2.0196581845303806e-07,0.9588672584024271
1.478,1.0735294117647058e-06,2.1213675895067305e-07,0.9588672560625355
1.478,1.125e-06,2.2230769944830807e-07,0.9588672537226438
1.478,1.176470588235294e-06,2.3247863994594306e-07,0.958867251382752
1.478,1.2279411764705882e-06,2.426495804435781e-07,0.95886724904286
1.478,1.2794117647058822e-06,2.5282052094121305e-07,0.958867246702968
1.478,1.3308823529411764e-06,2.629914614388481e-07,0.9588672443630758
1.478,1.3823529411764706e-06,2.7316240193648314e-07,0.9588672420231836
1.478,1.4338235294117646e-06,2.833333424341181e-07,0.9588672396832912
1.478,1.4852941176470588e-06,2.935042829317531e-07,0.9588672373433987
1.478,1.536764705882353e-06,3.0367522342938817e-07,0.9588672350035062
1.478,1.588235294117647e-06,3.1384616392702316e-07,0.9588672326636135
1.478,1.6397058823529412e-06,3.2401710442465816e-07,0.9588672303237207
1.478,1.6911764705882354e-06,3.341880449222932e-07,0.9588672279838278
1.478,1.7426470588235293e-06,3.443589854199282e-07,0.9588672256439348
1.478,1.7941176470588235e-06,3.545299259175632e-07,0.9588672233040417
1.478,1.8455882352941175e-06,3.647008664151982e-07,0.9588672209641484
1.478,1.8970588235294117e-06,3.7487180691283323e-07,0.9588672186242552
1.478,1.948529411764706e-06,3.8504274741046827e-07,0.9588672162843617
1.478,2e-06,3.952136879081032e-07,0.9588672139444682
1.505,2.5e-07,5.498913776813924e-08,0.9588672922153649
1.505,3.0147058823529413e-07,6.631043083805027e-08,0.9588672896108289
1.505,3.529411764705882e-07,7.763172390796128e-08,0.9588672870062928
1.505,4.044117647058823e-07,8.89530169778723e-08,0.9588672844017565
1.505,4.5588235294117646e-07,1.0027431004778331e-07,0.95886728179722
1.505,5.073529411764705e-07,1.1159560311769432e-07,0.9588672791926834
1.505,5.588235294117647e-07,1.2291689618760537e-07,0.9588672765881467
1.505,6.102941176470589e-07,1.342381892575164e-07,0.9588672739836099
1.505,6.617647058823529e-07,1.4555948232742738e-07,0.9588672713790729
1.505,7.132352941176471e-07,1.5688077539733844e-07,0.9588672687745359
1.505,7.647058823529411e-07,1.6820206846724941e-07,0.9588672661699986
1.505,8.161764705882353e-07,1.7952336153716045e-07,0.9588672635654613
1.505,8.676470588235295e-07,1.9084465460707148e-07,0.9588672609609238
1.505,9.191176470588234e-07,2.0216594767698249e-07,0.9588672583563861
1.505,9.705882352941176e-07,2.1348724074689352e-07,0.9588672557518483
1.505,1.0220588235294118e-06,2.2480853381680455e-07,0.9588672531473104
1.505,1.0735294117647058e-06,2.3612982688671556e-07,0.9588672505427723
1.505,1.125e-06,2.4745111995662656e-07,0.9588672479382342
1.505,1.176470588235294e-06,2.587724130265376e-07,0.9588672453336958
1.505,1.2279411764705882e-06,2.700937060964486e-07,0.9588672427291575
1.505,1.2794117647058822e-06,2.814149991663596e-07,0.9588672401246189
1.505,1.3308823529411764e-06,2.9273629223627064e-07,0.9588672375200802
1.505,1.3823529411764706e-06,3.0405758530618167e-07,0.9588672349155413
1.505,1.4338235294117646e-06,3.1537887837609265e-07,0.9588672323110023
1.505,1.4852941176470588e-06,3.2670017144600373e-07,0.9588672297064632
1.505,1.536764705882353e-06,3.3802146451591477e-07,0.958867227101924
1.505,1.588235294117647e-06,3.4934275758582575e-07,0.9588672244973846
1.505,1.6397058823529412e-06,3.606640506557368e-07,0.9588672218928451
1.505,1.6911764705882354e-06,3.719853437256478e-07,0.9588672192883054
1.505,1.7426470588235293e-06,3.833066367955588e-07,0.9588672166837656
1.505,1.7941176470588235e-06,3.946279298654698e-07,0.9588672140792257
1.505,1.8455882352941175e-06,4.0594922293538085e-07,0.9588672114746857
1.505,1.8970588235294117e-06,4.172705160052919e-07,0.9588672088701455
1.505,1.948529411764706e-06,4.2859180907520297e-07,0.9588672062656052
1.505,2e-06,4.399131021451139e-07,0.9588672036610647
1.532,2.5e-07,6.035150455420403e-08,0.9588672909817181
1.532,3.0147058823529413e-07,7.27768143153637e-08,0.9588672881231959
1.532,3.529411764705882e-07,8.520212407652335e-08,0.9588672852646735
1.532,4.044117647058823e-07,9.762743383768299e-08,0.9588672824061509
1.532,4.5588235294117646e-07,1.1005274359884265e-07,0.9588672795476283
1.532,5.073529411764705e-07,1.224780533600023e-07,0.9588672766891054
1.532,5.588235294117647e-07,1.3490336312116197e-07,0.9588672738305823
1.532,6.102941176470589e-07,1.4732867288232165e-07,0.9588672709720591
1.532,6.617647058823529e-07,1.5975398264348127e-07,0.9588672681135357
1.532,7.132352941176471e-07,1.7217929240464092e-07,0.9588672652550123
1.532,7.647058823529411e-07,1.8460460216580055e-07,0.9588672623964886
1.532,8.161764705882353e-07,1.9702991192696023e-07,0.9588672595379648
1.532,8.676470588235295e-07,2.094552216881199e-07,0.9588672566794407
1.532,9.191176470588234e-07,2.2188053144927953e-07,0.9588672538209166
1.532,9.705882352941176e-07,2.343058412104392e-07,0.9588672509623923
1.532,1.0220588235294118e-06,2.4673115097159886e-07,0.9588672481038678
1.532,1.0735294117647058e-06,2.591564607327585e-07,0.9588672452453432
1.532,1.125e-06,2.7158177049391816e-07,0.9588672423868183
1.532,1.176470588235294e-06,2.840070802550778e-07,0.9588672395282933
1.532,1.2279411764705882e-06,2.9643239001623747e-07,0.9588672366697683
1.532,1.2794117647058822e-06,3.088576997773971e-07,0.958867233811243
1.532,1.3308823529411764e-06,3.2128300953855677e-07,0.9588672309527175
1.532,1.3823529411764706e-06,3.3370831929971645e-07,0.9588672280941919
1.532,1.4338235294117646e-06,3.4613362906087607e-07,0.9588672252356661
1.532,1.4852941176470588e-06,3.5855893882203575e-07,0.9588672223771402
1.532,1.536764705882353e-06,3.7098424858319543e-07,0.9588672195186141
1.532,1.588235294117647e-06,3.8340955834435505e-07,0.9588672166600878
1.532,1.6397058823529412e-06,3.9583486810551473e-07,0.9588672138015615
1.532,1.6911764705882354e-06,4.082601778666744e-07,0.9588672109430348
1.532,1.7426470588235293e-06,4.20685487627834e-07,0.9588672080845081
1.532,1.7941176470588235e-06,4.3311079738899366e-07,0.9588672052259812
1.532,1.8455882352941175e-06,4.455361071501533e-07,0.9588672023674542
1.532,1.8970588235294117e-06,4.5796141691131296e-07,0.958867199508927
1.532,1.948529411764706e-06,4.703867266724727e-07,0.9588671966503995
1.532,2e-06,4.828120364336323e-07,0.958867193791872
1.559,2.5e-07,6.55070103645999e-08,0.9588672897956609
1.559,3.0147058823529413e-07,7.899374779260577e-08,0.9588672866929504
1.559,3.529411764705882e-07,9.248048522061161e-08,0.9588672835902396
1.559,4.044117647058823e-07,1.0596722264861747e-07,0.9588672804875288
1.559,4.5588235294117646e-07,1.1945396007662333e-07,0.9588672773848176
1.559,5.073529411764705e-07,1.3294069750462918e-07,0.9588672742821063
1.559,5.588235294117647e-07,1.4642743493263505e-07,0.9588672711793949
1.559,6.102941176470589e-07,1.5991417236064095e-07,0.9588672680766831
1.559,6.617647058823529e-07,1.7340090978864677e-07,0.9588672649739712
1.559,7.132352941176471e-07,1.8688764721665265e-07,0.9588672618712591
1.559,7.647058823529411e-07,2.0037438464465847e-07,0.958867258768547
1.559,8.161764705882353e-07,2.1386112207266437e-07,0.9588672556658344
1.559,8.676470588235295e-07,2.2734785950067024e-07,0.9588672525631218
1.559,9.191176470588234e-07,2.408345969286761e-07,0.9588672494604089
1.559,9.705882352941176e-07,2.5432133435668196e-07,0.9588672463576959
1.559,1.0220588235294118e-06,2.6780807178468783e-07,0.9588672432549827
1.559,1.0735294117647058e-06,2.8129480921269365e-07,0.9588672401522693
1.559,1.125e-06,2.947815466406995e-07,0.9588672370495557
1.559,1.176470588235294e-06,3.0826828406870535e-07,0.9588672339468419
1.559,1.2279411764705882e-06,3.2175502149671127e-07,0.958867230844128
1.559,1.2794117647058822e-06,3.352417589247171e-07,0.9588672277414139
1.559,1.3308823529411764e-06,3.4872849635272297e-07,0.9588672246386994
1.559,1.3823529411764706e-06,3.6221523378072884e-07,0.9588672215359849
1.559,1.4338235294117646e-06,3.7570197120873466e-07,0.9588672184332703
1.559,1.4852941176470588e-06,3.8918870863674053e-07,0.9588672153305553
1.559,1.536764705882353e-06,4.026754460647464e-07,0.9588672122278402
1.559,1.588235294117647e-06,4.161621834927523e-07,0.9588672091251249
1.559,1.6397058823529412e-06,4.2964892092075815e-07,0.9588672060224094
1.559,1.6911764705882354e-06,4.43135658348764e-07,0.9588672029196937
1.559,1.7426470588235293e-06,4.5662239577676984e-07,0.9588671998169779
1.559,1.7941176470588235e-06,4.701091332047757e-07,0.9588671967142618
1.559,1.8455882352941175e-06,4.835958706327815e-07,0.9588671936115456
1.559,1.8970588235294117e-06,4.970826080607874e-07,0.9588671905088292
1.559,1.948529411764706e-06,5.105693454887934e-07,0.9588671874061125
1.559,2e-06,5.240560829167992e-07,0.9588671843033957
1.587,2.5e-07,7.065199089224502e-08,0.9588672886120252
1.587,3.0147058823529413e-07,8.5197989017119e-08,0.9588672852656248
1.587,3.529411764705882e-07,9.974398714199298e-08,0.9588672819192242
1.587,4.044117647058823e-07,1.1428998526686694e-07,0.9588672785728234
1.587,4.5588235294117646e-07,1.2883598339174093e-07,0.9588672752264223
1.587,5.073529411764705e-07,1.433819815166149e-07,0.9588672718800212
1.587,5.588235294117647e-07,1.5792797964148887e-07,0.9588672685336197
1.587,6.102941176470589e-07,1.724739777663629e-07,0.958867265187218
1.587,6.617647058823529e-07,1.8701997589123682e-07,0.958867261840816
1.587,7.132352941176471e-07,2.015659740161108e-07,0.9588672584944139
1.587,7.647058823529411e-07,2.1611197214098474e-07,0.9588672551480116
1.587,8.161764705882353e-07,2.3065797026585876e-07,0.958867251801609
1.587,8.676470588235295e-07,2.4520396839073274e-07,0.9588672484552062
1.587,9.191176470588234e-07,2.597499665156067e-07,0.9588672451088032
1.587,9.705882352941176e-07,2.7429596464048067e-07,0.9588672417624
1.587,1.0220588235294118e-06,2.888419627653547e-07,0.9588672384159965
1.587,1.0735294117647058e-06,3.0338796089022864e-07,0.9588672350695928
1.587,1.125e-06,3.179339590151026e-07,0.958867231723189
1.587,1.176470588235294e-06,3.3247995713997656e-07,0.9588672283767848
1.587,1.2279411764705882e-06,3.470259552648506e-07,0.9588672250303805
1.587,1.2794117647058822e-06,3.615719533897245e-07,0.9588672216839759
1.587,1.3308823529411764e-06,3.761179515145985e-07,0.9588672183375712
1.587,1.3823529411764706e-06,3.906639496394725e-07,0.9588672149911661
1.587,1.4338235294117646e-06,4.052099477643464e-07,0.958867211644761
1.587,1.4852941176470588e-06,4.1975594588922043e-07,0.9588672082983555
1.587,1.536764705882353e-06,4.3430194401409445e-07,0.9588672049519499
1.587,1.588235294117647e-06,4.4884794213896835e-07,0.958867201605544
1.587,1.6397058823529412e-06,4.6339394026384237e-07,0.9588671982591378
1.587,1.6911764705882354e-06,4.779399383887164e-07,0.9588671949127315
1.587,1.7426470588235293e-06,4.924859365135903e-07,0.9588671915663249
1.587,1.7941176470588235e-06,5.070319346384643e-07,0.9588671882199182
1.587,1.8455882352941175e-06,5.215779327633383e-07,0.9588671848735112
1.587,1.8970588235294117e-06,5.361239308882122e-07,0.958867181527104
1.587,1.948529411764706e-06,5.506699290130863e-07,0.9588671781806966
1.587,2e-06,5.652159271379601e-07,0.958867174834289
1.616,2.5e-07,7.578092264857702e-08,0.9588672874320815
1.616,3.0147058823529413e-07,9.138287731151936e-08,0.9588672838427514
1.616,3.529411764705882e-07,1.0698483197446168e-07,0.9588672802534212
1.616,4.044117647058823e-07,1.22586786637404e-07,0.9588672766640906
1.616,4.5588235294117646e-07,1.3818874130034635e-07,0.9588672730747597
1.616,5.073529411764705e-07,1.5379069596328865e-07,0.9588672694854288
1.616,5.588235294117647e-07,1.69392650626231e-07,0.9588672658960974
1.616,6.102941176470589e-07,1.8499460528917336e-07,0.9588672623067659
1.616,6.617647058823529e-07,2.0059655995211564e-07,0.9588672587174341
1.616,7.132352941176471e-07,2.16198514615058e-07,0.9588672551281019
1.616,7.647058823529411e-07,2.318004692780003e-07,0.9588672515387696
1.616,8.161764705882353e-07,2.4740242394094265e-07,0.958867247949437
1.616,8.676470588235295e-07,2.63004378603885e-07,0.9588672443601042
1.616,9.191176470588234e-07,2.7860633326682725e-07,0.958867240770771
1.616,9.705882352941176e-07,2.942082879297696e-07,0.9588672371814377
1.616,1.0220588235294118e-06,3.0981024259271196e-07,0.9588672335921041
1.616,1.0735294117647058e-06,3.2541219725565427e-07,0.9588672300027703
1.616,1.125e-06,3.410141519185966e-07,0.9588672264134361
1.616,1.176470588235294e-06,3.566161065815389e-07,0.9588672228241018
1.616,1.2279411764705882e-06,3.722180612444813e-07,0.9588672192347671
1.616,1.2794117647058822e-06,3.878200159074236e-07,0.9588672156454323
1.616,1.3308823529411764e-06,4.0342197057036594e-07,0.9588672120560972
1.616,1.3823529411764706e-06,4.1902392523330824e-07,0.9588672084667619
1.616,1.4338235294117646e-06,4.3462587989625054e-07,0.9588672048774262
1.616,1.4852941176470588e-06,4.502278345591929e-07,0.9588672012880903
1.616,1.536764705882353e-06,4.6582978922213525e-07,0.9588671976987542
1.616,1.588235294117647e-06,4.814317438850776e-07,0.9588671941094178
1.616,1.6397058823529412e-06,4.970336985480199e-07,0.9588671905200811
1.616,1.6911764705882354e-06,5.126356532109623e-07,0.9588671869307442
1.616,1.7426470588235293e-06,5.282376078739046e-07,0.9588671833414071
1.616,1.7941176470588235e-06,5.438395625368469e-07,0.9588671797520697
1.616,1.8455882352941175e-06,5.594415171997892e-07,0.958867176162732
1.616,1.8970588235294117e-06,5.750434718627316e-07,0.958867172573394
1.616,1.948529411764706e-06,5.90645426525674e-07,0.9588671689840559
1.616,2e-06,6.062473811886162e-07,0.9588671653947174
1.645,2.5e-07,8.072168334414401e-08,0.9588672862954277
1.645,3.0147058823529413e-07,9.734085344440896e-08,0.9588672824720806
1.645,3.529411764705882e-07,1.139600235446739e-07,0.9588672786487332
1.645,4.044117647058823e-07,1.3057919364493883e-07,0.9588672748253856
1.645,4.5588235294117646e-07,1.4719836374520377e-07,0.9588672710020376
1.645,5.073529411764705e-07,1.6381753384546868e-07,0.9588672671786893
1.645,5.588235294117647e-07,1.8043670394573367e-07,0.9588672633553408
1.645,6.102941176470589e-07,1.9705587404599863e-07,0.958867259531992
1.645,6.617647058823529e-07,2.1367504414626352e-07,0.9588672557086428
1.645,7.132352941176471e-07,2.302942142465285e-07,0.9588672518852934
1.645,7.647058823529411e-07,2.469133843467934e-07,0.9588672480619438
1.645,8.161764705882353e-07,2.6353255444705836e-07,0.9588672442385938
1.645,8.676470588235295e-07,2.8015172454732335e-07,0.9588672404152435
1.645,9.191176470588234e-07,2.9677089464758823e-07,0.958867236591893
1.645,9.705882352941176e-07,3.133900647478532e-07,0.9588672327685421
1.645,1.0220588235294118e-06,3.3000923484811816e-07,0.958867228945191
1.645,1.0735294117647058e-06,3.466284049483831e-07,0.9588672251218396
1.645,1.125e-06,3.6324757504864803e-07,0.9588672212984879
1.645,1.176470588235294e-06,3.7986674514891297e-07,0.9588672174751359
1.645,1.2279411764705882e-06,3.964859152491779e-07,0.9588672136517836
1.645,1.2794117647058822e-06,4.131050853494428e-07,0.9588672098284311
1.645,1.3308823529411764e-06,4.297242554497078e-07,0.9588672060050781
1.645,1.3823529411764706e-06,4.4634342554997277e-07,0.958867202181725
1.645,1.4338235294117646e-06,4.6296259565023765e-07,0.9588671983583716
1.645,1.4852941176470588e-06,4.795817657505026e-07,0.9588671945350179
1.645,1.536764705882353e-06,4.962009358507676e-07,0.9588671907116639
1.645,1.588235294117647e-06,5.128201059510325e-07,0.9588671868883096
1.645,1.6397058823529412e-06,5.294392760512974e-07,0.958867183064955
1.645,1.6911764705882354e-06,5.460584461515624e-07,0.9588671792416001
1.645,1.7426470588235293e-06,5.626776162518273e-07,0.958867175418245
1.645,1.7941176470588235e-06,5.792967863520923e-07,0.9588671715948895
1.645,1.8455882352941175e-06,5.959159564523572e-07,0.9588671677715337
1.645,1.8970588235294117e-06,6.125351265526222e-07,0.9588671639481777
1.645,1.948529411764706e-06,6.291542966528872e-07,0.9588671601248214
1.645,2e-06,6.457734667531521e-07,0.9588671563014648
1.674,2.5e-07,8.548783825696088e-08,0.9588672851989432
1.674,3.0147058823529413e-07,1.0308827554515871e-07,0.9588672811498491
1.674,3.529411764705882e-07,1.2068871283335653e-07,0.9588672771007547
1.674,4.044117647058823e-07,1.3828915012155435e-07,0.9588672730516601
1.674,4.5588235294117646e-07,1.558895874097522e-07,0.958867269002565
1.674,5.073529411764705e-07,1.7349002469795e-07,0.9588672649534697
1.674,5.588235294117647e-07,1.9109046198614784e-07,0.9588672609043741
1.674,6.102941176470589e-07,2.086908992743457e-07,0.9588672568552781
1.674,6.617647058823529e-07,2.2629133656254348e-07,0.9588672528061819
1.674,7.132352941176471e-07,2.4389177385074133e-07,0.9588672487570853
1.674,7.647058823529411e-07,2.614922111389391e-07,0.9588672447079883
1.674,8.161764705882353e-07,2.79092648427137e-07,0.9588672406588911
1.674,8.676470588235295e-07,2.9669308571533485e-07,0.9588672366097934
1.674,9.191176470588234e-07,3.142935230035326e-07,0.9588672325606956
1.674,9.705882352941176e-07,3.318939602917305e-07,0.9588672285115973
1.674,1.0220588235294118e-06,3.494943975799283e-07,0.9588672244624987
1.674,1.0735294117647058e-06,3.6709483486812613e-07,0.9588672204133999
1.674,1.125e-06,3.8469527215632395e-07,0.9588672163643007
1.674,1.176470588235294e-06,4.0229570944452177e-07,0.9588672123152012
1.674,1.2279411764705882e-06,4.198961467327196e-07,0.9588672082661014
1.674,1.2794117647058822e-06,4.374965840209174e-07,0.9588672042170012
1.674,1.3308823529411764e-06,4.5509702130911524e-07,0.9588672001679006
1.674,1.3823529411764706e-06,4.726974585973131e-07,0.9588671961187999
1.674,1.4338235294117646e-06,4.902978958855109e-07,0.9588671920696987
1.674,1.4852941176470588e-06,5.078983331737087e-07,0.9588671880205972
1.674,1.536764705882353e-06,5.254987704619066e-07,0.9588671839714955
1.674,1.588235294117647e-06,5.430992077501043e-07,0.9588671799223933
1.674,1.6397058823529412e-06,5.606996450383023e-07,0.958867175873291
1.674,1.6911764705882354e-06,5.783000823265001e-07,0.9588671718241881
1.674,1.7426470588235293e-06,5.959005196146979e-07,0.9588671677750851
1.674,1.7941176470588235e-06,6.135009569028957e-07,0.9588671637259817
1.674,1.8455882352941175e-06,6.311013941910936e-07,0.958867159676878
1.674,1.8970588235294117e-06,6.487018314792914e-07,0.9588671556277739
1.674,1.948529411764706e-06,6.663022687674893e-07,0.9588671515786695
1.674,2e-06,6.83902706055687e-07,0.9588671475295649
1.704,2.5e-07,9.024744420666316e-08,0.9588672841039652
1.704,3.0147058823529413e-07,1.0882780036685853e-07,0.9588672798294344
1.704,3.529411764705882e-07,1.2740815652705387e-07,0.9588672755549033
1.704,4.044117647058823e-07,1.4598851268724924e-07,0.9588672712803717
1.704,4.5588235294117646e-07,1.645688688474446e-07,0.9588672670058398
1.704,5.073529411764705e-07,1.8314922500763994e-07,0.9588672627313076
1.704,5.588235294117647e-07,2.0172958116783533e-07,0.958867258456775
1.704,6.102941176470589e-07,2.2030993732803072e-07,0.9588672541822421
1.704,6.617647058823529e-07,2.3889029348822603e-07,0.9588672499077088
1.704,7.132352941176471e-07,2.574706496484214e-07,0.9588672456331752
1.704,7.647058823529411e-07,2.760510058086167e-07,0.9588672413586411
1.704,8.161764705882353e-07,2.946313619688121e-07,0.9588672370841067
1.704,8.676470588235295e-07,3.132117181290075e-07,0.958867232809572
1.704,9.191176470588234e-07,3.317920742892028e-07,0.9588672285350369
1.704,9.705882352941176e-07,3.503724304493982e-07,0.9588672242605014
1.704,1.0220588235294118e-06,3.689527866095936e-07,0.9588672199859656
1.704,1.0735294117647058e-06,3.875331427697889e-07,0.9588672157114294
1.704,1.125e-06,4.0611349892998427e-07,0.9588672114368929
1.704,1.176470588235294e-06,4.2469385509017956e-07,0.958867207162356
1.704,1.2279411764705882e-06,4.4327421125037495e-07,0.9588672028878187
1.704,1.2794117647058822e-06,4.618545674105703e-07,0.9588671986132811
1.704,1.3308823529411764e-06,4.804349235707657e-07,0.9588671943387431
1.704,1.3823529411764706e-06,4.99015279730961e-07,0.9588671900642047
1.704,1.4338235294117646e-06,5.175956358911563e-07,0.958867185789666
1.704,1.4852941176470588e-06,5.361759920513518e-07,0.9588671815151271
1.704,1.536764705882353e-06,5.547563482115471e-07,0.9588671772405876
1.704,1.588235294117647e-06,5.733367043717425e-07,0.9588671729660477
1.704,1.6397058823529412e-06,5.919170605319378e-07,0.9588671686915076
1.704,1.6911764705882354e-06,6.104974166921332e-07,0.9588671644169671
1.704,1.7426470588235293e-06,6.290777728523286e-07,0.9588671601424262
1.704,1.7941176470588235e-06,6.476581290125239e-07,0.958867155867885
1.704,1.8455882352941175e-06,6.662384851727193e-07,0.9588671515933433
1.704,1.8970588235294117e-06,6.848188413329146e-07,0.9588671473188015
1.704,1.948529411764706e-06,7.0339919749311e-07,0.9588671430442591
1.704,2e-06,7.219795536533053e-07,0.9588671387697165
1.735,2.5e-07,9.499564395109279e-08,0.9588672830116112
1.735,3.0147058823529413e-07,1.1455357064690602e-07,0.9588672785121839
1.735,3.529411764705882e-07,1.3411149734271922e-07,0.9588672740127562
1.735,4.044117647058823e-07,1.5366942403853246e-07,0.9588672695133281
1.735,4.5588235294117646e-07,1.732273507343457e-07,0.9588672650138996
1.735,5.073529411764705e-07,1.9278527743015887e-07,0.9588672605144707
1.735,5.588235294117647e-07,2.1234320412597213e-07,0.9588672560150414
1.735,6.102941176470589e-07,2.3190113082178538e-07,0.9588672515156117
1.735,6.617647058823529e-07,2.5145905751759856e-07,0.9588672470161816
1.735,7.132352941176471e-07,2.710169842134118e-07,0.9588672425167512
1.735,7.647058823529411e-07,2.90574910909225e-07,0.9588672380173202
1.735,8.161764705882353e-07,3.1013283760503823e-07,0.9588672335178889
1.735,8.676470588235295e-07,3.296907643008515e-07,0.9588672290184573
1.735,9.191176470588234e-07,3.4924869099666465e-07,0.9588672245190253
1.735,9.705882352941176e-07,3.688066176924779e-07,0.9588672200195927
1.735,1.0220588235294118e-06,3.8836454438829116e-07,0.9588672155201599
1.735,1.0735294117647058e-06,4.079224710841043e-07,0.9588672110207266
1.735,1.125e-06,4.274803977799176e-07,0.9588672065212929
1.735,1.176470588235294e-06,4.4703832447573073e-07,0.9588672020218588
1.735,1.2279411764705882e-06,4.66596251171544e-07,0.9588671975224243
1.735,1.2794117647058822e-06,4.861541778673572e-07,0.9588671930229895
1.735,1.3308823529411764e-06,5.057121045631705e-07,0.9588671885235541
1.735,1.3823529411764706e-06,5.252700312589837e-07,0.9588671840241185
1.735,1.4338235294117646e-06,5.448279579547969e-07,0.9588671795246825
1.735,1.4852941176470588e-06,5.643858846506101e-07,0.958867175025246
1.735,1.536764705882353e-06,5.839438113464234e-07,0.958867170525809
1.735,1.588235294117647e-06,6.035017380422365e-07,0.9588671660263718
1.735,1.6397058823529412e-06,6.230596647380498e-07,0.9588671615269342
1.735,1.6911764705882354e-06,6.42617591433863e-07,0.958867157027496
1.735,1.7426470588235293e-06,6.621755181296762e-07,0.9588671525280575
1.735,1.7941176470588235e-06,6.817334448254895e-07,0.9588671480286187
1.735,1.8455882352941175e-06,7.012913715213026e-07,0.9588671435291795
1.735,1.8970588235294117e-06,7.208492982171159e-07,0.9588671390297397
1.735,1.948529411764706e-06,7.404072249129292e-07,0.9588671345302997
1.735,2e-06,7.599651516087423e-07,0.9588671300308592
1.766,2.5e-07,9.95826437495593e-08,0.9588672819563423
1.766,3.0147058823529413e-07,1.2008495275682152e-07,0.9588672772396537
1.766,3.529411764705882e-07,1.405872617640837e-07,0.9588672725229646
1.766,4.044117647058823e-07,1.6108957077134592e-07,0.9588672678062751
1.766,4.5588235294117646e-07,1.8159187977860813e-07,0.958867263089585
1.766,5.073529411764705e-07,2.0209418878587032e-07,0.9588672583728947
1.766,5.588235294117647e-07,2.2259649779313255e-07,0.9588672536562038
1.766,6.102941176470589e-07,2.430988068003948e-07,0.9588672489395126
1.766,6.617647058823529e-07,2.6360111580765695e-07,0.9588672442228208
1.766,7.132352941176471e-07,2.841034248149192e-07,0.9588672395061287
1.766,7.647058823529411e-07,3.046057338221814e-07,0.958867234789436
1.766,8.161764705882353e-07,3.251080428294436e-07,0.958867230072743
1.766,8.676470588235295e-07,3.4561035183670585e-07,0.9588672253560496
1.766,9.191176470588234e-07,3.66112660843968e-07,0.9588672206393556
1.766,9.705882352941176e-07,3.866149698512302e-07,0.9588672159226613
1.766,1.0220588235294118e-06,4.071172788584925e-07,0.9588672112059665
1.766,1.0735294117647058e-06,4.2761958786575465e-07,0.9588672064892713
1.766,1.125e-06,4.4812189687301686e-07,0.9588672017725756
1.766,1.176470588235294e-06,4.68624205880279e-07,0.9588671970558795
1.766,1.2279411764705882e-06,4.891265148875413e-07,0.9588671923391829
1.766,1.2794117647058822e-06,5.096288238948034e-07,0.9588671876224859
1.766,1.3308823529411764e-06,5.301311329020657e-07,0.9588671829057885
1.766,1.3823529411764706e-06,5.506334419093279e-07,0.9588671781890907
1.766,1.4338235294117646e-06,5.7113575091659e-07,0.9588671734723924
1.766,1.4852941176470588e-06,5.916380599238523e-07,0.9588671687556937
1.766,1.536764705882353e-06,6.121403689311146e-07,0.9588671640389945
1.766,1.588235294117647e-06,6.326426779383767e-07,0.9588671593222948
1.766,1.6397058823529412e-06,6.53144986945639e-07,0.9588671546055948
1.766,1.6911764705882354e-06,6.736472959529012e-07,0.9588671498888943
1.766,1.7426470588235293e-06,6.941496049601633e-07,0.9588671451721934
1.766,1.7941176470588235e-06,7.146519139674256e-07,0.958867140455492
1.766,1.8455882352941175e-06,7.351542229746877e-07,0.9588671357387902
1.766,1.8970588235294117e-06,7.556565319819499e-07,0.958867131022088
1.766,1.948529411764706e-06,7.761588409892123e-07,0.9588671263053853
1.766,2e-06,7.966611499964744e-07,0.9588671215886821
1.798,2.5e-07,1.041597258662364e-07,0.958867280903355
1.798,3.0147058823529413e-07,1.2560437530928508e-07,0.9588672759698748
1.798,3.529411764705882e-07,1.4704902475233373e-07,0.958867271036394
1.798,4.044117647058823e-07,1.684936741953824e-07,0.9588672661029127
1.798,4.5588235294117646e-07,1.8993832363843107e-07,0.9588672611694311
1.798,5.073529411764705e-07,2.1138297308147971e-07,0.9588672562359488
1.798,5.588235294117647e-07,2.328276225245284e-07,0.9588672513024662
1.798,6.102941176470589e-07,2.542722719675771e-07,0.9588672463689831
1.798,6.617647058823529e-07,2.7571692141062573e-07,0.9588672414354994
1.798,7.132352941176471e-07,2.9716157085367445e-07,0.9588672365020153
1.798,7.647058823529411e-07,3.1860622029672307e-07,0.9588672315685307
1.798,8.161764705882353e-07,3.4005086973977174e-07,0.9588672266350458
1.798,8.676470588235295e-07,3.6149551918282047e-07,0.9588672217015601
1.798,9.191176470588234e-07,3.829401686258691e-07,0.9588672167680741
1.798,9.705882352941176e-07,4.0438481806891776e-07,0.9588672118345876
1.798,1.0220588235294118e-06,4.258294675119665e-07,0.9588672069011006
1.798,1.0735294117647058e-06,4.472741169550151e-07,0.9588672019676131
1.798,1.125e-06,4.687187663980638e-07,0.9588671970341253
1.798,1.176470588235294e-06,4.901634158411124e-07,0.9588671921006368
1.798,1.2279411764705882e-06,5.116080652841612e-07,0.9588671871671479
1.798,1.2794117647058822e-06,5.330527147272097e-07,0.9588671822336585
1.798,1.3308823529411764e-06,5.544973641702584e-07,0.9588671773001686
1.798,1.3823529411764706e-06,5.759420136133071e-07,0.9588671723666783
1.798,1.4338235294117646e-06,5.973866630563557e-07,0.9588671674331875
1.798,1.4852941176470588e-06,6.188313124994045e-07,0.9588671624996962
1.798,1.536764705882353e-06,6.402759619424532e-07,0.9588671575662043
1.798,1.588235294117647e-06,6.617206113855018e-07,0.9588671526327122
1.798,1.6397058823529412e-06,6.831652608285504e-07,0.9588671476992193
1.798,1.6911764705882354e-06,7.046099102715992e-07,0.9588671427657262
1.798,1.7426470588235293e-06,7.260545597146478e-07,0.9588671378322324
1.798,1.7941176470588235e-06,7.474992091576965e-07,0.9588671328987383
1.798,1.8455882352941175e-06,7.689438586007451e-07,0.9588671279652435
1.798,1.8970588235294117e-06,7.903885080437938e-07,0.9588671230317485
1.798,1.948529411764706e-06,8.118331574868426e-07,0.9588671180982528
1.798,2e-06,8.332778069298912e-07,0.9588671131647567
1.83,2.5e-07,1.0858675931648152e-07,0.9588672798848874
1.83,3.0147058823529413e-07,1.3094285682281597e-07,0.9588672747417225
1.83,3.529411764705882e-07,1.5329895432915038e-07,0.9588672695985571
1.83,4.044117647058823e-07,1.756550518354848e-07,0.958867264455391
1.83,4.5588235294117646e-07,1.9801114934181924e-07,0.9588672593122247
1.83,5.073529411764705e-07,2.2036724684815365e-07,0.9588672541690577
1.83,5.588235294117647e-07,2.427233443544881e-07,0.9588672490258902
1.83,6.102941176470589e-07,2.6507944186082256e-07,0.9588672438827222
1.83,6.617647058823529e-07,2.8743553936715697e-07,0.9588672387395536
1.83,7.132352941176471e-07,3.097916368734914e-07,0.9588672335963845
1.83,7.647058823529411e-07,3.321477343798258e-07,0.9588672284532149
1.83,8.161764705882353e-07,3.545038318861603e-07,0.9588672233100448
1.83,8.676470588235295e-07,3.7685992939249475e-07,0.9588672181668741
1.83,9.191176470588234e-07,3.992160268988291e-07,0.9588672130237029
1.83,9.705882352941176e-07,4.2157212440516356e-07,0.9588672078805313
1.83,1.0220588235294118e-06,4.43928221911498e-07,0.9588672027373591
1.83,1.0735294117647058e-06,4.662843194178324e-07,0.9588671975941864
1.83,1.125e-06,4.886404169241669e-07,0.9588671924510132
1.83,1.176470588235294e-06,5.109965144305012e-07,0.9588671873078394
1.83,1.2279411764705882e-06,5.333526119368357e-07,0.958867182164665
1.83,1.2794117647058822e-06,5.557087094431701e-07,0.9588671770214903
1.83,1.3308823529411764e-06,5.780648069495046e-07,0.9588671718783149
1.83,1.3823529411764706e-06,6.004209044558391e-07,0.958867166735139
1.83,1.4338235294117646e-06,6.227770019621734e-07,0.9588671615919627
1.83,1.4852941176470588e-06,6.451330994685079e-07,0.9588671564487858
1.83,1.536764705882353e-06,6.674891969748423e-07,0.9588671513056084
1.83,1.588235294117647e-06,6.898452944811767e-07,0.9588671461624304
1.83,1.6397058823529412e-06,7.122013919875111e-07,0.958867141019252
1.83,1.6911764705882354e-06,7.345574894938456e-07,0.958867135876073
1.83,1.7426470588235293e-06,7.569135870001801e-07,0.9588671307328935
1.83,1.7941176470588235e-06,7.792696845065145e-07,0.9588671255897134
1.83,1.8455882352941175e-06,8.016257820128489e-07,0.9588671204465329
1.83,1.8970588235294117e-06,8.239818795191833e-07,0.9588671153033518
1.83,1.948529411764706e-06,8.463379770255179e-07,0.9588671101601702
1.83,2e-06,8.686940745318521e-07,0.9588671050169881
1.863,2.5e-07,1.1300495884270758e-07,0.958867278868452
1.863,3.0147058823529413e-07,1.3627068566326503e-07,0.9588672735160209
1.863,3.529411764705882e-07,1.5953641248382246e-07,0.9588672681635892
1.863,4.044117647058823e-07,1.828021393043799e-07,0.958867262811157
1.863,4.5588235294117646e-07,2.0606786612493737e-07,0.9588672574587241
1.863,5.073529411764705e-07,2.2933359294549477e-07,0.9588672521062908
1.863,5.588235294117647e-07,2.5259931976605225e-07,0.9588672467538568
1.863,6.102941176470589e-07,2.7586504658660973e-07,0.9588672414014223
1.863,6.617647058823529e-07,2.991307734071671e-07,0.9588672360489872
1.863,7.132352941176471e-07,3.223965002277246e-07,0.9588672306965516
1.863,7.647058823529411e-07,3.4566222704828195e-07,0.9588672253441153
1.863,8.161764705882353e-07,3.689279538688395e-07,0.9588672199916786
1.863,8.676470588235295e-07,3.9219368068939697e-07,0.9588672146392412
1.863,9.191176470588234e-07,4.1545940750995434e-07,0.9588672092868032
1.863,9.705882352941176e-07,4.387251343305118e-07,0.9588672039343649
1.863,1.0220588235294118e-06,4.619908611510693e-07,0.9588671985819258
1.863,1.0735294117647058e-06,4.852565879716266e-07,0.9588671932294862
1.863,1.125e-06,5.085223147921841e-07,0.958867187877046
1.863,1.176470588235294e-06,5.317880416127416e-07,0.9588671825246052
1.863,1.2279411764705882e-06,5.550537684332991e-07,0.958867177172164
1.863,1.2794117647058822e-06,5.783194952538564e-07,0.9588671718197221
1.863,1.3308823529411764e-06,6.015852220744139e-07,0.9588671664672797
1.863,1.3823529411764706e-06,6.248509488949714e-07,0.9588671611148367
1.863,1.4338235294117646e-06,6.481166757155288e-07,0.9588671557623931
1.863,1.4852941176470588e-06,6.713824025360863e-07,0.9588671504099491
1.863,1.536764705882353e-06,6.946481293566437e-07,0.9588671450575044
1.863,1.588235294117647e-06,7.179138561772011e-07,0.9588671397050591
1.863,1.6397058823529412e-06,7.411795829977586e-07,0.9588671343526133
1.863,1.6911764705882354e-06,7.644453098183161e-07,0.9588671290001669
1.863,1.7426470588235293e-06,7.877110366388734e-07,0.95886712364772
1.863,1.7941176470588235e-06,8.109767634594309e-07,0.9588671182952724
1.863,1.8455882352941175e-06,8.342424902799883e-07,0.9588671129428243
1.863,1.8970588235294117e-06,8.575082171005458e-07,0.9588671075903757
1.863,1.948529411764706e-06,8.807739439211034e-07,0.9588671022379265
1.863,2e-06,9.040396707416606e-07,0.9588670968854768
1.896,2.5e-07,1.1728296951277496e-07,0.9588672778842681
1.896,3.0147058823529413e-07,1.4142946323599336e-07,0.9588672723292107
1.896,3.529411764705882e-07,1.6557595695921171e-07,0.9588672667741527
1.896,4.044117647058823e-07,1.897224506824301e-07,0.958867261219094
1.896,4.5588235294117646e-07,2.1386894440564848e-07,0.9588672556640349
1.896,5.073529411764705e-07,2.3801543812886683e-07,0.958867250108975
1.896,5.588235294117647e-07,2.6216193185208526e-07,0.9588672445539146
1.896,6.102941176470589e-07,2.8630842557530364e-07,0.9588672389988535
1.896,6.617647058823529e-07,3.1045491929852197e-07,0.958867233443792
1.896,7.132352941176471e-07,3.346014130217404e-07,0.9588672278887297
1.896,7.647058823529411e-07,3.587479067449587e-07,0.9588672223336668
1.896,8.161764705882353e-07,3.828944004681771e-07,0.9588672167786034
1.896,8.676470588235295e-07,4.0704089419139555e-07,0.9588672112235392
1.896,9.191176470588234e-07,4.311873879146138e-07,0.9588672056684746
1.896,9.705882352941176e-07,4.5533388163783226e-07,0.9588672001134093
1.896,1.0220588235294118e-06,4.794803753610506e-07,0.9588671945583435
1.896,1.0735294117647058e-06,5.03626869084269e-07,0.9588671890032769
1.896,1.125e-06,5.277733628074874e-07,0.9588671834482098
1.896,1.176470588235294e-06,5.519198565307057e-07,0.9588671778931421
1.896,1.2279411764705882e-06,5.760663502539242e-07,0.9588671723380737
1.896,1.2794117647058822e-06,6.002128439771425e-07,0.9588671667830049
1.896,1.3308823529411764e-06,6.243593377003608e-07,0.9588671612279352
1.896,1.3823529411764706e-06,6.485058314235793e-07,0.9588671556728651
1.896,1.4338235294117646e-06,6.726523251467976e-07,0.9588671501177943
1.896,1.4852941176470588e-06,6.96798818870016e-07,0.9588671445627229
1.896,1.536764705882353e-06,7.209453125932344e-07,0.958867139007651
1.896,1.588235294117647e-06,7.450918063164528e-07,0.9588671334525783
1.896,1.6397058823529412e-06,7.692383000396712e-07,0.9588671278975052
1.896,1.6911764705882354e-06,7.933847937628895e-07,0.9588671223424314
1.896,1.7426470588235293e-06,8.175312874861079e-07,0.958867116787357
1.896,1.7941176470588235e-06,8.416777812093263e-07,0.958867111232282
1.896,1.8455882352941175e-06,8.658242749325446e-07,0.9588671056772063
1.896,1.8970588235294117e-06,8.899707686557631e-07,0.9588671001221301
1.896,1.948529411764706e-06,9.141172623789816e-07,0.9588670945670532
1.896,2e-06,9.382637561021997e-07,0.9588670890119758
1.93,2.5e-07,1.2155294266582952e-07,0.9588672769019331
1.93,3.0147058823529413e-07,1.4657854850879443e-07,0.9588672711446301
1.93,3.529411764705882e-07,1.7160415435175932e-07,0.9588672653873266
1.93,4.044117647058823e-07,1.9662976019472423e-07,0.9588672596300223
1.93,4.5588235294117646e-07,2.2165536603768914e-07,0.9588672538727173
1.93,5.073529411764705e-07,2.46680971880654e-07,0.9588672481154118
1.93,5.588235294117647e-07,2.7170657772361894e-07,0.9588672423581056
1.93,6.102941176470589e-07,2.967321835665839e-07,0.9588672366007988
1.93,6.617647058823529e-07,3.217577894095487e-07,0.9588672308434912
1.93,7.132352941176471e-07,3.4678339525251367e-07,0.958867225086183
1.93,7.647058823529411e-07,3.7180900109547853e-07,0.9588672193288742
1.93,8.161764705882353e-07,3.9683460693844344e-07,0.9588672135715648
1.93,8.676470588235295e-07,4.218602127814084e-07,0.9588672078142546
1.93,9.191176470588234e-07,4.468858186243732e-07,0.9588672020569439
1.93,9.705882352941176e-07,4.7191142446733817e-07,0.9588671962996324
1.93,1.0220588235294118e-06,4.969370303103031e-07,0.9588671905423203
1.93,1.0735294117647058e-06,5.21962636153268e-07,0.9588671847850075
1.93,1.125e-06,5.469882419962329e-07,0.9588671790276941
1.93,1.176470588235294e-06,5.720138478391977e-07,0.9588671732703801
1.93,1.2279411764705882e-06,5.970394536821627e-07,0.9588671675130653
1.93,1.2794117647058822e-06,6.220650595251275e-07,0.95886716175575
1.93,1.3308823529411764e-06,6.470906653680925e-07,0.9588671559984341
1.93,1.3823529411764706e-06,6.721162712110574e-07,0.9588671502411173
1.93,1.4338235294117646e-06,6.971418770540222e-07,0.9588671444838001
1.93,1.4852941176470588e-06,7.221674828969872e-07,0.9588671387264821
1.93,1.536764705882353e-06,7.471930887399521e-07,0.9588671329691634
1.93,1.588235294117647e-06,7.72218694582917e-07,0.9588671272118441
1.93,1.6397058823529412e-06,7.972443004258819e-07,0.9588671214545242
1.93,1.6911764705882354e-06,8.222699062688468e-07,0.9588671156972036
1.93,1.7426470588235293e-06,8.472955121118117e-07,0.9588671099398824
1.93,1.7941176470588235e-06,8.723211179547766e-07,0.9588671041825605
1.93,1.8455882352941175e-06,8.973467237977415e-07,0.9588670984252379
1.93,1.8970588235294117e-06,9.223723296407064e-07,0.9588670926679147
1.93,1.948529411764706e-06,9.473979354836714e-07,0.9588670869105909
1.93,2e-06,9.724235413266362e-07,0.9588670811532664
1.965,2.5e-07,1.258113347554969e-07,0.9588672759222624
1.965,3.0147058823529413e-07,1.5171366838162865e-07,0.9588672699632624
1.965,3.529411764705882e-07,1.7761600200776033e-07,0.9588672640042617
1.965,4.044117647058823e-07,2.0351833563389204e-07,0.9588672580452604
1.965,4.5588235294117646e-07,2.2942066926002378e-07,0.9588672520862582
1.965,5.073529411764705e-07,2.5532300288615546e-07,0.9588672461272555
1.965,5.588235294117647e-07,2.8122533651228723e-07,0.958867240168252
1.965,6.102941176470589e-07,3.07127670138419e-07,0.9588672342092478
1.965,6.617647058823529e-07,3.330300037645506e-07,0.958867228250243
1.965,7.132352941176471e-07,3.5893233739068236e-07,0.9588672222912373
1.965,7.647058823529411e-07,3.84834671016814e-07,0.958867216332231
1.965,8.161764705882353e-07,4.107370046429458e-07,0.9588672103732241
1.965,8.676470588235295e-07,4.3663933826907754e-07,0.9588672044142164
1.965,9.191176470588234e-07,4.625416718952092e-07,0.958867198455208
1.965,9.705882352941176e-07,4.88444005521341e-07,0.9588671924961989
1.965,1.0220588235294118e-06,5.143463391474727e-07,0.9588671865371892
1.965,1.0735294117647058e-06,5.402486727736044e-07,0.9588671805781787
1.965,1.125e-06,5.661510063997361e-07,0.9588671746191675
1.965,1.176470588235294e-06,5.920533400258678e-07,0.9588671686601555
1.965,1.2279411764705882e-06,6.179556736519996e-07,0.9588671627011429
1.965,1.2794117647058822e-06,6.438580072781312e-07,0.9588671567421296
1.965,1.3308823529411764e-06,6.697603409042629e-07,0.9588671507831157
1.965,1.3823529411764706e-06,6.956626745303946e-07,0.958867144824101
1.965,1.4338235294117646e-06,7.215650081565263e-07,0.9588671388650857
1.965,1.4852941176470588e-06,7.474673417826581e-07,0.9588671329060696
1.965,1.536764705882353e-06,7.733696754087898e-07,0.9588671269470528
1.965,1.588235294117647e-06,7.992720090349215e-07,0.9588671209880353
1.965,1.6397058823529412e-06,8.251743426610533e-07,0.9588671150290171
1.965,1.6911764705882354e-06,8.51076676287185e-07,0.9588671090699982
1.965,1.7426470588235293e-06,8.769790099133167e-07,0.9588671031109787
1.965,1.7941176470588235e-06,9.028813435394484e-07,0.9588670971519583
1.965,1.8455882352941175e-06,9.287836771655801e-07,0.9588670911929373
1.965,1.8970588235294117e-06,9.546860107917118e-07,0.9588670852339156
1.965,1.948529411764706e-06,9.805883444178437e-07,0.9588670792748932
1.965,2e-06,1.0064906780439753e-06,0.9588670733158702
2.0,2.5e-07,1.2993883607014846e-07,0.958867274972704
2.0,3.0147058823529413e-07,1.5669094937870847e-07,0.9588672688182065
2.0,3.529411764705882e-07,1.8344306268726842e-07,0.9588672626637084
2.0,4.044117647058823e-07,2.101951759958284e-07,0.9588672565092095
2.0,4.5588235294117646e-07,2.3694728930438838e-07,0.9588672503547098
2.0,5.073529411764705e-07,2.636994026129483e-07,0.9588672442002093
2.0,5.588235294117647e-07,2.9045151592150837e-07,0.9588672380457081
2.0,6.102941176470589e-07,3.172036292300684e-07,0.9588672318912062
2.0,6.617647058823529e-07,3.439557425386283e-07,0.9588672257367035
2.0,7.132352941176471e-07,3.707078558471883e-07,0.9588672195822001
2.0,7.647058823529411e-07,3.974599691557482e-07,0.958867213427696
2.0,8.161764705882353e-07,4.2421208246430825e-07,0.9588672072731911
2.0,8.676470588235295e-07,4.5096419577286826e-07,0.9588672011186854
2.0,9.191176470588234e-07,4.777163090814282e-07,0.9588671949641789
2.0,9.705882352941176e-07,5.044684223899882e-07,0.9588671888096718
2.0,1.0220588235294118e-06,5.312205356985482e-07,0.9588671826551639
2.0,1.0735294117647058e-06,5.579726490071081e-07,0.9588671765006553
2.0,1.125e-06,5.847247623156681e-07,0.9588671703461459
2.0,1.176470588235294e-06,6.114768756242281e-07,0.9588671641916358
2.0,1.2279411764705882e-06,6.38228988932788e-07,0.9588671580371249
2.0,1.2794117647058822e-06,6.64981102241348e-07,0.9588671518826132
2.0,1.3308823529411764e-06,6.91733215549908e-07,0.9588671457281008
2.0,1.3823529411764706e-06,7.18485328858468e-07,0.9588671395735877
2.0,1.4338235294117646e-06,7.45237442167028e-07,0.9588671334190738
2.0,1.4852941176470588e-06,7.719895554755879e-07,0.9588671272645592
2.0,1.536764705882353e-06,7.98741668784148e-07,0.9588671211100439
2.0,1.588235294117647e-06,8.254937820927079e-07,0.9588671149555278
2.0,1.6397058823529412e-06,8.522458954012679e-07,0.9588671088010109
2.0,1.6911764705882354e-06,8.78998008709828e-07,0.9588671026464933
2.0,1.7426470588235293e-06,9.057501220183878e-07,0.958867096491975
2.0,1.7941176470588235e-06,9.325022353269479e-07,0.9588670903374559
2.0,1.8455882352941175e-06,9.592543486355077e-07,0.958867084182936
2.0,1.8970588235294117e-06,9.860064619440678e-07,0.9588670780284154
2.0,1.948529411764706e-06,1.0127585752526278e-06,0.9588670718738941
2.0,2e-06,1.0395106885611877e-06,0.958867065719372
