check,value,reference,residual
zero-drift BM expected average drawdown,0.09986052960695817,0.10638460810704872,0.006524078500090555
zero-drift BM terminal CDaR95 exact law,0.4636265944193245,0.4675605584402827,0.003933964020958192
alpha=0 equals average drawdown,0.10011550589802223,0.10011550589802223,0.0
high-alpha approaches maximum drawdown,0.8644977455751581,0.8644977455751581,0.0
positive homogeneity max residual,2.220446049250313e-16,0.0,2.220446049250313e-16
convexity Jensen gap (must <=0),-0.0014897764823679632,0.0,0.0
same-terminal path CDaR difference,0.18000000000000002,0.0,0.18000000000000002
CVaR-CDaR ranking reversal indicator,1.0,1.0,0.0
CDaR LP budget feasibility,0.05634004525367078,0.05634004525367104,0.0
CDaR LP weight sum,1.0,1.0,0.0
