,overlay_fraction,backward_vol_timer,forward_cvar_timer,conviction_timer,portfolio_risk_reward,portfolio_garch_vol,portfolio_realized_vol,portfolio_vol_regime,forward_model_cvar,historical_cvar_target,composite_quality,selected_count,forward_model_cvar_raw,portfolio_scenario_mean,historical_cvar_target_raw,forward_cdar_timer,forward_risk_timer,forward_model_cdar,forward_model_cdar_raw,historical_cdar_target,historical_cdar_target_raw,asset_mean_efficiency_ratio,asset_median_efficiency_ratio,asset_dispersion_efficiency_ratio,asset_mean_atr_vol_regime,asset_median_atr_vol_regime,asset_dispersion_atr_vol_regime,asset_mean_liquidity_score,asset_median_liquidity_score,asset_dispersion_liquidity_score,asset_mean_breakout_strength,asset_median_breakout_strength,asset_dispersion_breakout_strength,asset_mean_normalized_spike,asset_median_normalized_spike,asset_dispersion_normalized_spike,asset_mean_pullback_ratio,asset_median_pullback_ratio,asset_dispersion_pullback_ratio,asset_mean_net_move,asset_median_net_move,asset_dispersion_net_move,asset_mean_garch_vol_forecast,asset_median_garch_vol_forecast,asset_dispersion_garch_vol_forecast,asset_mean_risk_reward_ratio,asset_median_risk_reward_ratio,asset_dispersion_risk_reward_ratio,asset_mean_kelly_fraction,asset_median_kelly_fraction,asset_dispersion_kelly_fraction,asset_mean_signal_quality,asset_median_signal_quality,asset_dispersion_signal_quality,cvar_model,cvar_model_centered,cvar_model_raw,cdar_model,cdar_model_centered,cdar_model_raw,forecast_portfolio_scenario_mean,vol_model,target_risky_exposure,forecast_backward_vol_timer,forecast_forward_cvar_timer,forecast_forward_cdar_timer,forecast_forward_risk_timer,forecast_conviction_timer,forecast_overlay_fraction,selected_alpha,robust_selection_score
overlay_fraction,1.0,1.296146986390592,0.0009312654339888038,0.09865685354871556,0.16870430902134537,0.7871299530877799,0.9787233354773085,0.3606925663915054,0.29335674080115803,0.22711754839563636,0.052676998524052054,0.21147881480558417,0.3586166562946058,0.2719553943333658,0.2896818040633411,0.02953315738030482,0.0009312654339888038,0.27343572762456647,0.30172777589633093,0.2244659375543705,0.2915854081221171,0.238142925045013,0.19051818388578812,0.38272549408978973,0.17269596397806763,0.16392864385172046,0.019122338097405933,0.23301548187977716,0.04052396956067894,0.05302196007591109,0.09017226188138439,0.0796632937105447,0.0,0.0,0.0,0.008414288617326293,0.09017226188138439,0.0796632937105447,0.0,0.04388338626537314,0.1188721053917563,0.1440509556608287,0.45920469429618127,0.3902597493658745,0.5733426728968906,0.10320565346659438,0.22137176161536742,0.01421021404012035,0.17317594402299807,0.008854797176930385,0.25702956272850164,0.07899687702340241,0.13269670529219546,0.009687755965844147,0.11712805062723453,0.11712805062723453,0.1071898566373165,0.2246772064522523,0.2246772064522523,0.11034994874264137,0.01432451590607453,0.14077935143370768,0.10654286445888417,0.09019700109947282,0.07026642120512294,0.12244257563978855,0.07026642120512294,0.1348840828210648,0.10335254595144683,0.015137510087037676,0.17062611893260415
backward_vol_timer,1.296146986390592,1.0,0.0,0.0,0.1231025629642657,0.7869898844746142,1.0512236039714913,0.36064824184012323,0.27212637099066594,0.20934700476302381,0.09524927299287878,0.20952489200987756,0.3121444362676197,0.25785228631011337,0.24923441620215925,0.06645416952898486,0.0,0.28264586614505005,0.2872263431393205,0.25001266094592167,0.24241412920945882,0.2772906068651083,0.17918966566071826,0.35206180911575913,0.11374300573504836,0.11459909409113678,0.014793128316877624,0.04009298292279562,0.029994732875156638,0.11543258584860538,0.0913698191134249,0.1370984734881241,0.0,0.0,0.0,0.038796167275067184,0.0913698191134249,0.1370984734881241,0.0,0.01957870925610994,0.0791498035888677,0.21108228284401898,0.4751216131524201,0.38597661518574944,0.49625269309287234,0.07260169168235653,0.2309382009231853,0.006658391687331955,0.13192079112991384,0.009078690601781236,0.18579969106759553,0.10103696975315035,0.08800858689718094,0.006234010838572335,0.11013084735721168,0.11013084735721168,0.11013882337938652,0.14818779548008287,0.14818779548008287,0.15245110879512036,0.0,0.10376235952320645,0.11109468237277098,0.1754566323412471,0.030248738279962994,0.08121146052474504,0.030248738279962994,0.01409563452794127,0.09824728414975559,0.012207637535981641,0.18926361170802908
forward_cvar_timer,0.0009312654339888038,0.0,1.0,0.0,0.0,0.0,0.0,0.014128447121388943,0.017771330419444453,0.08904428692672262,0.0,0.015481671381348372,0.05075949381434419,0.03805972870078622,0.06318221796120549,0.005187182948206082,0.20588610753358938,0.03340351432749067,0.04291205389793884,0.05645365916368095,0.05645365916368095,0.0,0.03872267473285829,0.0,0.0,0.010085424554159284,0.022381082915648776,0.059708239832054866,0.04528157352446849,0.04878869960217003,0.020293099837766615,0.0,0.026452747104079632,0.018215653018939792,0.0,0.008802585243803396,0.020293099837766615,0.0,0.026452747104079632,0.012242983467204205,0.0,0.0,0.0,0.0,0.0007400730433602121,0.025689896805672463,0.0,0.0,0.0,0.0,0.005269260331167924,0.00821730926911668,0.010395267128067154,0.0,0.07032142613489689,0.07032142613489689,0.011549161783483086,0.07710303533029872,0.07710303533029872,0.0,0.0628544741851862,0.01826204659981623,0.0,0.017755051411276424,0.020098252559288543,0.002246386190029037,0.020098252559288543,0.012417297789427684,0.006698958040646685,0.0,0.0
conviction_timer,0.09865685354871556,0.0,0.0,1.0,0.0,0.0,0.0,0.03682589256545743,0.0,0.0,0.7094820177784192,0.0,0.0009795271894820212,0.0,0.08722549930401546,0.005454714539713468,0.0,0.0,0.0021545099530086986,0.0,0.0,0.11023922127766161,0.024976971319670582,0.1370017156306329,0.23217052314335374,0.22634297903994816,0.1346801518246027,0.04592686593614981,0.055628132102932826,0.0,0.12144627392449903,0.011117517994831183,0.0,0.0,0.0,0.0,0.12144627392449903,0.011117517994831183,0.0,0.09033205602624905,0.016807701746317294,0.11394704951940604,0.0,0.09848407574599471,0.0,0.0,0.0,0.0,0.09557709067073661,0.057612768006517934,0.12873032807959384,0.0,0.0,0.09845752177658662,0.045092564039376004,0.045092564039376004,0.016144617917052462,0.14543985028929884,0.14543985028929884,0.11184283925554228,0.027121229556352322,0.08291672714244425,0.0,0.007817158685389902,0.03698890362167573,0.017264892358984762,0.03698890362167573,0.10524347651809007,0.0,0.0,0.0
portfolio_risk_reward,0.16870430902134537,0.1231025629642657,0.0,0.0,1.0,0.07526065566764695,0.07553655943719839,0.1168809722060381,0.4607076544038179,0.4445642812117637,0.0,0.4965659894686988,0.44433633415318674,0.29113350250207926,0.45132715079890906,0.0,0.0,0.4269849489572414,0.36324707256723443,0.44809424491788874,0.5211786458674014,0.0,0.0,0.1525908549784344,0.0,0.0,0.0,0.04958345838584577,0.07378358775838878,0.05460630909835151,0.0,0.0,0.07749148537767114,0.10329078688875659,0.0,0.0,0.0,0.0,0.07749148537767114,0.008761850642389546,0.020918913143223694,0.0,0.007802659009022328,0.023015016200389926,0.11118600725756578,0.019515148907952362,0.14168761620797266,0.0,0.10387438060009713,0.0,0.14592985086043597,0.0,0.0,0.0,0.47567960373069507,0.47567960373069507,0.30520437631407704,0.4699155951629602,0.4699155951629602,0.2961036352719343,0.05622745650260175,0.47082677963344866,0.3514053320431638,0.3055979935153613,0.04265729128895601,0.0,0.04265729128895601,0.06300771781146708,0.3303426714748774,0.0,0.1939437823026262
portfolio_garch_vol,0.7871299530877799,0.7869898844746142,0.0,0.0,0.07526065566764695,1.0,1.12784153705066,0.30447414935665806,0.41739090966613857,0.4766802600516131,0.0,0.3282481206578881,0.3590476821233396,0.38571651008473673,0.41078633596803327,0.0,0.0,0.33181604559762723,0.4855320562595766,0.45948801742833556,0.4720278243646949,0.2800701672832213,0.1916576255291611,0.3647590873545785,0.1815856948062411,0.19585981093127014,0.16842452291762156,0.2196949420115285,0.2360446026056109,0.3855603167764978,0.014065679562625832,0.04376542275147921,0.0,0.0,0.0,0.2211367941427801,0.014065679562625832,0.04376542275147921,0.0,0.0,0.0,0.5074918016390173,0.8678253615425979,0.843652686092833,0.6592123249937228,0.050816921482277344,0.16002094303146563,0.04730327144120228,0.15785846896415545,0.0,0.15762274229148077,0.12904145461657757,0.04268322827890236,0.0,0.2944372077922912,0.2944372077922912,0.41270835402199735,0.27332231092208337,0.27332231092208337,0.41816851234055974,0.26010122498669297,0.40192748064767614,0.2019782857806729,0.1836377017081975,0.06140825885792456,0.03571428571428514,0.06140825885792456,0.11433820159134034,0.20182918284610707,0.0,0.15721281926651487
portfolio_realized_vol,0.9787233354773085,1.0512236039714913,0.0,0.0,0.07553655943719839,1.12784153705066,1.0,0.18719291738264465,0.3097271796339873,0.26448160277076393,0.0,0.22001492214578444,0.32970893772320975,0.2559922592397963,0.2794046429484096,0.0,0.0,0.28685528947534644,0.35102606886792664,0.2654008942072964,0.2869364684115365,0.30921288079845466,0.2914593961521659,0.3182897999370152,0.07587683720352345,0.1509665020551192,0.0,0.1581808511417203,0.17420767066218834,0.2385307996404893,0.13121903722868744,0.08121041877179369,0.0,0.0,0.018872117530405408,0.20044808728426355,0.13121903722868744,0.08121041877179369,0.0,0.019191810280693833,0.032243509539290116,0.3820624895717738,0.6199103153063172,0.6470283122519007,0.5478565794794958,0.03932266860871414,0.06971594201547004,0.03580901856763896,0.1203980825502845,0.0,0.16066332891086532,0.047110618313488395,0.020981011556401197,0.0,0.1850930734027849,0.1850930734027849,0.17475983997011835,0.16979815308758084,0.16979815308758084,0.310714556700431,0.10986697647658217,0.1690055725082492,0.11521181882177567,0.14601233104711253,0.030195986777962425,0.02380952380952317,0.030195986777962425,0.09830612490040169,0.08289975286653384,0.0006997600101048551,0.20750304177783285
portfolio_vol_regime,0.3606925663915054,0.36064824184012323,0.014128447121388943,0.03682589256545743,0.1168809722060381,0.30447414935665806,0.18719291738264465,1.0,0.26126423078057215,0.14807046344512553,0.05006227929544593,0.03180082205166901,0.08353350757370992,0.17015008359085215,0.15754001688019625,0.0,0.014128447121388943,0.1794132133058225,0.2647557159964622,0.19653445156428573,0.1816022875395632,0.0,0.06086410339393833,0.1076008371553212,0.8744450666716977,0.9544810268800719,0.2542467305250856,0.06706483397067009,0.08170430688600483,0.12555584737172854,0.26452169101704337,0.12598280308561838,0.0842644065396354,0.0,0.0011351650074900022,0.08456209383688451,0.26452169101704337,0.12598280308561838,0.0842644065396354,0.23198470102517044,0.3097513954335436,0.07794600226912385,0.060133229874865024,0.07119669899239567,0.15278727399997338,0.00036097576771076945,0.04080856411452727,0.0,0.04821544690707302,0.0,0.0934802286659413,0.013162051988738543,0.06925007365242797,0.2891163145115283,0.13188102126683965,0.13188102126683965,0.0,0.13045667932525673,0.13045667932525673,0.10105653677656035,0.02655348105276445,0.12072774474845183,0.04483631085979356,0.10980731582423964,0.003279311275333985,0.03571428571428514,0.003279311275333985,0.0,0.08079902051936083,0.011279294541132634,0.13499526564535147
forward_model_cvar,0.29335674080115803,0.27212637099066594,0.017771330419444453,0.0,0.4607076544038179,0.41739090966613857,0.3097271796339873,0.26126423078057215,1.0,1.1679047305621286,0.04501641198415607,1.0740839361216175,1.1405855494703951,0.7553776163351761,1.069588296038798,0.0,0.017771330419444453,1.7343138961092257,1.345368645957079,1.143712926197911,1.1709591474096488,0.0,0.11000003946778325,0.0,0.12517896962644048,0.09704988100039502,0.0,0.629171050449139,0.6242950835042067,0.7221612977497309,0.0,0.07487810269191286,0.0,0.0,0.0225078417375153,0.019511257346140787,0.0,0.07487810269191286,0.0,0.038134982782381144,0.06705632832137365,0.09920482579520407,0.409217511927791,0.35158804819792155,0.4369469490089295,0.0,0.3984052645109394,0.0,0.3961968407507914,0.011494252873562427,0.4045729197546173,0.1666573668147655,0.0931916457631039,0.0,1.0827000884609355,1.0827000884609355,0.6838050996318698,1.2049758012538891,1.2049758012538891,0.9249912264417285,0.4739502793043906,1.1944120355177101,0.2859198607529828,0.2689832941714808,0.02599597713152435,0.02380952380952317,0.02599597713152435,0.0,0.26252426242358284,0.042701298280446665,0.5298351232480997
historical_cvar_target,0.22711754839563636,0.20934700476302381,0.08904428692672262,0.0,0.4445642812117637,0.4766802600516131,0.26448160277076393,0.14807046344512553,1.1679047305621286,1.0,0.014348420971336817,1.117414659058126,1.121128665358339,0.6537196478668627,1.5440292765142616,0.03448275862068906,0.08904428692672262,1.2097194292733793,1.1807785425738717,1.7222586142263578,1.6203155381453511,0.0,0.17487415003154816,0.13793900663088887,0.09289545452640091,0.003849662590142078,0.05964854409548126,0.7063066543088806,0.4698144109200856,0.6344940799100999,0.0,3.6942049535748644e-05,0.0,0.0,0.03862840699601133,0.04029329889924005,0.0,3.6942049535748644e-05,0.0,0.11992546073892096,0.15858496633206498,0.0,0.2738595611588227,0.17324055409484862,0.3860302526980184,0.0,0.39712531840340626,0.0,0.5880277110299374,0.0,0.46587981209599316,0.13948812800759536,0.0,0.0,1.1080409353535061,1.1080409353535061,0.8539658916232903,1.1624338604360864,1.1624338604360864,0.9258139669196412,0.5425555246337739,1.1593836539376041,0.39385306383804874,0.35160910090443,0.05443223223904059,0.03571428571428514,0.05443223223904059,0.0,0.3947764989825422,0.026735102917699205,0.38148664673025257
composite_quality,0.052676998524052054,0.09524927299287878,0.0,0.7094820177784192,0.0,0.0,0.0,0.05006227929544593,0.04501641198415607,0.014348420971336817,1.0,0.01684017122546755,0.0,0.0,0.1297176303060632,0.0,0.0,0.0,0.0,0.031878400570281684,0.0878096340877228,0.08956741615003105,0.010040925802306866,0.20488612149303487,0.0,0.0,0.09252361179788016,0.05837977276130957,0.05837977276130957,0.06832002408087157,0.038011463621248076,0.054778772308619494,0.0,0.0,0.0,0.0,0.038011463621248076,0.054778772308619494,0.0,0.0,0.008612451424962142,0.0,0.0,0.0,0.0,0.051963204956146924,0.016716882432891378,0.039902249729836026,0.024238534075148976,0.0,0.07708980759552686,0.0,0.0,0.021711986672684702,0.05598083989104108,0.05598083989104108,0.012133306038703218,0.09777402248036982,0.09777402248036982,0.0057797458058321816,0.0,0.11879021892760067,0.0010567355321204897,0.04527800931861192,0.0,0.0,0.0,0.0,0.0,0.0,0.0
selected_count,0.21147881480558417,0.20952489200987756,0.015481671381348372,0.0,0.4965659894686988,0.3282481206578881,0.22001492214578444,0.03180082205166901,1.0740839361216175,1.117414659058126,0.01684017122546755,1.0,0.9156374229951108,0.7866448796543474,0.9841392482418804,0.022988505747125743,0.015481671381348372,1.0984660674003002,0.9828216241242776,1.152798845349753,1.0359260629597298,0.0,0.015508395883058412,0.08762701019820174,0.035596480724568114,0.0,0.0,0.5501381102093016,0.5575334926046848,0.6185203984191762,0.0,0.0,0.0,0.0,0.0,0.0,0.0,0.0,0.0,0.04030265476058137,0.0,0.0,0.33242703065751,0.3407948460740071,0.38228297624098584,0.04214559386973171,0.3263355576795687,0.029907247231085177,0.4226652877202115,0.011494252873562538,0.46476961109629744,0.0,0.0562315254478889,0.0,0.9386524322335522,0.9386524322335522,0.7903334105319108,0.9835540344627411,0.9835540344627411,0.9174290498486455,0.5892199227466314,0.9484419369413875,0.26669927892564294,0.2521252368459862,0.018148563491181324,0.0,0.018148563491181324,0.0,0.25998009867171223,0.062318000714196575,0.3394538062488809
forward_model_cvar_raw,0.3586166562946058,0.3121444362676197,0.05075949381434419,0.0009795271894820212,0.44433633415318674,0.3590476821233396,0.32970893772320975,0.08353350757370992,1.1405855494703951,1.121128665358339,0.0,0.9156374229951108,1.0,0.8484452287993401,0.9348206549577696,0.022988505747125743,0.05075949381434419,1.1202864998610007,1.359367865128712,1.1263023231182037,1.054128550127733,0.0,0.05571800828946716,0.030415929818016885,0.0,0.0,0.010541650313131257,0.44058959865774794,0.43562961611155837,0.43894650994569373,0.0,0.0,0.0,0.0,0.0,0.0,0.0,0.0,0.0,0.0,0.0,0.06440582810120254,0.24099391968903816,0.22612234134863307,0.2982363060327916,0.0,0.45186995679409026,0.0,0.4940259949186876,0.0,0.45586970725830156,0.05178875144972661,0.0,0.0,0.9295212608652719,0.9295212608652719,0.8093437372394728,0.9574367361945403,0.9574367361945403,1.0622566289454678,0.33256681712051206,0.9362554411542191,0.40613077654679597,0.3897796109499395,0.0194185961791431,0.02380952380952328,0.0194185961791431,0.0,0.3924075385778679,0.019874554050359983,0.42069332839182916
portfolio_scenario_mean,0.2719553943333658,0.25785228631011337,0.03805972870078622,0.0,0.29113350250207926,0.38571651008473673,0.2559922592397963,0.17015008359085215,0.7553776163351761,0.6537196478668627,0.0,0.7866448796543474,0.8484452287993401,1.0,0.5676529368001514,0.0,0.03805972870078622,0.7652676643083887,0.7011419095132627,0.6486546493741394,0.6814281976649291,0.0,0.0,0.0,0.04966551224073079,0.039173516772499806,0.0,0.4949836520619013,0.48509870941833866,0.4504446661436051,0.0,0.0,0.0,0.0,0.0,0.0,0.0,0.0,0.0,0.0,0.0,0.0,0.2106798061033328,0.19480889540483626,0.41984757697442454,0.04304139747957292,0.31610970389815973,0.028735632183907955,0.4297806629344967,0.022988505747125743,0.41489694225811113,0.029012324649622223,0.01692528403184701,0.0,0.5319514735124818,0.5319514735124818,0.3827444601504788,0.5577463682728938,0.5577463682728938,0.5768993276641899,0.572202663356936,0.6561914098213837,0.2736161680222705,0.17691382043074466,0.025164678800225992,0.0,0.025164678800225992,0.011632602523512614,0.24584486021262497,0.0,0.18738217319188533
historical_cvar_target_raw,0.2896818040633411,0.24923441620215925,0.06318221796120549,0.08722549930401546,0.45132715079890906,0.41078633596803327,0.2794046429484096,0.15754001688019625,1.069588296038798,1.5440292765142616,0.1297176303060632,0.9841392482418804,0.9348206549577696,0.5676529368001514,1.0,0.03448275862068906,0.06318221796120549,1.0829012283172479,0.9378941281377337,1.472232108165369,1.6307010338756736,0.06759292550894447,0.15179119850032086,0.13065854762629148,0.09610351277127849,0.02628276838156829,0.08592264957317386,0.5762652397847071,0.44121810301343267,0.49107590804365164,0.0,0.0,0.0,0.0,0.011944554450089684,0.04402409519569295,0.0,0.0,0.0,0.13364072201234167,0.16514420142203434,0.0,0.23160079077230467,0.14744620015219667,0.4086463782246278,0.0,0.3891492765277703,0.004192393392231986,0.5198177600613656,0.03448275862068895,0.47829095778300035,0.01633561002749173,0.0,0.0,1.0824372287153166,1.0824372287153166,0.7597913879660276,1.1454408917189798,1.1454408917189798,0.8518589946888073,0.5126011877828853,1.0552225851213626,0.3351916581938842,0.3251334931788217,0.038360803667612076,0.03571428571428514,0.038360803667612076,0.0,0.3306257687603833,0.015694080293999102,0.32894235194457877
forward_cdar_timer,0.02953315738030482,0.06645416952898486,0.005187182948206082,0.005454714539713468,0.0,0.0,0.0,0.0,0.0,0.03448275862068906,0.0,0.022988505747125743,0.022988505747125743,0.0,0.03448275862068906,1.0,0.005187182948206082,0.0,0.022988505747125743,0.03448275862068906,0.03448275862068906,0.0,0.022988505747125743,0.0,0.0,0.0,0.022988505747125743,0.011494252873562427,0.07540542695312469,0.0,0.011494252873562427,0.011494252873562427,0.0,0.022988505747125743,0.0,0.0,0.011494252873562427,0.011494252873562427,0.0,0.011494252873562427,0.011494252873562427,0.0,0.0,0.0,0.011494252873562427,0.005607224484661,0.011494252873562427,0.007689756008983029,0.0,0.012110016420360914,0.0,0.0,0.0,0.0,0.022988505747125743,0.022988505747125743,0.0,0.022988505747125743,0.022988505747125743,0.0,0.0,0.0,0.0,0.07107115440229628,0.0,0.0,0.0,0.04464790943968189,0.006665365072006879,0.024855093820610463,0.0
forward_risk_timer,0.0009312654339888038,0.0,0.20588610753358938,0.0,0.0,0.0,0.0,0.014128447121388943,0.017771330419444453,0.08904428692672262,0.0,0.015481671381348372,0.05075949381434419,0.03805972870078622,0.06318221796120549,0.005187182948206082,1.0,0.03340351432749067,0.04291205389793884,0.05645365916368095,0.05645365916368095,0.0,0.03872267473285829,0.0,0.0,0.010085424554159284,0.022381082915648776,0.059708239832054866,0.04528157352446849,0.04878869960217003,0.020293099837766615,0.0,0.026452747104079632,0.018215653018939792,0.0,0.008802585243803396,0.020293099837766615,0.0,0.026452747104079632,0.012242983467204205,0.0,0.0,0.0,0.0,0.0007400730433602121,0.025689896805672463,0.0,0.0,0.0,0.0,0.005269260331167924,0.00821730926911668,0.010395267128067154,0.0,0.07032142613489689,0.07032142613489689,0.011549161783483086,0.07710303533029872,0.07710303533029872,0.0,0.0628544741851862,0.01826204659981623,0.0,0.017755051411276424,0.020098252559288543,0.002246386190029037,0.020098252559288543,0.012417297789427684,0.006698958040646685,0.0,0.0
forward_model_cdar,0.27343572762456647,0.28264586614505005,0.03340351432749067,0.0,0.4269849489572414,0.33181604559762723,0.28685528947534644,0.1794132133058225,1.7343138961092257,1.2097194292733793,0.0,1.0984660674003002,1.1202864998610007,0.7652676643083887,1.0829012283172479,0.0,0.03340351432749067,1.0,1.2630080946310107,1.2307955753495254,1.1938223952728966,0.01762967037327634,0.13340938873920116,0.033424063043936414,0.1375796300889256,0.0865915246348643,0.0,0.6378908746862041,0.5915364628145516,0.6411815495286034,0.02895892597230798,0.0956490296659882,0.0,0.0,0.0,0.019191784522130995,0.02895892597230798,0.0956490296659882,0.0,0.06114389113263563,0.08377605850993053,0.059364388988021766,0.32182973891174826,0.27533333396680026,0.4479971909215069,0.0,0.4227770612965296,0.0,0.4361831813202963,0.022988505747125743,0.36733093052612176,0.17064728043956778,0.03948711274822658,0.0,1.0760212309200088,1.0760212309200088,0.6331072342788319,1.1497623365576661,1.1497623365576661,0.9042717160670454,0.4997481404470795,1.1491316454097338,0.29424518636506003,0.2617128860082154,0.010222167607714772,0.02380952380952317,0.010222167607714772,0.0,0.3179972266675559,0.05419555115400998,0.5260805142757055
forward_model_cdar_raw,0.30172777589633093,0.2872263431393205,0.04291205389793884,0.0021545099530086986,0.36324707256723443,0.4855320562595766,0.35102606886792664,0.2647557159964622,1.345368645957079,1.1807785425738717,0.0,0.9828216241242776,1.359367865128712,0.7011419095132627,0.9378941281377337,0.022988505747125743,0.04291205389793884,1.2630080946310107,1.0,1.1573712984769728,1.0790303865153716,0.10367781762831996,0.14722163013764933,0.05591666021225672,0.04586337850425304,0.015395939633121802,0.0,0.5536673396006003,0.5880881869524824,0.6625043837824719,0.0324034256442558,0.016403100682428562,0.0,0.0,0.0,0.007977656928170873,0.0324034256442558,0.016403100682428562,0.0,0.02817321741466916,0.0,0.12182341614759373,0.3849190180317619,0.4136267707253154,0.47050110762447417,0.0,0.43805817414356507,0.0003580607853469475,0.5030239695606786,0.03448275862068895,0.5138285109067607,0.15834320520445822,0.0,0.0,1.1774430849280697,1.1774430849280697,0.8474526589690847,1.2421256246106098,1.2421256246106098,1.253552703279067,0.5404974879822172,1.2293040592028368,0.36120118506548016,0.2685833964501544,0.1146153824221906,0.02380952380952328,0.1146153824221906,0.0,0.3556696237149528,0.0,0.49684231952026936
historical_cdar_target,0.2244659375543705,0.25001266094592167,0.05645365916368095,0.0,0.44809424491788874,0.45948801742833556,0.2654008942072964,0.19653445156428573,1.143712926197911,1.7222586142263578,0.031878400570281684,1.152798845349753,1.1263023231182037,0.6486546493741394,1.472232108165369,0.03448275862068906,0.05645365916368095,1.2307955753495254,1.1573712984769728,1.0,1.69884591581366,0.00917069639706014,0.193822634497275,0.10402799427160003,0.13106539609924628,0.046624690554387005,0.0897836388857488,0.5261450534576242,0.49272866142054284,0.541387282492957,0.0,0.046559703396134466,0.0,0.0,0.06059064016514171,0.04392783130632483,0.0,0.046559703396134466,0.0,0.15909951915740128,0.09608061244840105,0.0,0.22461426622387215,0.15813630968025993,0.43728689835121626,0.0,0.3934888208013917,0.0,0.5560366178319481,0.03448275862068895,0.5076550866298875,0.14270416484432236,0.0,0.0,1.17116229675073,1.17116229675073,0.7964172620919019,1.060691828521641,1.060691828521641,0.9744438810667968,0.4877931414231158,1.0396725221575076,0.4376717930016054,0.3621923668448388,0.02460840636895356,0.03571428571428514,0.02460840636895356,0.0,0.38682002093677825,0.03156510050631778,0.4330939953203594
historical_cdar_target_raw,0.2915854081221171,0.24241412920945882,0.05645365916368095,0.0,0.5211786458674014,0.4720278243646949,0.2869364684115365,0.1816022875395632,1.1709591474096488,1.6203155381453511,0.0878096340877228,1.0359260629597298,1.054128550127733,0.6814281976649291,1.6307010338756736,0.03448275862068906,0.05645365916368095,1.1938223952728966,1.0790303865153716,1.69884591581366,1.0,0.03184868890263948,0.18000216378025236,0.09525429670479879,0.16418974044702317,0.10071384852285536,0.1211465288693282,0.5489705995590332,0.5144632486723721,0.5032932883644801,0.010748749851381856,0.04834415253299085,0.0,0.0,0.035951434815730265,0.027852780596386406,0.010748749851381856,0.04834415253299085,0.0,0.16143846873023415,0.1022253361793316,0.0,0.21524829375445176,0.16930880621865718,0.4139900766717748,0.0,0.3815421467857528,0.0,0.5599911881658284,0.03448275862068895,0.5111340789019834,0.11444918227899425,0.0,0.0,1.1343541814943383,1.1343541814943383,0.7592067235882598,1.0913452746923284,1.0913452746923284,0.8777624973164477,0.48375733049075265,1.0437112994721462,0.3975292248417961,0.34989167150842904,0.03809024089704938,0.03571428571428514,0.03809024089704938,0.0,0.3791723610569756,0.02977665906270366,0.42367940157513717
asset_mean_efficiency_ratio,0.238142925045013,0.2772906068651083,0.0,0.11023922127766161,0.0,0.2800701672832213,0.30921288079845466,0.0,0.0,0.0,0.08956741615003105,0.0,0.0,0.0,0.06759292550894447,0.0,0.0,0.01762967037327634,0.10367781762831996,0.00917069639706014,0.03184868890263948,1.0,1.2216975852170533,0.29953472796825553,0.0,0.0,0.0,0.12174992751077507,0.1530978898932197,0.13198394636548283,0.0,0.09266159564407195,0.0,0.0,0.0,0.0,0.0,0.09266159564407195,0.0,0.09490640183680332,0.12520192217315917,0.0,0.18572353050304136,0.15337096976707232,0.10848732132062633,0.0,0.0,0.0,0.0,0.022988505747125743,0.0,0.12284816944653132,0.0,0.3131318693237509,0.0,0.0,0.0,0.027850818956494106,0.027850818956494106,0.03204183866475496,0.0,0.05947737153158883,0.11894840460276113,0.015139761517993344,0.0,0.0,0.0,0.0,0.07420504196150512,0.0,0.1270957382425152
asset_median_efficiency_ratio,0.19051818388578812,0.17918966566071826,0.03872267473285829,0.024976971319670582,0.0,0.1916576255291611,0.2914593961521659,0.06086410339393833,0.11000003946778325,0.17487415003154816,0.010040925802306866,0.015508395883058412,0.05571800828946716,0.0,0.15179119850032086,0.022988505747125743,0.03872267473285829,0.13340938873920116,0.14722163013764933,0.193822634497275,0.18000216378025236,1.2216975852170533,1.0,0.0953732249930983,0.052716629134860304,0.08832202494896679,0.0,0.05679495910753074,0.107108438731355,0.06657493009439841,0.013552100048508375,0.0,0.10555417336396866,0.0,0.05436217264731891,0.12188342700000199,0.013552100048508375,0.0,0.10555417336396866,0.2546708945374011,0.32036371194501534,0.0,0.22356715239838776,0.2867725494828274,0.1725487483992948,0.0,0.0,0.0,0.0,0.011494252873562427,0.0,0.15422613056587142,0.02573926053102582,0.19693700097371014,0.1102638561109095,0.1102638561109095,0.006447502660201998,0.06294709241483532,0.06294709241483532,0.07569453203854382,0.029523099898029592,0.07802561598727475,0.06452282741816817,0.0045897296014237865,0.004939634882408228,0.0,0.004939634882408228,0.0,0.013350149945490108,0.002212946166313623,0.008053607283548203
asset_dispersion_efficiency_ratio,0.38272549408978973,0.35206180911575913,0.0,0.1370017156306329,0.1525908549784344,0.3647590873545785,0.3182897999370152,0.1076008371553212,0.0,0.13793900663088887,0.20488612149303487,0.08762701019820174,0.030415929818016885,0.0,0.13065854762629148,0.0,0.0,0.033424063043936414,0.05591666021225672,0.10402799427160003,0.09525429670479879,0.29953472796825553,0.0953732249930983,1.0,0.0,0.05020334088760092,0.00966895267519341,0.09379426248614431,0.08778590302950873,0.04981085126135376,0.0,0.07358772077272757,0.0,0.0,0.0,0.05032491082313406,0.0,0.07358772077272757,0.0,0.0,0.0,0.0,0.026702079536708112,0.0,0.17857511487750166,0.0,0.039964830253285566,0.0,0.006922407338693315,0.0,0.0576762136134894,0.08001621772327061,0.007610106067665434,0.06820907181474611,0.1207968294481434,0.1207968294481434,0.2744954135526735,0.1373105979649546,0.1373105979649546,0.1587402838976829,0.08683066576489906,0.11358081749075188,0.10150460769648928,0.11257283954674002,0.004553281099315187,0.0,0.004553281099315187,0.0,0.10437062509452566,0.0,0.05164897894153342
asset_mean_atr_vol_regime,0.17269596397806763,0.11374300573504836,0.0,0.23217052314335374,0.0,0.1815856948062411,0.07587683720352345,0.8744450666716977,0.12517896962644048,0.09289545452640091,0.0,0.035596480724568114,0.0,0.04966551224073079,0.09610351277127849,0.0,0.0,0.1375796300889256,0.04586337850425304,0.13106539609924628,0.16418974044702317,0.0,0.052716629134860304,0.0,1.0,1.6578771145000308,0.27407773490023424,0.01923842028218692,0.004720179901878008,0.0,0.2351405481911173,0.1795477035959353,0.0,0.0,0.00016567901345021507,0.138525009617119,0.2351405481911173,0.1795477035959353,0.0,0.04361511999172718,0.0632704032260758,0.23488532927489658,0.12020761447336525,0.18224748773667088,0.15194497415185504,0.0,0.0,0.0,0.0,0.0,0.0,0.18928901712607038,0.010544319350466291,0.24870668406054053,0.08576267309955465,0.08576267309955465,0.02311710035498704,0.07554015671578052,0.07554015671578052,0.03766801720090651,0.0,0.0,0.006854795809057457,0.1324821681845192,0.008193184326790393,0.03245828245828186,0.008193184326790393,0.0,0.05192022655530737,0.0374131432306285,0.10015546204181403
asset_median_atr_vol_regime,0.16392864385172046,0.11459909409113678,0.010085424554159284,0.22634297903994816,0.0,0.19585981093127014,0.1509665020551192,0.9544810268800719,0.09704988100039502,0.003849662590142078,0.0,0.0,0.0,0.039173516772499806,0.02628276838156829,0.0,0.010085424554159284,0.0865915246348643,0.015395939633121802,0.046624690554387005,0.10071384852285536,0.0,0.08832202494896679,0.05020334088760092,1.6578771145000308,1.0,0.22618781981431202,0.026589881081923727,0.01272510601025223,0.0,0.18476217328914835,0.13308892797894467,0.0,0.0,0.004764211152817555,0.12147229221957412,0.18476217328914835,0.13308892797894467,0.0,0.1534382626095212,0.2031383221000801,0.26565194715104745,0.07955716037009752,0.2617571815113372,0.10070037622341976,0.0,0.0,0.0,0.0,0.0,0.0,0.19907197419604616,0.0,0.28149704560343725,0.06807622411625402,0.06807622411625402,0.021811557239099444,0.03910590585640872,0.03910590585640872,0.1031848103492784,0.0,0.0,0.0,0.036867036166799316,0.0,0.03245828245828186,0.0,0.015517578921342201,0.0,0.013774090960217089,0.06770242657153736
asset_dispersion_atr_vol_regime,0.019122338097405933,0.014793128316877624,0.022381082915648776,0.1346801518246027,0.0,0.16842452291762156,0.0,0.2542467305250856,0.0,0.05964854409548126,0.09252361179788016,0.0,0.010541650313131257,0.0,0.08592264957317386,0.022988505747125743,0.022381082915648776,0.0,0.0,0.0897836388857488,0.1211465288693282,0.0,0.0,0.00966895267519341,0.27407773490023424,0.22618781981431202,1.0,0.0,0.0,0.0,0.23308429322115332,0.05064093311689044,0.0,0.0,0.0,0.11070412937921992,0.23308429322115332,0.05064093311689044,0.0,0.1492391842321994,0.005647369240789679,0.16857391179366876,0.003992854646955202,0.0,0.020224519713348155,0.0,0.0,0.0,0.0,0.0,0.0,0.06573984493190987,0.0813264651331348,0.02617374767791869,0.02313350891892174,0.02313350891892174,0.03690526303577091,0.022622621339068782,0.022622621339068782,0.01938840700471589,0.0,0.012657269086965073,0.0,0.0,0.05263513952767396,0.03571428571428514,0.05263513952767396,0.0,0.0,0.03671575800511284,0.0
asset_mean_liquidity_score,0.23301548187977716,0.04009298292279562,0.059708239832054866,0.04592686593614981,0.04958345838584577,0.2196949420115285,0.1581808511417203,0.06706483397067009,0.629171050449139,0.7063066543088806,0.05837977276130957,0.5501381102093016,0.44058959865774794,0.4949836520619013,0.5762652397847071,0.011494252873562427,0.059708239832054866,0.6378908746862041,0.5536673396006003,0.5261450534576242,0.5489705995590332,0.12174992751077507,0.05679495910753074,0.09379426248614431,0.01923842028218692,0.026589881081923727,0.0,1.0,0.706938015285069,0.8443189293901212,0.0,0.028925127789423133,0.0,0.013144165456736912,0.10018949560551527,0.04762568011066515,0.0,0.028925127789423133,0.0,0.0,0.0,0.01547838721180872,0.1692769691797622,0.10906763828077637,0.29569357432354815,0.0,0.06319851723522607,0.0,0.17447469316657538,0.0,0.12070352605763768,0.130292247259991,0.0620879933866334,0.0,0.5626109821649323,0.5626109821649323,0.41154431444005,0.5842294020592145,0.5842294020592145,0.6827073608820009,0.5502257279936323,0.5232016367211038,0.121602469604696,0.0992704673157967,0.018781333309737636,0.0,0.018781333309737636,0.0,0.13977093906626858,0.04881332163384933,0.4110095184945033
asset_median_liquidity_score,0.04052396956067894,0.029994732875156638,0.04528157352446849,0.055628132102932826,0.07378358775838878,0.2360446026056109,0.17420767066218834,0.08170430688600483,0.6242950835042067,0.4698144109200856,0.05837977276130957,0.5575334926046848,0.43562961611155837,0.48509870941833866,0.44121810301343267,0.07540542695312469,0.04528157352446849,0.5915364628145516,0.5880881869524824,0.49272866142054284,0.5144632486723721,0.1530978898932197,0.107108438731355,0.08778590302950873,0.004720179901878008,0.01272510601025223,0.0,0.706938015285069,1.0,0.7016057517631503,0.0,0.0,0.0,0.004262242781710612,0.07194149839200126,0.12676808942548856,0.0,0.0,0.0,0.0,0.0,0.05502121985808983,0.15699687829926567,0.05739466414863714,0.3581270221018239,0.0,0.0855426482000472,0.0,0.1684663337099398,0.04039034624838844,0.13984319864558659,0.10416645734109797,0.06457286128198536,0.0,0.5951352586547266,0.5951352586547266,0.4174154547939487,0.5824505295906871,0.5824505295906871,0.5793157333524427,0.5170363120455965,0.5619524452994996,0.16217023517246154,0.20383098616202966,0.02800197713220154,0.02972803656889189,0.02800197713220154,0.10409165251929142,0.12657124193799985,0.0,0.42731916670070336
asset_dispersion_liquidity_score,0.05302196007591109,0.11543258584860538,0.04878869960217003,0.0,0.05460630909835151,0.3855603167764978,0.2385307996404893,0.12555584737172854,0.7221612977497309,0.6344940799100999,0.06832002408087157,0.6185203984191762,0.43894650994569373,0.4504446661436051,0.49107590804365164,0.0,0.04878869960217003,0.6411815495286034,0.6625043837824719,0.541387282492957,0.5032932883644801,0.13198394636548283,0.06657493009439841,0.04981085126135376,0.0,0.0,0.0,0.8443189293901212,0.7016057517631503,1.0,0.0,0.02280251477025841,0.0,0.0,0.11289317124022535,0.06692936493159207,0.0,0.02280251477025841,0.0,0.0,0.0,0.07570140174516826,0.29676984479637003,0.2762324657904308,0.44826992517576114,0.0,0.1328418049819624,0.0,0.22442512587562868,0.0,0.1433335779980346,0.13996361037962946,0.046280248186084005,0.0,0.5730075779063557,0.5730075779063557,0.42491705281278846,0.5738024726667676,0.5738024726667676,0.6895448720298566,0.5142763325614786,0.5308097374326533,0.13523883324105979,0.1233325163778457,0.02625314280995117,0.011904761904761418,0.02625314280995117,0.0,0.12543884259131455,0.005092210899026561,0.4142389518963503
asset_mean_breakout_strength,0.09017226188138439,0.0913698191134249,0.020293099837766615,0.12144627392449903,0.0,0.014065679562625832,0.13121903722868744,0.26452169101704337,0.0,0.0,0.038011463621248076,0.0,0.0,0.0,0.0,0.011494252873562427,0.020293099837766615,0.02895892597230798,0.0324034256442558,0.0,0.010748749851381856,0.0,0.013552100048508375,0.0,0.2351405481911173,0.18476217328914835,0.23308429322115332,0.0,0.0,0.0,1.0,1.2281015261037522,0.15778634225435262,0.02485472856716031,0.0,0.03263384962990745,2.0938377056330353,1.2281015261037522,0.15778634225435262,0.17735122818523974,0.2921847467913108,0.06473863891766041,0.004610450883259287,0.07927285912098503,0.0,0.022384609860310545,0.0,0.025161448565141242,0.0,0.0,0.0,0.24390783169628705,0.21201286260557772,0.08097904992981908,0.0,0.0,0.0,0.0,0.0,0.04803487274122009,0.0,0.0,0.0,0.0,0.020791200160647172,0.0,0.020791200160647172,0.0,0.0,0.013855784496841328,0.13729776857639076
asset_median_breakout_strength,0.0796632937105447,0.1370984734881241,0.0,0.011117517994831183,0.0,0.04376542275147921,0.08121041877179369,0.12598280308561838,0.07487810269191286,3.6942049535748644e-05,0.054778772308619494,0.0,0.0,0.0,0.0,0.011494252873562427,0.0,0.0956490296659882,0.016403100682428562,0.046559703396134466,0.04834415253299085,0.09266159564407195,0.0,0.07358772077272757,0.1795477035959353,0.13308892797894467,0.05064093311689044,0.028925127789423133,0.0,0.02280251477025841,1.2281015261037522,1.0,0.04759650797143733,0.04796686206549061,0.0,0.0831468238092099,1.2281015261037522,2.0938377056330353,0.04759650797143733,0.24229149937350858,0.3234119381911823,0.0,0.0,0.0,0.0,0.0,0.051135532475540035,0.0,0.0,0.011494252873562427,0.0,0.3831786183808673,0.26956665582847483,0.0,0.11396061366696075,0.11396061366696075,0.03717084678698335,0.11703078910555753,0.11703078910555753,0.0,0.0,0.10818584696420253,0.0,0.0,0.01017584488282064,0.0,0.01017584488282064,0.0,0.0,0.021752345152022623,0.12798634808342912
asset_dispersion_breakout_strength,0.0,0.0,0.026452747104079632,0.0,0.07749148537767114,0.0,0.0,0.0842644065396354,0.0,0.0,0.0,0.0,0.0,0.0,0.0,0.0,0.026452747104079632,0.0,0.0,0.0,0.0,0.0,0.10555417336396866,0.0,0.0,0.0,0.0,0.0,0.0,0.0,0.15778634225435262,0.04759650797143733,1.0,0.035787419175841606,0.0,0.21338172592836324,0.15778634225435262,0.04759650797143733,2.0938377056330353,0.1668577743299836,0.16480719436892022,0.0,0.0,0.0,0.012298861594469912,0.011494252873563315,0.0,0.020284347415220783,0.0,0.0,0.034589550633317145,0.1369592967964337,0.19920847686562038,0.010256638644793536,0.0,0.0,0.0,0.0,0.0,0.0,0.0,0.0,0.0,0.0,0.0,0.0,0.0,0.0,0.0,0.03981679952638284,0.0
asset_mean_normalized_spike,0.0,0.0,0.018215653018939792,0.0,0.10329078688875659,0.0,0.0,0.0,0.0,0.0,0.0,0.0,0.0,0.0,0.0,0.022988505747125743,0.018215653018939792,0.0,0.0,0.0,0.0,0.0,0.0,0.0,0.0,0.0,0.0,0.013144165456736912,0.004262242781710612,0.0,0.02485472856716031,0.04796686206549061,0.035787419175841606,1.0,1.40483934766916,0.14434702499711127,0.02485472856716031,0.04796686206549061,0.035787419175841606,0.0,0.007982987396864871,0.14937265613038875,0.0,0.0,0.013924444167794703,0.0,0.0,0.0,0.0,0.011494252873562427,0.0,0.0,0.028703860934240488,0.0,0.0,0.0,0.0,0.0,0.0,0.0,0.036451738402423106,0.0,0.0,0.0,0.0,0.0,0.0,0.062080984262240624,0.0,0.09911044612706432,0.13042154786517612
asset_median_normalized_spike,0.0,0.0,0.0,0.0,0.0,0.0,0.018872117530405408,0.0011351650074900022,0.0225078417375153,0.03862840699601133,0.0,0.0,0.0,0.0,0.011944554450089684,0.0,0.0,0.0,0.0,0.06059064016514171,0.035951434815730265,0.0,0.05436217264731891,0.0,0.00016567901345021507,0.004764211152817555,0.0,0.10018949560551527,0.07194149839200126,0.11289317124022535,0.0,0.0,0.0,1.40483934766916,1.0,0.27330446602351743,0.0,0.0,0.0,0.0,0.009871776075180194,0.040902261002566775,0.0,0.0,0.030282667061205082,0.0,0.0,0.0,0.0,0.0,0.0,0.0,0.0,0.02058004742049402,0.0,0.0,0.0,0.0,0.0,0.0,0.0,0.0,0.01738394264809895,0.031001880743637966,0.01681400060295235,0.02380952380952328,0.01681400060295235,0.14832455897592156,0.06782441861659594,0.051528673221015175,0.0
asset_dispersion_normalized_spike,0.008414288617326293,0.038796167275067184,0.008802585243803396,0.0,0.0,0.2211367941427801,0.20044808728426355,0.08456209383688451,0.019511257346140787,0.04029329889924005,0.0,0.0,0.0,0.0,0.04402409519569295,0.0,0.008802585243803396,0.019191784522130995,0.007977656928170873,0.04392783130632483,0.027852780596386406,0.0,0.12188342700000199,0.05032491082313406,0.138525009617119,0.12147229221957412,0.11070412937921992,0.04762568011066515,0.12676808942548856,0.06692936493159207,0.03263384962990745,0.0831468238092099,0.21338172592836324,0.14434702499711127,0.27330446602351743,1.0,0.03263384962990745,0.0831468238092099,0.21338172592836324,0.13981897414263,0.07804082385028055,0.23211163253167844,0.08513713463668537,0.04814829603769599,0.28234616856314965,0.0,0.0,0.0,0.0,0.0,0.0,0.12973784815030287,0.09503739791607568,0.18860743686855053,0.09577582910286608,0.09577582910286608,0.08984557366503054,0.11297352604194266,0.11297352604194266,0.01963986585256494,0.07509479793586626,0.13490266462929634,0.0,0.0,0.018028975423494464,0.011904761904761307,0.018028975423494464,0.06057802053654393,0.0,0.0,0.08017326673454184
asset_mean_pullback_ratio,0.09017226188138439,0.0913698191134249,0.020293099837766615,0.12144627392449903,0.0,0.014065679562625832,0.13121903722868744,0.26452169101704337,0.0,0.0,0.038011463621248076,0.0,0.0,0.0,0.0,0.011494252873562427,0.020293099837766615,0.02895892597230798,0.0324034256442558,0.0,0.010748749851381856,0.0,0.013552100048508375,0.0,0.2351405481911173,0.18476217328914835,0.23308429322115332,0.0,0.0,0.0,2.0938377056330353,1.2281015261037522,0.15778634225435262,0.02485472856716031,0.0,0.03263384962990745,1.0,1.2281015261037522,0.15778634225435262,0.17735122818523974,0.2921847467913108,0.06473863891766041,0.004610450883259287,0.07927285912098503,0.0,0.022384609860310545,0.0,0.025161448565141242,0.0,0.0,0.0,0.24390783169628705,0.21201286260557772,0.08097904992981908,0.0,0.0,0.0,0.0,0.0,0.04803487274122009,0.0,0.0,0.0,0.0,0.020791200160647172,0.0,0.020791200160647172,0.0,0.0,0.013855784496841328,0.13729776857639076
asset_median_pullback_ratio,0.0796632937105447,0.1370984734881241,0.0,0.011117517994831183,0.0,0.04376542275147921,0.08121041877179369,0.12598280308561838,0.07487810269191286,3.6942049535748644e-05,0.054778772308619494,0.0,0.0,0.0,0.0,0.011494252873562427,0.0,0.0956490296659882,0.016403100682428562,0.046559703396134466,0.04834415253299085,0.09266159564407195,0.0,0.07358772077272757,0.1795477035959353,0.13308892797894467,0.05064093311689044,0.028925127789423133,0.0,0.02280251477025841,1.2281015261037522,2.0938377056330353,0.04759650797143733,0.04796686206549061,0.0,0.0831468238092099,1.2281015261037522,1.0,0.04759650797143733,0.24229149937350858,0.3234119381911823,0.0,0.0,0.0,0.0,0.0,0.051135532475540035,0.0,0.0,0.011494252873562427,0.0,0.3831786183808673,0.26956665582847483,0.0,0.11396061366696075,0.11396061366696075,0.03717084678698335,0.11703078910555753,0.11703078910555753,0.0,0.0,0.10818584696420253,0.0,0.0,0.01017584488282064,0.0,0.01017584488282064,0.0,0.0,0.021752345152022623,0.12798634808342912
asset_dispersion_pullback_ratio,0.0,0.0,0.026452747104079632,0.0,0.07749148537767114,0.0,0.0,0.0842644065396354,0.0,0.0,0.0,0.0,0.0,0.0,0.0,0.0,0.026452747104079632,0.0,0.0,0.0,0.0,0.0,0.10555417336396866,0.0,0.0,0.0,0.0,0.0,0.0,0.0,0.15778634225435262,0.04759650797143733,2.0938377056330353,0.035787419175841606,0.0,0.21338172592836324,0.15778634225435262,0.04759650797143733,1.0,0.1668577743299836,0.16480719436892022,0.0,0.0,0.0,0.012298861594469912,0.011494252873563315,0.0,0.020284347415220783,0.0,0.0,0.034589550633317145,0.1369592967964337,0.19920847686562038,0.010256638644793536,0.0,0.0,0.0,0.0,0.0,0.0,0.0,0.0,0.0,0.0,0.0,0.0,0.0,0.0,0.0,0.03981679952638284,0.0
asset_mean_net_move,0.04388338626537314,0.01957870925610994,0.012242983467204205,0.09033205602624905,0.008761850642389546,0.0,0.019191810280693833,0.23198470102517044,0.038134982782381144,0.11992546073892096,0.0,0.04030265476058137,0.0,0.0,0.13364072201234167,0.011494252873562427,0.012242983467204205,0.06114389113263563,0.02817321741466916,0.15909951915740128,0.16143846873023415,0.09490640183680332,0.2546708945374011,0.0,0.04361511999172718,0.1534382626095212,0.1492391842321994,0.0,0.0,0.0,0.17735122818523974,0.24229149937350858,0.1668577743299836,0.0,0.0,0.13981897414263,0.17735122818523974,0.24229149937350858,0.1668577743299836,1.0,1.4611064522121269,0.07343443936796679,0.0,0.00016093448057485915,0.0,0.02256155803421578,0.04020958190994417,0.01830491347732721,0.0,0.0,0.0,0.08679494489167572,0.2559682358291494,0.14437169817409723,0.0,0.0,0.0,0.016275434154378488,0.016275434154378488,0.0,0.0,0.023764615161239178,0.0,0.027481332584667673,0.06894860075225817,0.031084656084655715,0.06894860075225817,0.02683952868453654,0.0,0.0027795320898766906,0.10280073114885324
asset_median_net_move,0.1188721053917563,0.0791498035888677,0.0,0.016807701746317294,0.020918913143223694,0.0,0.032243509539290116,0.3097513954335436,0.06705632832137365,0.15858496633206498,0.008612451424962142,0.0,0.0,0.0,0.16514420142203434,0.011494252873562427,0.0,0.08377605850993053,0.0,0.09608061244840105,0.1022253361793316,0.12520192217315917,0.32036371194501534,0.0,0.0632704032260758,0.2031383221000801,0.005647369240789679,0.0,0.0,0.0,0.2921847467913108,0.3234119381911823,0.16480719436892022,0.007982987396864871,0.009871776075180194,0.07804082385028055,0.2921847467913108,0.3234119381911823,0.16480719436892022,1.4611064522121269,1.0,0.09060469354527922,0.06562247686270084,0.05807049819003218,0.030951634364088765,0.023200127638302814,0.014062563923744276,0.017027774269153806,0.0,0.0,0.0,0.21779916998819226,0.26831749257495785,0.08800460301817992,0.0591002008336341,0.0591002008336341,0.0,0.06051667839108532,0.06051667839108532,0.0,0.0,0.04379604171956952,0.0,0.0,0.003753887210862672,0.01917989417989352,0.003753887210862672,0.0,0.007066451965508591,0.007299910789415831,0.1428681350093598
asset_dispersion_net_move,0.1440509556608287,0.21108228284401898,0.0,0.11394704951940604,0.0,0.5074918016390173,0.3820624895717738,0.07794600226912385,0.09920482579520407,0.0,0.0,0.0,0.06440582810120254,0.0,0.0,0.0,0.0,0.059364388988021766,0.12182341614759373,0.0,0.0,0.0,0.0,0.0,0.23488532927489658,0.26565194715104745,0.16857391179366876,0.01547838721180872,0.05502121985808983,0.07570140174516826,0.06473863891766041,0.0,0.0,0.14937265613038875,0.040902261002566775,0.23211163253167844,0.06473863891766041,0.0,0.0,0.07343443936796679,0.09060469354527922,1.0,0.18168261094059845,0.27410630687447834,0.1919296007490573,0.02735296881473792,0.0,0.024314765694075646,0.032791792419173516,0.0,0.0815730192584766,0.053975571275099554,0.11263718416032809,0.0,0.0,0.0,0.0,0.0,0.0,0.023803908402453278,0.0,0.039620497540276745,0.0,0.0,0.0,0.03571428571428514,0.0,0.033531165559558374,0.0,0.020369458128078666,0.02936655542338862
asset_mean_garch_vol_forecast,0.45920469429618127,0.4751216131524201,0.0,0.0,0.007802659009022328,0.8678253615425979,0.6199103153063172,0.060133229874865024,0.409217511927791,0.2738595611588227,0.0,0.33242703065751,0.24099391968903816,0.2106798061033328,0.23160079077230467,0.0,0.0,0.32182973891174826,0.3849190180317619,0.22461426622387215,0.21524829375445176,0.18572353050304136,0.22356715239838776,0.026702079536708112,0.12020761447336525,0.07955716037009752,0.003992854646955202,0.1692769691797622,0.15699687829926567,0.29676984479637003,0.004610450883259287,0.0,0.0,0.0,0.0,0.08513713463668537,0.004610450883259287,0.0,0.0,0.0,0.06562247686270084,0.18168261094059845,1.0,1.4138294954524113,0.8573591972785258,0.005641602275785029,0.06783379276839252,0.011494252873562982,0.12597204390254513,0.011494252873562427,0.12916825627535322,0.155479158402418,0.0,0.0,0.2936215957487097,0.2936215957487097,0.32286560904767303,0.25556492417810706,0.25556492417810706,0.2990740391316652,0.22335151780621798,0.3276346884233272,0.09112708482272636,0.07341435844499367,0.0485108028567538,0.03571428571428514,0.0485108028567538,0.062392025999251866,0.09382105182409983,0.017737007564593288,0.14862703779533704
asset_median_garch_vol_forecast,0.3902597493658745,0.38597661518574944,0.0,0.09848407574599471,0.023015016200389926,0.843652686092833,0.6470283122519007,0.07119669899239567,0.35158804819792155,0.17324055409484862,0.0,0.3407948460740071,0.22612234134863307,0.19480889540483626,0.14744620015219667,0.0,0.0,0.27533333396680026,0.4136267707253154,0.15813630968025993,0.16930880621865718,0.15337096976707232,0.2867725494828274,0.0,0.18224748773667088,0.2617571815113372,0.0,0.10906763828077637,0.05739466414863714,0.2762324657904308,0.07927285912098503,0.0,0.0,0.0,0.0,0.04814829603769599,0.07927285912098503,0.0,0.0,0.00016093448057485915,0.05807049819003218,0.27410630687447834,1.4138294954524113,1.0,0.62062063439899,0.0,0.12685511627247525,0.0,0.12512195230167988,0.0,0.1000436895440292,0.1288009958416364,0.0,0.0,0.2470341455608538,0.2470341455608538,0.2991707981114833,0.2428941798897153,0.2428941798897153,0.25473316121546974,0.17346079905673983,0.2752317178307009,0.037259558389276304,0.0,0.03414828668723824,0.03571428571428514,0.03414828668723824,0.055804447656077505,0.020254423142200828,0.0,0.22755879678874857
asset_dispersion_garch_vol_forecast,0.5733426728968906,0.49625269309287234,0.0007400730433602121,0.0,0.11118600725756578,0.6592123249937228,0.5478565794794958,0.15278727399997338,0.4369469490089295,0.3860302526980184,0.0,0.38228297624098584,0.2982363060327916,0.41984757697442454,0.4086463782246278,0.011494252873562427,0.0007400730433602121,0.4479971909215069,0.47050110762447417,0.43728689835121626,0.4139900766717748,0.10848732132062633,0.1725487483992948,0.17857511487750166,0.15194497415185504,0.10070037622341976,0.020224519713348155,0.29569357432354815,0.3581270221018239,0.44826992517576114,0.0,0.0,0.012298861594469912,0.013924444167794703,0.030282667061205082,0.28234616856314965,0.0,0.0,0.012298861594469912,0.0,0.030951634364088765,0.1919296007490573,0.8573591972785258,0.62062063439899,1.0,0.03285715136733458,0.17433641426002555,0.03019750614203376,0.22062757165132119,0.0,0.23014620636640204,0.04123915760694574,0.0,0.0,0.4186017077900246,0.4186017077900246,0.2312583842475675,0.4321211854103463,0.4321211854103463,0.42048734592740944,0.2889489117451304,0.39820014325427744,0.21901663469555643,0.2543665964129326,0.05922797000637414,0.03571428571428514,0.05922797000637414,0.0,0.20420059546464497,0.03826869033015867,0.028091868697116773
asset_mean_risk_reward_ratio,0.10320565346659438,0.07260169168235653,0.025689896805672463,0.0,0.019515148907952362,0.050816921482277344,0.03932266860871414,0.00036097576771076945,0.0,0.0,0.051963204956146924,0.04214559386973171,0.0,0.04304139747957292,0.0,0.005607224484661,0.025689896805672463,0.0,0.0,0.0,0.0,0.0,0.0,0.0,0.0,0.0,0.0,0.0,0.0,0.0,0.022384609860310545,0.0,0.011494252873563315,0.0,0.0,0.0,0.022384609860310545,0.0,0.011494252873563315,0.02256155803421578,0.023200127638302814,0.02735296881473792,0.005641602275785029,0.0,0.03285715136733458,1.0,0.005179720241627717,0.9674772018659796,0.020864865237117947,0.03600402042920536,0.03963881159727123,0.0,0.0,0.0,0.03761905612923966,0.03761905612923966,0.0350647777128924,0.04911330900280264,0.04911330900280264,0.053042968104875854,0.0244503797052521,0.03761905612923966,0.0,0.03398099481453987,0.01480360295932237,0.040680367053376854,0.01480360295932237,0.05981029338652866,0.0010793434019731318,0.0,0.049113309002803085
asset_median_risk_reward_ratio,0.22137176161536742,0.2309382009231853,0.0,0.0,0.14168761620797266,0.16002094303146563,0.06971594201547004,0.04080856411452727,0.3984052645109394,0.39712531840340626,0.016716882432891378,0.3263355576795687,0.45186995679409026,0.31610970389815973,0.3891492765277703,0.011494252873562427,0.0,0.4227770612965296,0.43805817414356507,0.3934888208013917,0.3815421467857528,0.0,0.0,0.039964830253285566,0.0,0.0,0.0,0.06319851723522607,0.0855426482000472,0.1328418049819624,0.0,0.051135532475540035,0.0,0.0,0.0,0.0,0.0,0.051135532475540035,0.0,0.04020958190994417,0.014062563923744276,0.0,0.06783379276839252,0.12685511627247525,0.17433641426002555,0.005179720241627717,1.0,0.01303412637189627,0.7394000934368027,0.022988505747125743,0.6858112493307169,0.0,0.04561300542959135,0.0,0.2977587845541144,0.2977587845541144,0.3461470751183945,0.32299561668749865,0.32299561668749865,0.3418949503941344,0.1514745472839918,0.2508349708199561,0.19276406662836243,0.19314692815654322,0.0,0.0,0.0,0.12761892212767634,0.1682744791769516,0.03230935555717007,0.0
asset_dispersion_risk_reward_ratio,0.01421021404012035,0.006658391687331955,0.0,0.0,0.0,0.04730327144120228,0.03580901856763896,0.0,0.0,0.0,0.039902249729836026,0.029907247231085177,0.0,0.028735632183907955,0.004192393392231986,0.007689756008983029,0.0,0.0,0.0003580607853469475,0.0,0.0,0.0,0.0,0.0,0.0,0.0,0.0,0.0,0.0,0.0,0.025161448565141242,0.0,0.020284347415220783,0.0,0.0,0.0,0.025161448565141242,0.0,0.020284347415220783,0.01830491347732721,0.017027774269153806,0.024314765694075646,0.011494252873562982,0.0,0.03019750614203376,0.9674772018659796,0.01303412637189627,1.0,0.015582904503838702,0.014070971633912466,0.01446634676963443,0.0,0.0,0.0,0.0463350722796001,0.0463350722796001,0.04059980781688799,0.05782932515316308,0.05782932515316308,0.05964420718583119,0.0159642401021709,0.04814995431226787,0.016401929873865684,0.0,0.06533670917839851,0.034256656267381835,0.06533670917839851,0.03653180376635001,0.005934856362678542,0.0,0.02572751891342595
asset_mean_kelly_fraction,0.17317594402299807,0.13192079112991384,0.0,0.09557709067073661,0.10387438060009713,0.15785846896415545,0.1203980825502845,0.04821544690707302,0.3961968407507914,0.5880277110299374,0.024238534075148976,0.4226652877202115,0.4940259949186876,0.4297806629344967,0.5198177600613656,0.0,0.0,0.4361831813202963,0.5030239695606786,0.5560366178319481,0.5599911881658284,0.0,0.0,0.006922407338693315,0.0,0.0,0.0,0.17447469316657538,0.1684663337099398,0.22442512587562868,0.0,0.0,0.0,0.0,0.0,0.0,0.0,0.0,0.0,0.0,0.0,0.032791792419173516,0.12597204390254513,0.12512195230167988,0.22062757165132119,0.020864865237117947,0.7394000934368027,0.015582904503838702,1.0,0.022988505747125743,1.5651632670448032,0.0,0.0,0.0,0.538500322709445,0.538500322709445,0.5146946673728844,0.5362989799908613,0.5362989799908613,0.5758570132355071,0.2562351123893851,0.5441751555394506,0.1912766172960857,0.13975627119445766,0.04736083400304669,0.0,0.04736083400304669,0.042465065518987544,0.17796473931363999,0.0,0.0
asset_median_kelly_fraction,0.008854797176930385,0.009078690601781236,0.0,0.057612768006517934,0.0,0.0,0.0,0.0,0.011494252873562427,0.0,0.0,0.011494252873562538,0.0,0.022988505747125743,0.03448275862068895,0.012110016420360914,0.0,0.022988505747125743,0.03448275862068895,0.03448275862068895,0.03448275862068895,0.022988505747125743,0.011494252873562427,0.0,0.0,0.0,0.0,0.0,0.04039034624838844,0.0,0.0,0.011494252873562427,0.0,0.011494252873562427,0.0,0.0,0.0,0.011494252873562427,0.0,0.0,0.0,0.0,0.011494252873562427,0.0,0.0,0.03600402042920536,0.022988505747125743,0.014070971633912466,0.022988505747125743,1.0,0.0,0.011494252873562538,0.0,0.0,0.03448275862068895,0.03448275862068895,0.0,0.03448275862068895,0.03448275862068895,0.0,0.03448275862068895,0.03448275862068895,0.0016345546304034064,0.08656422507634143,0.02706747656683195,0.0,0.02706747656683195,0.007413160647060213,0.03543076096915432,0.0,0.0
asset_dispersion_kelly_fraction,0.25702956272850164,0.18579969106759553,0.005269260331167924,0.12873032807959384,0.14592985086043597,0.15762274229148077,0.16066332891086532,0.0934802286659413,0.4045729197546173,0.46587981209599316,0.07708980759552686,0.46476961109629744,0.45586970725830156,0.41489694225811113,0.47829095778300035,0.0,0.005269260331167924,0.36733093052612176,0.5138285109067607,0.5076550866298875,0.5111340789019834,0.0,0.0,0.0576762136134894,0.0,0.0,0.0,0.12070352605763768,0.13984319864558659,0.1433335779980346,0.0,0.0,0.034589550633317145,0.0,0.0,0.0,0.0,0.0,0.034589550633317145,0.0,0.0,0.0815730192584766,0.12916825627535322,0.1000436895440292,0.23014620636640204,0.03963881159727123,0.6858112493307169,0.01446634676963443,1.5651632670448032,0.0,1.0,0.0,0.025222651397474927,0.0,0.4157396266109803,0.4157396266109803,0.5422911090656325,0.4231797918097655,0.4231797918097655,0.5581124836390088,0.19913366845731229,0.41011823650683066,0.1294796222475264,0.13523932429196295,0.05161625230148925,0.0,0.05161625230148925,0.05084696742504957,0.11241875861425443,0.0,0.0
asset_mean_signal_quality,0.07899687702340241,0.10103696975315035,0.00821730926911668,0.0,0.0,0.12904145461657757,0.047110618313488395,0.013162051988738543,0.1666573668147655,0.13948812800759536,0.0,0.0,0.05178875144972661,0.029012324649622223,0.01633561002749173,0.0,0.00821730926911668,0.17064728043956778,0.15834320520445822,0.14270416484432236,0.11444918227899425,0.12284816944653132,0.15422613056587142,0.08001621772327061,0.18928901712607038,0.19907197419604616,0.06573984493190987,0.130292247259991,0.10416645734109797,0.13996361037962946,0.24390783169628705,0.3831786183808673,0.1369592967964337,0.0,0.0,0.12973784815030287,0.24390783169628705,0.3831786183808673,0.1369592967964337,0.08679494489167572,0.21779916998819226,0.053975571275099554,0.155479158402418,0.1288009958416364,0.04123915760694574,0.0,0.0,0.0,0.0,0.011494252873562538,0.0,1.0,0.3731012581724501,0.0,0.16778154970872572,0.16778154970872572,0.10880724213427895,0.15950046297936327,0.15950046297936327,0.162457164445459,0.0019168419915258639,0.16525511868864673,0.09063207133101037,0.007208242848692592,0.02927787380627833,0.0,0.02927787380627833,0.058525969793359445,0.05362668026472228,0.0,0.22141299338100406
asset_median_signal_quality,0.13269670529219546,0.08800858689718094,0.010395267128067154,0.0,0.0,0.04268322827890236,0.020981011556401197,0.06925007365242797,0.0931916457631039,0.0,0.0,0.0562315254478889,0.0,0.01692528403184701,0.0,0.0,0.010395267128067154,0.03948711274822658,0.0,0.0,0.0,0.0,0.02573926053102582,0.007610106067665434,0.010544319350466291,0.0,0.0813264651331348,0.0620879933866334,0.06457286128198536,0.046280248186084005,0.21201286260557772,0.26956665582847483,0.19920847686562038,0.028703860934240488,0.0,0.09503739791607568,0.21201286260557772,0.26956665582847483,0.19920847686562038,0.2559682358291494,0.26831749257495785,0.11263718416032809,0.0,0.0,0.0,0.0,0.04561300542959135,0.0,0.0,0.0,0.025222651397474927,0.3731012581724501,1.0,0.0,0.0,0.0,0.0,0.0,0.0,0.0,0.0,0.0,0.0,0.0,0.031602564102563235,0.0,0.031602564102563235,0.0,0.0,0.0,0.0
asset_dispersion_signal_quality,0.009687755965844147,0.006234010838572335,0.0,0.09845752177658662,0.0,0.0,0.0,0.2891163145115283,0.0,0.0,0.021711986672684702,0.0,0.0,0.0,0.0,0.0,0.0,0.0,0.0,0.0,0.0,0.3131318693237509,0.19693700097371014,0.06820907181474611,0.24870668406054053,0.28149704560343725,0.02617374767791869,0.0,0.0,0.0,0.08097904992981908,0.0,0.010256638644793536,0.0,0.02058004742049402,0.18860743686855053,0.08097904992981908,0.0,0.010256638644793536,0.14437169817409723,0.08800460301817992,0.0,0.0,0.0,0.0,0.0,0.0,0.0,0.0,0.0,0.0,0.0,0.0,1.0,0.0,0.0,0.0,0.0,0.0,0.0,0.021410092216056498,0.0,0.0,0.0,0.0,0.0,0.0,0.0,0.0,0.010515020318306867,0.0
cvar_model,0.11712805062723453,0.11013084735721168,0.07032142613489689,0.045092564039376004,0.47567960373069507,0.2944372077922912,0.1850930734027849,0.13188102126683965,1.0827000884609355,1.1080409353535061,0.05598083989104108,0.9386524322335522,0.9295212608652719,0.5319514735124818,1.0824372287153166,0.022988505747125743,0.07032142613489689,1.0760212309200088,1.1774430849280697,1.17116229675073,1.1343541814943383,0.0,0.1102638561109095,0.1207968294481434,0.08576267309955465,0.06807622411625402,0.02313350891892174,0.5626109821649323,0.5951352586547266,0.5730075779063557,0.0,0.11396061366696075,0.0,0.0,0.0,0.09577582910286608,0.0,0.11396061366696075,0.0,0.0,0.0591002008336341,0.0,0.2936215957487097,0.2470341455608538,0.4186017077900246,0.03761905612923966,0.2977587845541144,0.0463350722796001,0.538500322709445,0.03448275862068895,0.4157396266109803,0.16778154970872572,0.0,0.0,1.0,3.1566867465757484,0.7975233764132081,2.2563236892849803,2.2563236892849803,1.2531207282181,0.9553416265333987,2.021263836152838,0.06820819140956602,0.27212637099066594,0.017771330419444453,0.0,0.017771330419444453,0.0,0.29335674080115803,0.12920850429708486,0.6500874903310961
cvar_model_centered,0.11712805062723453,0.11013084735721168,0.07032142613489689,0.045092564039376004,0.47567960373069507,0.2944372077922912,0.1850930734027849,0.13188102126683965,1.0827000884609355,1.1080409353535061,0.05598083989104108,0.9386524322335522,0.9295212608652719,0.5319514735124818,1.0824372287153166,0.022988505747125743,0.07032142613489689,1.0760212309200088,1.1774430849280697,1.17116229675073,1.1343541814943383,0.0,0.1102638561109095,0.1207968294481434,0.08576267309955465,0.06807622411625402,0.02313350891892174,0.5626109821649323,0.5951352586547266,0.5730075779063557,0.0,0.11396061366696075,0.0,0.0,0.0,0.09577582910286608,0.0,0.11396061366696075,0.0,0.0,0.0591002008336341,0.0,0.2936215957487097,0.2470341455608538,0.4186017077900246,0.03761905612923966,0.2977587845541144,0.0463350722796001,0.538500322709445,0.03448275862068895,0.4157396266109803,0.16778154970872572,0.0,0.0,3.1566867465757484,1.0,0.7975233764132081,2.2563236892849803,2.2563236892849803,1.2531207282181,0.9553416265333987,2.021263836152838,0.06820819140956602,0.27212637099066594,0.017771330419444453,0.0,0.017771330419444453,0.0,0.29335674080115803,0.12920850429708486,0.6500874903310961
cvar_model_raw,0.1071898566373165,0.11013882337938652,0.011549161783483086,0.016144617917052462,0.30520437631407704,0.41270835402199735,0.17475983997011835,0.0,0.6838050996318698,0.8539658916232903,0.012133306038703218,0.7903334105319108,0.8093437372394728,0.3827444601504788,0.7597913879660276,0.0,0.011549161783483086,0.6331072342788319,0.8474526589690847,0.7964172620919019,0.7592067235882598,0.0,0.006447502660201998,0.2744954135526735,0.02311710035498704,0.021811557239099444,0.03690526303577091,0.41154431444005,0.4174154547939487,0.42491705281278846,0.0,0.03717084678698335,0.0,0.0,0.0,0.08984557366503054,0.0,0.03717084678698335,0.0,0.0,0.0,0.0,0.32286560904767303,0.2991707981114833,0.2312583842475675,0.0350647777128924,0.3461470751183945,0.04059980781688799,0.5146946673728844,0.0,0.5422911090656325,0.10880724213427895,0.0,0.0,0.7975233764132081,0.7975233764132081,1.0,0.8300458455529025,0.8300458455529025,1.2477132199470748,0.5759760960938287,0.8786733119591377,0.03702783708629187,0.3121444362676197,0.05075949381434419,0.022988505747125743,0.05075949381434419,0.0009795271894820212,0.3586166562946058,0.00219314410155258,0.4695676508043817
cdar_model,0.2246772064522523,0.14818779548008287,0.07710303533029872,0.14543985028929884,0.4699155951629602,0.27332231092208337,0.16979815308758084,0.13045667932525673,1.2049758012538891,1.1624338604360864,0.09777402248036982,0.9835540344627411,0.9574367361945403,0.5577463682728938,1.1454408917189798,0.022988505747125743,0.07710303533029872,1.1497623365576661,1.2421256246106098,1.060691828521641,1.0913452746923284,0.027850818956494106,0.06294709241483532,0.1373105979649546,0.07554015671578052,0.03910590585640872,0.022622621339068782,0.5842294020592145,0.5824505295906871,0.5738024726667676,0.0,0.11703078910555753,0.0,0.0,0.0,0.11297352604194266,0.0,0.11703078910555753,0.0,0.016275434154378488,0.06051667839108532,0.0,0.25556492417810706,0.2428941798897153,0.4321211854103463,0.04911330900280264,0.32299561668749865,0.05782932515316308,0.5362989799908613,0.03448275862068895,0.4231797918097655,0.15950046297936327,0.0,0.0,2.2563236892849803,2.2563236892849803,0.8300458455529025,1.0,3.1566867465757484,1.3175409803463327,0.9731950258486681,2.2035025813433897,0.06787840638702025,0.28264586614505005,0.03340351432749067,0.0,0.03340351432749067,0.0,0.27343572762456647,0.28758347104531123,0.6090767769065897
cdar_model_centered,0.2246772064522523,0.14818779548008287,0.07710303533029872,0.14543985028929884,0.4699155951629602,0.27332231092208337,0.16979815308758084,0.13045667932525673,1.2049758012538891,1.1624338604360864,0.09777402248036982,0.9835540344627411,0.9574367361945403,0.5577463682728938,1.1454408917189798,0.022988505747125743,0.07710303533029872,1.1497623365576661,1.2421256246106098,1.060691828521641,1.0913452746923284,0.027850818956494106,0.06294709241483532,0.1373105979649546,0.07554015671578052,0.03910590585640872,0.022622621339068782,0.5842294020592145,0.5824505295906871,0.5738024726667676,0.0,0.11703078910555753,0.0,0.0,0.0,0.11297352604194266,0.0,0.11703078910555753,0.0,0.016275434154378488,0.06051667839108532,0.0,0.25556492417810706,0.2428941798897153,0.4321211854103463,0.04911330900280264,0.32299561668749865,0.05782932515316308,0.5362989799908613,0.03448275862068895,0.4231797918097655,0.15950046297936327,0.0,0.0,2.2563236892849803,2.2563236892849803,0.8300458455529025,3.1566867465757484,1.0,1.3175409803463327,0.9731950258486681,2.2035025813433897,0.06787840638702025,0.28264586614505005,0.03340351432749067,0.0,0.03340351432749067,0.0,0.27343572762456647,0.28758347104531123,0.6090767769065897
cdar_model_raw,0.11034994874264137,0.15245110879512036,0.0,0.11184283925554228,0.2961036352719343,0.41816851234055974,0.310714556700431,0.10105653677656035,0.9249912264417285,0.9258139669196412,0.0057797458058321816,0.9174290498486455,1.0622566289454678,0.5768993276641899,0.8518589946888073,0.0,0.0,0.9042717160670454,1.253552703279067,0.9744438810667968,0.8777624973164477,0.03204183866475496,0.07569453203854382,0.1587402838976829,0.03766801720090651,0.1031848103492784,0.01938840700471589,0.6827073608820009,0.5793157333524427,0.6895448720298566,0.04803487274122009,0.0,0.0,0.0,0.0,0.01963986585256494,0.04803487274122009,0.0,0.0,0.0,0.0,0.023803908402453278,0.2990740391316652,0.25473316121546974,0.42048734592740944,0.053042968104875854,0.3418949503941344,0.05964420718583119,0.5758570132355071,0.0,0.5581124836390088,0.162457164445459,0.0,0.0,1.2531207282181,1.2531207282181,1.2477132199470748,1.3175409803463327,1.3175409803463327,1.0,0.7177700237831655,1.2224429481252295,0.021401877271786662,0.2872263431393205,0.04291205389793884,0.022988505747125743,0.04291205389793884,0.0021545099530086986,0.30172777589633093,0.08939678641340087,0.6300422779825966
forecast_portfolio_scenario_mean,0.01432451590607453,0.0,0.0628544741851862,0.027121229556352322,0.05622745650260175,0.26010122498669297,0.10986697647658217,0.02655348105276445,0.4739502793043906,0.5425555246337739,0.0,0.5892199227466314,0.33256681712051206,0.572202663356936,0.5126011877828853,0.0,0.0628544741851862,0.4997481404470795,0.5404974879822172,0.4877931414231158,0.48375733049075265,0.0,0.029523099898029592,0.08683066576489906,0.0,0.0,0.0,0.5502257279936323,0.5170363120455965,0.5142763325614786,0.0,0.0,0.0,0.036451738402423106,0.0,0.07509479793586626,0.0,0.0,0.0,0.0,0.0,0.0,0.22335151780621798,0.17346079905673983,0.2889489117451304,0.0244503797052521,0.1514745472839918,0.0159642401021709,0.2562351123893851,0.03448275862068895,0.19913366845731229,0.0019168419915258639,0.0,0.021410092216056498,0.9553416265333987,0.9553416265333987,0.5759760960938287,0.9731950258486681,0.9731950258486681,0.7177700237831655,1.0,0.9542643742646351,0.2151353107680034,0.25785228631011337,0.03805972870078622,0.0,0.03805972870078622,0.0,0.2719553943333658,0.4350447909666878,0.2527866406447673
vol_model,0.14077935143370768,0.10376235952320645,0.01826204659981623,0.08291672714244425,0.47082677963344866,0.40192748064767614,0.1690055725082492,0.12072774474845183,1.1944120355177101,1.1593836539376041,0.11879021892760067,0.9484419369413875,0.9362554411542191,0.6561914098213837,1.0552225851213626,0.0,0.01826204659981623,1.1491316454097338,1.2293040592028368,1.0396725221575076,1.0437112994721462,0.05947737153158883,0.07802561598727475,0.11358081749075188,0.0,0.0,0.012657269086965073,0.5232016367211038,0.5619524452994996,0.5308097374326533,0.0,0.10818584696420253,0.0,0.0,0.0,0.13490266462929634,0.0,0.10818584696420253,0.0,0.023764615161239178,0.04379604171956952,0.039620497540276745,0.3276346884233272,0.2752317178307009,0.39820014325427744,0.03761905612923966,0.2508349708199561,0.04814995431226787,0.5441751555394506,0.03448275862068895,0.41011823650683066,0.16525511868864673,0.0,0.0,2.021263836152838,2.021263836152838,0.8786733119591377,2.2035025813433897,2.2035025813433897,1.2224429481252295,0.9542643742646351,1.0,0.06044303014381891,0.28595157835035623,0.03196673271829531,0.0,0.03196673271829531,0.0,0.3305445192161168,0.2541196387429858,0.6361665967755811
target_risky_exposure,0.10654286445888417,0.11109468237277098,0.0,0.0,0.3514053320431638,0.2019782857806729,0.11521181882177567,0.04483631085979356,0.2859198607529828,0.39385306383804874,0.0010567355321204897,0.26669927892564294,0.40613077654679597,0.2736161680222705,0.3351916581938842,0.0,0.0,0.29424518636506003,0.36120118506548016,0.4376717930016054,0.3975292248417961,0.11894840460276113,0.06452282741816817,0.10150460769648928,0.006854795809057457,0.0,0.0,0.121602469604696,0.16217023517246154,0.13523883324105979,0.0,0.0,0.0,0.0,0.01738394264809895,0.0,0.0,0.0,0.0,0.0,0.0,0.0,0.09112708482272636,0.037259558389276304,0.21901663469555643,0.0,0.19276406662836243,0.016401929873865684,0.1912766172960857,0.0016345546304034064,0.1294796222475264,0.09063207133101037,0.0,0.0,0.06820819140956602,0.06820819140956602,0.03702783708629187,0.06787840638702025,0.06787840638702025,0.021401877271786662,0.2151353107680034,0.06044303014381891,1.0,1.296146986390592,0.0009312654339888038,0.02953315738030482,0.0009312654339888038,0.09865685354871556,1.884888608752904,0.33597425153914207,0.15676120743638133
forecast_backward_vol_timer,0.09019700109947282,0.1754566323412471,0.017755051411276424,0.007817158685389902,0.3055979935153613,0.1836377017081975,0.14601233104711253,0.10980731582423964,0.2689832941714808,0.35160910090443,0.04527800931861192,0.2521252368459862,0.3897796109499395,0.17691382043074466,0.3251334931788217,0.07107115440229628,0.017755051411276424,0.2617128860082154,0.2685833964501544,0.3621923668448388,0.34989167150842904,0.015139761517993344,0.0045897296014237865,0.11257283954674002,0.1324821681845192,0.036867036166799316,0.0,0.0992704673157967,0.20383098616202966,0.1233325163778457,0.0,0.0,0.0,0.0,0.031001880743637966,0.0,0.0,0.0,0.0,0.027481332584667673,0.0,0.0,0.07341435844499367,0.0,0.2543665964129326,0.03398099481453987,0.19314692815654322,0.0,0.13975627119445766,0.08656422507634143,0.13523932429196295,0.007208242848692592,0.0,0.0,0.27212637099066594,0.27212637099066594,0.3121444362676197,0.28264586614505005,0.28264586614505005,0.2872263431393205,0.25785228631011337,0.28595157835035623,1.296146986390592,1.0,0.0,0.06645416952898486,0.0,0.0,1.296146986390592,0.07779775376334863,0.13763570851717188
forecast_forward_cvar_timer,0.07026642120512294,0.030248738279962994,0.020098252559288543,0.03698890362167573,0.04265729128895601,0.06140825885792456,0.030195986777962425,0.003279311275333985,0.02599597713152435,0.05443223223904059,0.0,0.018148563491181324,0.0194185961791431,0.025164678800225992,0.038360803667612076,0.0,0.020098252559288543,0.010222167607714772,0.1146153824221906,0.02460840636895356,0.03809024089704938,0.0,0.004939634882408228,0.004553281099315187,0.008193184326790393,0.0,0.05263513952767396,0.018781333309737636,0.02800197713220154,0.02625314280995117,0.020791200160647172,0.01017584488282064,0.0,0.0,0.01681400060295235,0.018028975423494464,0.020791200160647172,0.01017584488282064,0.0,0.06894860075225817,0.003753887210862672,0.0,0.0485108028567538,0.03414828668723824,0.05922797000637414,0.01480360295932237,0.0,0.06533670917839851,0.04736083400304669,0.02706747656683195,0.05161625230148925,0.02927787380627833,0.031602564102563235,0.0,0.017771330419444453,0.017771330419444453,0.05075949381434419,0.03340351432749067,0.03340351432749067,0.04291205389793884,0.03805972870078622,0.03196673271829531,0.0009312654339888038,0.0,1.0,0.005187182948206082,0.20588610753358938,0.0,0.0009312654339888038,0.0,0.010943227177031445
forecast_forward_cdar_timer,0.12244257563978855,0.08121146052474504,0.002246386190029037,0.017264892358984762,0.0,0.03571428571428514,0.02380952380952317,0.03571428571428514,0.02380952380952317,0.03571428571428514,0.0,0.0,0.02380952380952328,0.0,0.03571428571428514,0.0,0.002246386190029037,0.02380952380952317,0.02380952380952328,0.03571428571428514,0.03571428571428514,0.0,0.0,0.0,0.03245828245828186,0.03245828245828186,0.03571428571428514,0.0,0.02972803656889189,0.011904761904761418,0.0,0.0,0.0,0.0,0.02380952380952328,0.011904761904761307,0.0,0.0,0.0,0.031084656084655715,0.01917989417989352,0.03571428571428514,0.03571428571428514,0.03571428571428514,0.03571428571428514,0.040680367053376854,0.0,0.034256656267381835,0.0,0.0,0.0,0.0,0.0,0.0,0.0,0.0,0.022988505747125743,0.0,0.0,0.022988505747125743,0.0,0.0,0.02953315738030482,0.06645416952898486,0.005187182948206082,1.0,0.005187182948206082,0.005454714539713468,0.02953315738030482,0.0,0.03571428571428514
forecast_forward_risk_timer,0.07026642120512294,0.030248738279962994,0.020098252559288543,0.03698890362167573,0.04265729128895601,0.06140825885792456,0.030195986777962425,0.003279311275333985,0.02599597713152435,0.05443223223904059,0.0,0.018148563491181324,0.0194185961791431,0.025164678800225992,0.038360803667612076,0.0,0.020098252559288543,0.010222167607714772,0.1146153824221906,0.02460840636895356,0.03809024089704938,0.0,0.004939634882408228,0.004553281099315187,0.008193184326790393,0.0,0.05263513952767396,0.018781333309737636,0.02800197713220154,0.02625314280995117,0.020791200160647172,0.01017584488282064,0.0,0.0,0.01681400060295235,0.018028975423494464,0.020791200160647172,0.01017584488282064,0.0,0.06894860075225817,0.003753887210862672,0.0,0.0485108028567538,0.03414828668723824,0.05922797000637414,0.01480360295932237,0.0,0.06533670917839851,0.04736083400304669,0.02706747656683195,0.05161625230148925,0.02927787380627833,0.031602564102563235,0.0,0.017771330419444453,0.017771330419444453,0.05075949381434419,0.03340351432749067,0.03340351432749067,0.04291205389793884,0.03805972870078622,0.03196673271829531,0.0009312654339888038,0.0,0.20588610753358938,0.005187182948206082,1.0,0.0,0.0009312654339888038,0.0,0.010943227177031445
forecast_conviction_timer,0.1348840828210648,0.01409563452794127,0.012417297789427684,0.10524347651809007,0.06300771781146708,0.11433820159134034,0.09830612490040169,0.0,0.0,0.0,0.0,0.0,0.0,0.011632602523512614,0.0,0.04464790943968189,0.012417297789427684,0.0,0.0,0.0,0.0,0.0,0.0,0.0,0.0,0.015517578921342201,0.0,0.0,0.10409165251929142,0.0,0.0,0.0,0.0,0.062080984262240624,0.14832455897592156,0.06057802053654393,0.0,0.0,0.0,0.02683952868453654,0.0,0.033531165559558374,0.062392025999251866,0.055804447656077505,0.0,0.05981029338652866,0.12761892212767634,0.03653180376635001,0.042465065518987544,0.007413160647060213,0.05084696742504957,0.058525969793359445,0.0,0.0,0.0,0.0,0.0009795271894820212,0.0,0.0,0.0021545099530086986,0.0,0.0,0.09865685354871556,0.0,0.0,0.005454714539713468,0.0,1.0,0.09865685354871556,0.0,0.03460504055369973
forecast_overlay_fraction,0.10335254595144683,0.09824728414975559,0.006698958040646685,0.0,0.3303426714748774,0.20182918284610707,0.08289975286653384,0.08079902051936083,0.26252426242358284,0.3947764989825422,0.0,0.25998009867171223,0.3924075385778679,0.24584486021262497,0.3306257687603833,0.006665365072006879,0.006698958040646685,0.3179972266675559,0.3556696237149528,0.38682002093677825,0.3791723610569756,0.07420504196150512,0.013350149945490108,0.10437062509452566,0.05192022655530737,0.0,0.0,0.13977093906626858,0.12657124193799985,0.12543884259131455,0.0,0.0,0.0,0.0,0.06782441861659594,0.0,0.0,0.0,0.0,0.0,0.007066451965508591,0.0,0.09382105182409983,0.020254423142200828,0.20420059546464497,0.0010793434019731318,0.1682744791769516,0.005934856362678542,0.17796473931363999,0.03543076096915432,0.11241875861425443,0.05362668026472228,0.0,0.0,0.29335674080115803,0.29335674080115803,0.3586166562946058,0.27343572762456647,0.27343572762456647,0.30172777589633093,0.2719553943333658,0.3305445192161168,1.884888608752904,1.296146986390592,0.0009312654339888038,0.02953315738030482,0.0009312654339888038,0.09865685354871556,1.0,0.032006837842414426,0.12519679355724833
selected_alpha,0.015137510087037676,0.012207637535981641,0.0,0.0,0.0,0.0,0.0006997600101048551,0.011279294541132634,0.042701298280446665,0.026735102917699205,0.0,0.062318000714196575,0.019874554050359983,0.0,0.015694080293999102,0.024855093820610463,0.0,0.05419555115400998,0.0,0.03156510050631778,0.02977665906270366,0.0,0.002212946166313623,0.0,0.0374131432306285,0.013774090960217089,0.03671575800511284,0.04881332163384933,0.0,0.005092210899026561,0.013855784496841328,0.021752345152022623,0.03981679952638284,0.09911044612706432,0.051528673221015175,0.0,0.013855784496841328,0.021752345152022623,0.03981679952638284,0.0027795320898766906,0.007299910789415831,0.020369458128078666,0.017737007564593288,0.0,0.03826869033015867,0.0,0.03230935555717007,0.0,0.0,0.0,0.0,0.0,0.0,0.010515020318306867,0.12920850429708486,0.12920850429708486,0.00219314410155258,0.28758347104531123,0.28758347104531123,0.08939678641340087,0.4350447909666878,0.2541196387429858,0.33597425153914207,0.07779775376334863,0.0,0.0,0.0,0.0,0.032006837842414426,1.0,0.0
robust_selection_score,0.17062611893260415,0.18926361170802908,0.0,0.0,0.1939437823026262,0.15721281926651487,0.20750304177783285,0.13499526564535147,0.5298351232480997,0.38148664673025257,0.0,0.3394538062488809,0.42069332839182916,0.18738217319188533,0.32894235194457877,0.0,0.0,0.5260805142757055,0.49684231952026936,0.4330939953203594,0.42367940157513717,0.1270957382425152,0.008053607283548203,0.05164897894153342,0.10015546204181403,0.06770242657153736,0.0,0.4110095184945033,0.42731916670070336,0.4142389518963503,0.13729776857639076,0.12798634808342912,0.0,0.13042154786517612,0.0,0.08017326673454184,0.13729776857639076,0.12798634808342912,0.0,0.10280073114885324,0.1428681350093598,0.02936655542338862,0.14862703779533704,0.22755879678874857,0.028091868697116773,0.049113309002803085,0.0,0.02572751891342595,0.0,0.0,0.0,0.22141299338100406,0.0,0.0,0.6500874903310961,0.6500874903310961,0.4695676508043817,0.6090767769065897,0.6090767769065897,0.6300422779825966,0.2527866406447673,0.6361665967755811,0.15676120743638133,0.13763570851717188,0.010943227177031445,0.03571428571428514,0.010943227177031445,0.03460504055369973,0.12519679355724833,0.0,1.0
