experiment,arm,Cumul,Ann,Vol,Sharpe,Sortino,MaxDD,Calmar,CVaR95,mean_k,n_assets,held_target,held_target_med,eta,turn_target_yr,turn_exec_yr,binding_share,cum_cost_pct,P(> canonical) Sharpe,P(> canonical) shallowerDD
canonical (target state),base,91.6298901504071,9.859611868165041,12.4285215404646,0.659907592330025,0.9741671959724726,-16.561724691821965,0.5953251881450264,-6.598397555512543,1.0,219.10843373493975,10.710843373493976,11.0,0.5056553431182556,0.9866615600270424,0.4925342731625922,0.3493975903614458,0.4401910700378881,,
canonical (target state),fast,81.43687988152553,8.99488219953939,9.442983641963927,0.7499453086110843,1.2737897868143861,-10.753714263997082,0.8364442255690038,-4.409732770508313,0.8354636885975829,,,,,,,,,,
canonical (target state),slow,82.06888016761104,9.049691573728168,9.090766071613952,0.7813732467105761,1.161035484132611,-9.555339314433798,0.9470821784484594,-4.933629633094299,0.8037301624827041,,,,,,,,,,
canonical (target state),combined,74.30510230164612,8.364793376076962,7.365283237600168,0.8590711651879507,1.4280335378553215,-6.545224236901315,1.2779995112951363,-3.64377185519995,0.699469908905641,,,,,,,,,,
executed-state carry,base,93.14491488749293,9.98476271874431,13.361256373395126,0.6315660545156572,0.8791715688942491,-15.750641653672359,0.6339273623443971,-7.597006336963082,1.0,219.10843373493975,23.80722891566265,19.0,0.505567273452938,1.8101771954079378,0.9143402253462894,0.4457831325301205,0.7319401869648763,,
executed-state carry,fast,73.57158075911283,8.298742715832441,10.079244790908556,0.644918431756974,0.9517846135560754,-11.25986290002443,0.7370198722237049,-5.318703064854016,0.8070073836337519,,,,,,,,,,
executed-state carry,slow,73.53713717539839,8.295635344568876,11.209144843485435,0.5906842718641897,0.7621802589537284,-14.420278313404244,0.5752756752869145,-6.794486986220958,0.8596912524584519,,,,,,,,,,
executed-state carry,combined,63.81801734163024,7.396974764671427,8.687084128669682,0.6366737365886143,0.9054054652692788,-10.418904082065094,0.709957084392824,-4.719352491093429,0.7164044923981701,,,,,,,,,0.0496,0.0374
fixed universe (Jan-2019),base,125.54816477030504,12.478817477677095,11.480030122400256,0.9118903200551095,1.4409217656223143,-12.091573330470162,1.0320259520099917,-5.925160737752546,1.0,209.51807228915663,10.228915662650602,9.0,0.5061154660116108,0.626147251655859,0.3089716846311512,0.1686746987951807,0.3132269463036471,,
fixed universe (Jan-2019),fast,95.8625874817859,10.2071708363612,10.117108773582116,0.8169127593706297,1.2601013738054316,-13.423710645476971,0.7603837050674538,-5.350124831687325,0.9003675927821074,,,,,,,,,,
fixed universe (Jan-2019),slow,104.28815952745518,10.880311652863295,8.868874774101892,0.987861937521862,1.6435346642694049,-8.522614884732793,1.2766400688072885,-4.340593669921441,0.8136293283121265,,,,,,,,,,
fixed universe (Jan-2019),combined,84.06592538408275,9.221819488624462,7.945453136728892,0.9018243582656539,1.4698333010070157,-8.699383226037682,1.0600544025952439,-4.143984697151894,0.7398012119515315,,,,,,,,,0.5922,0.258
full execution (eta = 1),base,90.9114962869283,9.799971818546926,12.2439599551933,0.6636034946718156,0.9573270701128805,-14.987216466020337,0.6538887218160787,-6.584351508974335,1.0,219.10843373493975,10.987951807228916,11.0,1.0,0.9614833598381468,0.9614833598381468,0.3373493975903614,0.8640690527555877,,
full execution (eta = 1),fast,81.95232464502666,9.039595705474813,9.30322832724858,0.7642944192719422,1.2851982850583803,-9.670056088824364,0.934802820422296,-4.350765219158072,0.8366309191948488,,,,,,,,,,
full execution (eta = 1),slow,81.82792863577171,9.028814600993584,8.921399211373982,0.7923665287894435,1.153210816298509,-8.210842619403302,1.0996209548161728,-4.854411660455071,0.8035497680750507,,,,,,,,,,
full execution (eta = 1),combined,74.70402749040643,8.400615224254327,7.270411398712606,0.8739182277215461,1.4411511686396383,-6.800234705492336,1.2353419533401417,-3.5928744073751946,0.7005464699263511,,,,,,,,,0.682,0.648
