decision_date,return_date,execution_policy,alpha,optimizer_anchor,execution_start,gross_traded_notional,conventional_one_way_turnover,forced_exit_gross_traded_notional,cost_rate_per_traded_unit,transaction_cost,expected_transaction_cost,cost_identity_residual,optimizer_anchor_to_target_l1,executed_state_to_target_l1
2019-01-02,2019-02-01,policy_C_split,1.0,previous_target,previous_executed_holdings,1.8301332671555315e-16,9.150666335777657e-17,0.0,0.001,1.8301332671555314e-19,1.8301332671555314e-19,0.0,1.8301332671555315e-16,1.8301332671555315e-16
2019-02-01,2019-03-01,policy_C_split,1.0,previous_target,previous_executed_holdings,0.01895734597156423,0.009478672985782114,0.00947867298578199,0.001,1.8957345971564228e-05,1.8957345971564228e-05,0.0,0.01895734597156423,0.01895734597156423
2019-03-01,2019-04-01,policy_C_split,0.5,previous_target,previous_executed_holdings,0.0,0.0,0.0,0.001,0.0,0.0,0.0,1.8127860323957634e-16,1.8127860323957634e-16
2019-04-01,2019-05-01,policy_C_split,0.5,previous_target,previous_executed_holdings,0.0,0.0,0.0,0.001,0.0,0.0,0.0,0.0,1.8127860323957634e-16
2019-05-01,2019-06-03,policy_C_split,1.0,previous_target,previous_executed_holdings,1.8851674641148326,0.9425837320574163,0.0,0.001,0.0018851674641148326,0.0018851674641148326,0.0,1.8851674641148324,1.8851674641148326
2019-06-03,2019-07-01,policy_C_split,1.0,previous_target,previous_executed_holdings,0.0,0.0,0.0,0.001,0.0,0.0,0.0,0.0,0.0
2019-07-01,2019-08-01,policy_C_split,1.0,previous_target,previous_executed_holdings,0.0,0.0,0.0,0.001,0.0,0.0,0.0,0.0,0.0
2019-08-01,2019-09-03,policy_C_split,1.0,previous_target,previous_executed_holdings,0.0,0.0,0.0,0.001,0.0,0.0,0.0,0.0,0.0
2019-09-03,2019-10-01,policy_C_split,1.0,previous_target,previous_executed_holdings,0.0,0.0,0.0,0.001,0.0,0.0,0.0,0.0,0.0
2019-10-01,2019-11-01,policy_C_split,1.0,previous_target,previous_executed_holdings,0.0,0.0,0.0,0.001,0.0,0.0,0.0,0.0,0.0
2019-11-01,2019-12-02,policy_C_split,1.0,previous_target,previous_executed_holdings,0.0,0.0,0.0,0.001,0.0,0.0,0.0,0.0,0.0
2019-12-02,2020-01-02,policy_C_split,1.0,previous_target,previous_executed_holdings,0.0,0.0,0.0,0.001,0.0,0.0,0.0,0.0,0.0
2020-01-02,2020-02-03,policy_C_split,1.0,previous_target,previous_executed_holdings,0.0,0.0,0.0,0.001,0.0,0.0,0.0,0.0,0.0
2020-02-03,2020-03-02,policy_C_split,1.0,previous_target,previous_executed_holdings,0.09804362499384597,0.04902181249692299,0.04902181249692289,0.001,9.804362499384598e-05,9.804362499384598e-05,0.0,0.09804362499384597,0.09804362499384597
2020-03-02,2020-04-01,policy_C_split,1.0,previous_target,previous_executed_holdings,0.0,0.0,0.0,0.001,0.0,0.0,0.0,0.0,0.0
2020-04-01,2020-05-01,policy_C_split,1.0,previous_target,previous_executed_holdings,0.0,0.0,0.0,0.001,0.0,0.0,0.0,0.0,0.0
2020-05-01,2020-06-01,policy_C_split,1.0,previous_target,previous_executed_holdings,0.0,0.0,0.0,0.001,0.0,0.0,0.0,0.0,0.0
2020-06-01,2020-07-01,policy_C_split,1.0,previous_target,previous_executed_holdings,0.0,0.0,0.0,0.001,0.0,0.0,0.0,0.0,0.0
2020-07-01,2020-08-03,policy_C_split,1.0,previous_target,previous_executed_holdings,0.0,0.0,0.0,0.001,0.0,0.0,0.0,0.0,0.0
2020-08-03,2020-09-01,policy_C_split,1.0,previous_target,previous_executed_holdings,0.0,0.0,0.0,0.001,0.0,0.0,0.0,0.0,0.0
2020-09-01,2020-10-01,policy_C_split,0.25,previous_target,previous_executed_holdings,0.0,0.0,0.0,0.001,0.0,0.0,0.0,2.1510571102112408e-16,2.1510571102112408e-16
2020-10-01,2020-11-02,policy_C_split,1.0,previous_target,previous_executed_holdings,2.1510571102112408e-16,1.0755285551056204e-16,0.0,0.001,2.1510571102112408e-19,2.1510571102112408e-19,0.0,0.0,2.1510571102112408e-16
2020-11-02,2020-12-01,policy_C_split,1.0,previous_target,previous_executed_holdings,0.0,0.0,0.0,0.001,0.0,0.0,0.0,0.0,0.0
2020-12-01,2021-01-04,policy_C_split,0.5,previous_target,previous_executed_holdings,3.469446951953614e-18,1.734723475976807e-18,0.0,0.001,3.469446951953614e-21,3.469446951953614e-21,0.0,2.1510571102112408e-16,2.1510571102112408e-16
2021-01-04,2021-02-01,policy_C_split,1.0,previous_target,previous_executed_holdings,2.1510571102112408e-16,1.0755285551056204e-16,0.0,0.001,2.1510571102112408e-19,2.1510571102112408e-19,0.0,3.469446951953614e-18,2.1510571102112408e-16
2021-02-01,2021-03-01,policy_C_split,1.0,previous_target,previous_executed_holdings,0.01006266822539428,0.00503133411269714,0.005031334112697333,0.001,1.006266822539428e-05,1.006266822539428e-05,0.0,0.01006266822539428,0.01006266822539428
2021-03-01,2021-04-01,policy_C_split,1.0,previous_target,previous_executed_holdings,0.0,0.0,0.0,0.001,0.0,0.0,0.0,0.0,0.0
2021-04-01,2021-05-03,policy_C_split,0.25,previous_target,previous_executed_holdings,0.0,0.0,0.0,0.001,0.0,0.0,0.0,2.1423834928313568e-16,2.1423834928313568e-16
2021-05-03,2021-06-01,policy_C_split,0.25,previous_target,previous_executed_holdings,0.0,0.0,0.0,0.001,0.0,0.0,0.0,2.1423834928313568e-16,0.0
2021-06-01,2021-07-01,policy_C_split,0.25,previous_target,previous_executed_holdings,0.0,0.0,0.0,0.001,0.0,0.0,0.0,0.0,0.0
2021-07-01,2021-08-02,policy_C_split,0.25,previous_target,previous_executed_holdings,0.0,0.0,0.0,0.001,0.0,0.0,0.0,2.1423834928313568e-16,2.1423834928313568e-16
2021-08-02,2021-09-01,policy_C_split,0.25,previous_target,previous_executed_holdings,0.0,0.0,0.0,0.001,0.0,0.0,0.0,0.0,2.1423834928313568e-16
2021-09-01,2021-10-01,policy_C_split,0.25,previous_target,previous_executed_holdings,0.43999999999999995,0.21999999999999997,0.0,0.001,0.00043999999999999996,0.00043999999999999996,0.0,1.76,1.76
2021-10-01,2021-11-01,policy_C_split,0.25,previous_target,previous_executed_holdings,0.3660924981400313,0.18304624907001565,0.0,0.001,0.00036609249814003133,0.00036609249814003133,0.0,0.49078137862120846,1.4643699925601255
2021-11-01,2021-12-01,policy_C_split,0.25,previous_target,previous_executed_holdings,0.38725124036268577,0.19362562018134288,0.0,0.001,0.0003872512403626858,0.0003872512403626858,0.0,0.9017621206539055,1.549004961450743
2021-12-01,2022-01-03,policy_C_split,1.0,previous_target,previous_executed_holdings,0.0,0.0,0.0,0.001,0.0,0.0,0.0,1.1617537210880573,0.0
2022-01-03,2022-02-01,policy_C_split,0.25,previous_target,previous_executed_holdings,0.3089736286589811,0.15448681432949055,0.0,0.001,0.0003089736286589811,0.0003089736286589811,0.0,1.2358945146359241,1.2358945146359241
2022-02-01,2022-03-01,policy_C_split,1.0,previous_target,previous_executed_holdings,0.0,0.0,0.0,0.001,0.0,0.0,0.0,0.9269208859769431,0.0
2022-03-01,2022-04-01,policy_C_split,0.25,previous_target,previous_executed_holdings,0.0,0.0,0.0,0.001,0.0,0.0,0.0,5.139118297581291e-17,5.139118297581291e-17
2022-04-01,2022-05-02,policy_C_split,1.0,previous_target,previous_executed_holdings,0.0,0.0,0.0,0.001,0.0,0.0,0.0,5.139118297581291e-17,0.0
2022-05-02,2022-06-01,policy_C_split,1.0,previous_target,previous_executed_holdings,0.0,0.0,0.0,0.001,0.0,0.0,0.0,0.0,0.0
2022-06-01,2022-07-01,policy_C_split,0.25,previous_target,previous_executed_holdings,1.734723475976807e-17,8.673617379884035e-18,0.0,0.001,1.734723475976807e-20,1.734723475976807e-20,0.0,1.0278236595162582e-16,1.0278236595162582e-16
2022-07-01,2022-08-01,policy_C_split,1.0,previous_target,previous_executed_holdings,0.0,0.0,0.0,0.001,0.0,0.0,0.0,8.543513119185775e-17,0.0
2022-08-01,2022-09-01,policy_C_split,1.0,previous_target,previous_executed_holdings,0.0,0.0,0.0,0.001,0.0,0.0,0.0,0.0,0.0
2022-09-01,2022-10-03,policy_C_split,0.25,previous_target,previous_executed_holdings,0.0,0.0,0.0,0.001,0.0,0.0,0.0,1.0278236595162582e-16,1.0278236595162582e-16
2022-10-03,2022-11-01,policy_C_split,1.0,previous_target,previous_executed_holdings,0.08025578290249595,0.040127891451247975,0.04012789145124793,0.001,8.025578290249595e-05,8.025578290249595e-05,0.0,0.08025578290249605,0.08025578290249595
2022-11-01,2022-12-01,policy_C_split,1.0,previous_target,previous_executed_holdings,0.0,0.0,0.0,0.001,0.0,0.0,0.0,0.0,0.0
2022-12-01,2023-01-03,policy_C_split,1.0,previous_target,previous_executed_holdings,0.0,0.0,0.0,0.001,0.0,0.0,0.0,0.0,0.0
2023-01-03,2023-02-01,policy_C_split,1.0,previous_target,previous_executed_holdings,0.0,0.0,0.0,0.001,0.0,0.0,0.0,0.0,0.0
2023-02-01,2023-03-01,policy_C_split,1.0,previous_target,previous_executed_holdings,0.0,0.0,0.0,0.001,0.0,0.0,0.0,0.0,0.0
2023-03-01,2023-04-03,policy_C_split,1.0,previous_target,previous_executed_holdings,0.0,0.0,0.0,0.001,0.0,0.0,0.0,0.0,0.0
2023-04-03,2023-05-01,policy_C_split,1.0,previous_target,previous_executed_holdings,0.0,0.0,0.0,0.001,0.0,0.0,0.0,0.0,0.0
2023-05-01,2023-06-01,policy_C_split,1.0,previous_target,previous_executed_holdings,0.0,0.0,0.0,0.001,0.0,0.0,0.0,0.0,0.0
2023-06-01,2023-07-03,policy_C_split,1.0,previous_target,previous_executed_holdings,0.0,0.0,0.0,0.001,0.0,0.0,0.0,0.0,0.0
2023-07-03,2023-08-01,policy_C_split,1.0,previous_target,previous_executed_holdings,0.0,0.0,0.0,0.001,0.0,0.0,0.0,0.0,0.0
2023-08-01,2023-09-01,policy_C_split,1.0,previous_target,previous_executed_holdings,0.0,0.0,0.0,0.001,0.0,0.0,0.0,0.0,0.0
2023-09-01,2023-10-02,policy_C_split,1.0,previous_target,previous_executed_holdings,0.0,0.0,0.0,0.001,0.0,0.0,0.0,0.0,0.0
2023-10-02,2023-11-01,policy_C_split,1.0,previous_target,previous_executed_holdings,0.0,0.0,0.0,0.001,0.0,0.0,0.0,0.0,0.0
2023-11-01,2023-12-01,policy_C_split,1.0,previous_target,previous_executed_holdings,0.0,0.0,0.0,0.001,0.0,0.0,0.0,0.0,0.0
2023-12-01,2024-01-02,policy_C_split,0.25,previous_target,previous_executed_holdings,0.008840825205759432,0.004420412602879716,0.0044204126028797135,0.001,8.840825205759433e-06,8.840825205759433e-06,0.0,0.03536330082303766,0.03536330082303766
2024-01-02,2024-02-01,policy_C_split,0.25,previous_target,previous_executed_holdings,0.006630618904319514,0.003315309452159757,0.0033153094521597842,0.001,6.630618904319514e-06,6.630618904319514e-06,0.0,1.3704315460216776e-16,0.02652247561727809
2024-02-01,2024-03-01,policy_C_split,0.25,previous_target,previous_executed_holdings,0.004972964178239662,0.002486482089119831,0.002486482089119838,0.001,4.972964178239662e-06,4.972964178239662e-06,0.0,1.1254018550399536e-16,0.01989185671295869
2024-03-01,2024-04-01,policy_C_split,0.25,previous_target,previous_executed_holdings,0.003729723133679763,0.0018648615668398814,0.0018648615668398786,0.001,3.729723133679763e-06,3.729723133679763e-06,0.0,1.6263032587282567e-17,0.014918892534719036
2024-04-01,2024-05-01,policy_C_split,0.25,previous_target,previous_executed_holdings,0.0778672627635085,0.03893363138175425,0.038933631381754256,0.001,7.786726276350851e-05,7.786726276350851e-05,0.0,0.30196927433521753,0.311469051054034
2024-05-01,2024-06-03,policy_C_split,0.25,previous_target,previous_executed_holdings,0.07469075438958878,0.03734537719479439,0.037345377194794395,0.001,7.469075438958878e-05,7.469075438958878e-05,0.0,0.07377864044004924,0.2987630175583551
2024-06-03,2024-07-01,policy_C_split,0.25,previous_target,previous_executed_holdings,0.3663813941778498,0.1831906970889249,0.028009032896095798,0.001,0.0003663813941778498,0.0003663813941778498,0.0,1.3980898972361828,1.4655255767113993
2024-07-01,2024-08-01,policy_C_split,1.0,previous_target,previous_executed_holdings,0.1680541973765749,0.08402709868828745,0.0840270986882874,0.001,0.0001680541973765749,0.0001680541973765749,0.0,1.016503854888735,0.1680541973765749
2024-08-01,2024-09-03,policy_C_split,1.0,previous_target,previous_executed_holdings,0.0,0.0,0.0,0.001,0.0,0.0,0.0,0.0,0.0
2024-09-03,2024-10-01,policy_C_split,1.0,previous_target,previous_executed_holdings,0.0,0.0,0.0,0.001,0.0,0.0,0.0,0.0,0.0
2024-10-01,2024-11-01,policy_C_split,1.0,previous_target,previous_executed_holdings,0.0,0.0,0.0,0.001,0.0,0.0,0.0,0.0,0.0
2024-11-01,2024-12-02,policy_C_split,1.0,previous_target,previous_executed_holdings,0.0,0.0,0.0,0.001,0.0,0.0,0.0,0.0,0.0
2024-12-02,2025-01-02,policy_C_split,1.0,previous_target,previous_executed_holdings,0.0,0.0,0.0,0.001,0.0,0.0,0.0,0.0,0.0
2025-01-02,2025-02-03,policy_C_split,1.0,previous_target,previous_executed_holdings,0.0,0.0,0.0,0.001,0.0,0.0,0.0,0.0,0.0
2025-02-03,2025-03-03,policy_C_split,1.0,previous_target,previous_executed_holdings,0.0,0.0,0.0,0.001,0.0,0.0,0.0,0.0,0.0
2025-03-03,2025-04-01,policy_C_split,1.0,previous_target,previous_executed_holdings,0.0,0.0,0.0,0.001,0.0,0.0,0.0,0.0,0.0
2025-04-01,2025-05-01,policy_C_split,1.0,previous_target,previous_executed_holdings,0.15471266994234492,0.07735633497117246,0.07735633497117249,0.001,0.00015471266994234492,0.00015471266994234492,0.0,0.15471266994234492,0.15471266994234492
2025-05-01,2025-06-02,policy_C_split,1.0,previous_target,previous_executed_holdings,0.0,0.0,0.0,0.001,0.0,0.0,0.0,0.0,0.0
2025-06-02,2025-07-01,policy_C_split,1.0,previous_target,previous_executed_holdings,0.0,0.0,0.0,0.001,0.0,0.0,0.0,0.0,0.0
2025-07-01,2025-08-01,policy_C_split,1.0,previous_target,previous_executed_holdings,0.0,0.0,0.0,0.001,0.0,0.0,0.0,0.0,0.0
2025-08-01,2025-09-02,policy_C_split,1.0,previous_target,previous_executed_holdings,0.0,0.0,0.0,0.001,0.0,0.0,0.0,0.0,0.0
2025-09-02,2025-10-01,policy_C_split,1.0,previous_target,previous_executed_holdings,0.0,0.0,0.0,0.001,0.0,0.0,0.0,0.0,0.0
2025-10-01,2025-11-03,policy_C_split,1.0,previous_target,previous_executed_holdings,0.0,0.0,0.0,0.001,0.0,0.0,0.0,0.0,0.0
2025-11-03,2025-12-01,policy_C_split,1.0,previous_target,previous_executed_holdings,1.8443532209444962,0.9221766104722481,0.0,0.001,0.0018443532209444962,0.0018443532209444962,0.0,1.8443532209444962,1.8443532209444962
