date,cvar_model,cvar_model_centered,cvar_model_raw,cdar_model,cdar_model_centered,cdar_model_raw,portfolio_scenario_mean,vol_model,forecast_cvar_centered,target_risky_exposure,backward_vol_timer,forward_cvar_timer,forward_cdar_timer,forward_risk_timer,forward_risk_measure,conviction_timer,overlay_fraction
2019-02-01,0.061400558686715394,0.061400558686715394,0.05663770368924137,0.052686334902719435,0.052686334902719435,0.04972006642055683,0.004762854997474036,0.02973076217093201,True,1.0,0.6382267647617673,1.0,1.0,1.0,cdar,0.9773423802841975,0.6382267647617673
2019-03-01,0.06269572947206281,0.06269572947206281,0.05369724582309536,0.05154695582211458,0.05154695582211458,0.04589398195297524,0.00899848364896745,0.02904868834900047,True,1.0,0.9993801490419152,1.0,1.0,1.0,cdar,0.97033283867465,0.9993801490419152
2019-04-01,0.06000931490764798,0.06000931490764798,0.05064759253402506,0.05052237654301518,0.05052237654301518,0.04469152275034263,0.009361722373622927,0.028567883312589724,True,0.9999999999999997,1.0,1.0,1.0,1.0,cdar,0.988761335640195,1.0
2019-05-01,0.05833659158193732,0.05833659158193732,0.05162071834123244,0.04915172195861017,0.04915172195861017,0.04486975545148879,0.006715873240704876,0.0276905787495011,True,0.9999999999999997,1.0,1.0,1.0,1.0,cdar,0.9897707125225322,1.0
2019-06-03,0.09269466761174583,0.09269466761174583,0.03680416748271562,0.07618797055513842,0.07618797055513842,0.04398565713446315,0.05589050012903019,0.041982394648817915,True,1.0,1.0,1.0,1.0,1.0,cdar,1.0,1.0
2019-07-01,0.08847653573367725,0.08847653573367725,0.04171902546061926,0.07477136161855406,0.07477136161855406,0.04751051610738674,0.04675751027305801,0.04233247630201203,True,1.0,0.6618260773499979,1.0,1.0,1.0,cdar,0.9790212629338643,0.6618260773499979
2019-08-01,0.08519369465152903,0.08519369465152903,0.04872485201133818,0.07219068545916063,0.07219068545916063,0.050755834640558016,0.03646884264019084,0.042211809634504806,True,1.0,0.7369932034300187,1.0,1.0,1.0,cdar,0.9789970606571053,0.7369932034300187
2019-09-03,0.08659354903406796,0.08659354903406796,0.04224038815933986,0.07323616888344157,0.07323616888344157,0.04826635822377735,0.044353160874728105,0.04272883310400691,True,1.0,1.0,1.0,1.0,1.0,cdar,1.0,1.0
2019-10-01,0.08766179336242878,0.08766179336242878,0.05827484582590647,0.07517590969295683,0.07517590969295683,0.05788849398094445,0.02938694753652232,0.04293479303585669,True,1.0,0.4755473250273246,1.0,1.0,1.0,cdar,0.9959240335148976,0.4755473250273246
2019-11-01,0.09066164338669176,0.09066164338669176,0.06894096860751593,0.07716758796952583,0.07716758796952583,0.0633279029740353,0.021720674779175834,0.044289743929600764,True,1.0,0.9184616596228372,1.0,1.0,1.0,cdar,0.947079440903233,0.9184616596228372
2019-12-02,0.0938439084010319,0.0938439084010319,0.06653313890192869,0.07803087353085966,0.07803087353085966,0.061082077285908504,0.02731076949910323,0.044984370525488954,True,1.0,0.7468002309562951,1.0,1.0,1.0,cdar,0.9689572836935071,0.7468002309562951
2020-01-02,0.09920460625076621,0.09920460625076621,0.07040312272267242,0.08074018599395155,0.08074018599395155,0.06306297592163629,0.028801483528093787,0.04671557057435548,True,1.0,1.0,0.978041711869663,1.0,1.0,cdar,1.0,1.0
2020-02-03,0.08917000449238215,0.08917000449238215,0.05981054102687385,0.07545806343534137,0.07545806343534137,0.05699121605906666,0.029359463465508284,0.04339937925999029,True,1.0,1.0,1.0,1.0,1.0,cdar,1.0,1.0
2020-03-02,0.10107442254562488,0.10107442254562488,0.07577622180252243,0.08246602245936197,0.08246602245936197,0.06638327032198625,0.025298200743102437,0.04690858115320558,True,1.0,0.6883937296410878,1.0,1.0,1.0,cdar,1.0,0.6883937296410878
2020-04-01,0.1032173359548429,0.1032173359548429,0.08476596152096888,0.08154698524555119,0.08154698524555119,0.06907259359539683,0.018451374433874037,0.048014935678845475,True,1.0,0.4098934110950965,1.0,1.0,1.0,cdar,0.9661359331222775,0.4098934110950965
2020-05-01,0.11672563148387192,0.11672563148387192,0.10798952734740698,0.0984250910168854,0.0984250910168854,0.09278360989431808,0.008736104136464931,0.05622719092344524,True,1.0000000000000002,0.3,1.0,1.0,1.0,cdar,0.971190581409627,0.3
2020-06-01,0.13355222484097992,0.13355222484097992,0.12188190913632493,0.112410774723203,0.112410774723203,0.10433850139096496,0.01167031570465497,0.06306153365188588,True,1.0,0.3,1.0,1.0,1.0,cdar,1.0,0.3
2020-07-01,0.13503840159817446,0.13503840159817446,0.11229418201114155,0.11109695559599721,0.11109695559599721,0.0958767426779649,0.02274421958703292,0.06421919516616734,True,1.0,0.4556295370153826,1.0,1.0,1.0,cdar,0.9899840606761587,0.4556295370153826
2020-08-03,0.13245680917857475,0.13245680917857475,0.10260007830296608,0.11284016637946725,0.11284016637946725,0.09354974305661613,0.029856730875608653,0.06587112780914338,True,1.0,0.4137374378054408,1.0,1.0,1.0,cdar,1.0,0.4137374378054408
2020-09-01,0.13954672847158875,0.13954672847158875,0.10957727644731438,0.11768260543894206,0.11768260543894206,0.09930106768211806,0.02996945202427436,0.06732546439740054,True,1.0000000000000002,0.7457142801683885,1.0,1.0,1.0,cdar,0.9855263778753066,0.7457142801683885
2020-10-01,0.1440176601010575,0.1440176601010575,0.10703637346775918,0.11976723764088856,0.11976723764088856,0.09723657718536158,0.036981286633298284,0.06844912876842314,True,1.0,0.9562801047134111,1.0,1.0,1.0,cdar,1.0,0.9562801047134111
2020-11-02,0.1396486877949963,0.1396486877949963,0.10156439402485036,0.11761369825705231,0.11761369825705231,0.09398623788221452,0.038084293770145945,0.06859996593740784,True,1.0,0.4044261646968093,1.0,1.0,1.0,cdar,0.9874492439560387,0.4044261646968093
2020-12-01,0.14333253697005874,0.14333253697005874,0.11012494408847502,0.12005532834713475,0.12005532834713475,0.09874274553283852,0.03320759288158369,0.06962083903682034,True,0.9999999999999999,0.5389294415809903,1.0,1.0,1.0,cdar,0.9967809638978695,0.5389294415809903
2021-01-04,0.14621803816801102,0.14621803816801102,0.10751666969930194,0.12506684691503892,0.12506684691503892,0.10152338349676729,0.03870136846870908,0.07142213430109784,True,1.0,0.5799840323886164,1.0,1.0,1.0,cdar,0.9952580520895826,0.5799840323886164
2021-02-01,0.1444608088501983,0.1444608088501983,0.09675958279398751,0.12071754817355695,0.12071754817355695,0.09138511829023695,0.04770122605621077,0.06999423294649453,True,1.0,0.9818821716443301,1.0,1.0,1.0,cdar,1.0,0.9818821716443301
2021-03-01,0.1494283259029465,0.1494283259029465,0.11063351038740787,0.12746127028354023,0.12746127028354023,0.10397273237487123,0.038794815515538615,0.07220700544199714,True,0.9999999999999998,0.6396789860087773,1.0,1.0,1.0,cdar,1.0,0.6396789860087773
2021-04-01,0.14485677160396457,0.14485677160396457,0.09876774670156989,0.12470577200644178,0.12470577200644178,0.09717825785302638,0.04608902490239468,0.07048057523506274,True,0.9999999999999998,0.42471784018620157,1.0,1.0,1.0,cdar,0.9699023395886749,0.42471784018620157
2021-05-03,0.1455729889059042,0.1455729889059042,0.10669527788349382,0.12395960705381212,0.12395960705381212,0.09928357575125552,0.03887771102241037,0.07253087411353336,True,1.0,0.37448866697252636,1.0,1.0,1.0,cdar,0.9334974700075493,0.37448866697252636
2021-06-01,0.15801720661119661,0.15801720661119661,0.11525425717169113,0.1296001893518711,0.1296001893518711,0.10288254684822594,0.04276294943950547,0.07206545235005497,True,0.9999999999999998,0.4541790137118492,1.0,1.0,1.0,cdar,0.9618196967325455,0.4541790137118492
2021-07-01,0.14873622429479078,0.14873622429479078,0.11381561993605839,0.12497402197166715,0.12497402197166715,0.1027845176240301,0.034920604358732406,0.07164460698907688,True,0.9999999999999998,0.5659224794450489,1.0,1.0,1.0,cdar,0.9571553243834735,0.5659224794450489
2021-08-02,0.13963727364295836,0.13963727364295836,0.1071592687074407,0.12293503180698381,0.12293503180698381,0.1025386555671747,0.032478004935517654,0.07132831058061488,True,1.0,1.0,1.0,1.0,1.0,cdar,1.0,1.0
2021-09-01,0.14724017777139292,0.14724017777139292,0.10941998470180625,0.12332717907261548,0.12332717907261548,0.09984778345844425,0.03782019306958665,0.07251259106898927,True,1.0,0.8963874545199646,1.0,1.0,1.0,cdar,1.0,0.8963874545199646
2021-10-01,0.15093626541063518,0.15093626541063518,0.05572815870425795,0.12403797240727792,0.12403797240727792,0.0710278322426003,0.09520810670637722,0.07204474004347922,True,1.0000000000000002,0.6968606952743185,1.0,1.0,1.0,cdar,1.0,0.6968606952743185
2021-11-01,0.14729645812306155,0.14729645812306155,0.06407836238011087,0.12382980043942331,0.12382980043942331,0.07531297977456562,0.08321809574295067,0.0712252730032543,True,1.0,0.6509777419828506,1.0,1.0,1.0,cdar,1.0,0.6509777419828506
2021-12-01,0.14022878033390523,0.14022878033390523,0.0562171197377158,0.11876194595429503,0.11876194595429503,0.06970629010728886,0.08401166059618943,0.0684503261888401,True,1.0,0.8031246161362255,1.0,1.0,1.0,cdar,1.0,0.8031246161362255
2022-01-03,0.14064185463455214,0.14064185463455214,0.0778787813111005,0.11801819704570787,0.11801819704570787,0.08017879160934731,0.06276307332345163,0.06886111387503792,True,1.0,0.6169898378933583,1.0,1.0,1.0,cdar,1.0,0.6169898378933583
2022-02-01,0.13951438670898753,0.13951438670898753,0.05304555356933721,0.11927614614705441,0.11927614614705441,0.07092732631181561,0.08646883313965031,0.06777327628326411,True,1.0,0.5423738805876733,1.0,1.0,1.0,cdar,1.0,0.5423738805876733
2022-03-01,0.12852351108007995,0.12852351108007995,0.08596724376419869,0.11286513822436546,0.11286513822436546,0.08705413348653468,0.042556267315881253,0.06452893726717149,True,1.0000000000000002,0.5499661320643814,1.0,1.0,1.0,cdar,1.0,0.5499661320643814
2022-04-01,0.1505916058523269,0.1505916058523269,0.1210773937360411,0.12491714026428608,0.12491714026428608,0.10518187795970046,0.0295142121162858,0.07087160571455535,True,1.0,0.49326369796832314,1.0,1.0,1.0,cdar,1.0,0.49326369796832314
2022-05-02,0.14178005351038342,0.14178005351038342,0.10307638322563989,0.11974207089088358,0.11974207089088358,0.09486325535687865,0.03870367028474353,0.07012914018852641,True,1.0,0.4980143379802866,0.962475955591974,0.7442153273253183,0.7442153273253183,cdar,1.0,0.37062990355270065
2022-06-01,0.14494591679595503,0.14494591679595503,0.11355880352968935,0.1211927502813757,0.1211927502813757,0.10070609833770411,0.031387113266265664,0.07120591892833443,True,1.0,0.44074943272746087,0.6921730063183997,0.724530479694552,0.724530479694552,cdar,0.999602111491286,0.3193363979191289
2022-07-01,0.1511494714531523,0.1511494714531523,0.11646327256563545,0.12704268887669423,0.12704268887669423,0.1050433634985589,0.03468619888751685,0.07323201773485634,True,0.9999999999999999,0.3388566436950152,0.7348647579571342,0.7563782109539903,0.7563782109539903,cdar,1.0,0.3
2022-08-01,0.1505213440212078,0.1505213440212078,0.1261954697050055,0.131986243688359,0.131986243688359,0.11713717085397636,0.024325874316202246,0.07421958429224126,True,1.0,0.3887818824988614,0.7501640757875742,0.7791522729251558,0.7791522729251558,cdar,0.9837856787270001,0.3029202874211087
2022-09-01,0.15922580975096973,0.15922580975096973,0.13698840837158063,0.13511053175494372,0.13511053175494372,0.1215680290836443,0.02223740137938911,0.07575772819786795,True,1.0,0.5598263755068209,0.7698860310419395,0.8366202705550674,0.8366202705550674,cdar,0.9871758294715804,0.46836209374037924
2022-10-03,0.15729206018975567,0.15729206018975567,0.1354081240610207,0.13376458828256718,0.13376458828256718,0.1205020745069008,0.021883936128734953,0.07490897724080918,True,0.9999999999999999,0.5834508005994649,0.7914193340741538,0.8310301343936921,0.8310301343936921,cdar,0.9832509177031081,0.48486519723428056
2022-11-01,0.15561489240904847,0.15561489240904847,0.13609189604457497,0.13152786635500524,0.13152786635500524,0.11890670736313058,0.01952299636447353,0.07703738306543047,True,1.0,0.5433065857125245,0.8298659028618727,0.8688274793936313,0.8688274793936313,cdar,0.9850505811434933,0.47203969140257257
2022-12-01,0.15820537754855157,0.15820537754855157,0.14365383275187127,0.13372370293216368,0.13372370293216368,0.12422175714103019,0.014551544796680332,0.07842762588289848,True,1.0,0.4458882495083031,0.812341533590294,0.8751207860831579,0.8751207860831579,cdar,0.9927799744729153,0.39020607541494945
2023-01-03,0.1670916321081534,0.1670916321081534,0.1572306950687439,0.14044437317586214,0.14044437317586214,0.1328213714115116,0.009860937039409523,0.08190161395553594,True,1.0,0.44929659815352424,0.7746251505720249,0.844396402301709,0.844396402301709,cdar,0.9835147384051655,0.3793844310472325
2023-02-01,0.16695216735479032,0.16695216735479032,0.1581936579928291,0.14072419308442102,0.14072419308442102,0.13397094724865696,0.008758509361961243,0.08263781735326264,True,1.0,0.6527320351367294,0.7305524636570293,0.8014996503806957,0.8014996503806957,cdar,0.9773842408493439,0.5231644979543686
2023-03-01,0.16692749932271372,0.16692749932271372,0.15865560749423638,0.1413546099243259,0.1413546099243259,0.1349262799139364,0.008271891828477311,0.0830718474215735,True,1.0,0.7013573345196814,0.7272697203619176,0.8094577593608058,0.8094577593608058,cdar,0.9673090860865091,0.5677191365115685
2023-04-03,0.1666714250609145,0.1666714250609145,0.15195065268860267,0.13887278084256346,0.13887278084256346,0.1282874499160224,0.014720772372311864,0.08062598984905812,True,1.0,0.7172887058768703,0.7036795579620189,0.791941566060952,0.791941566060952,cdar,0.9760405190951303,0.5680507410499622
2023-05-01,0.14500664774588282,0.14500664774588282,0.13833526942289331,0.12373707100896807,0.12373707100896807,0.12007204186940118,0.006671378322989517,0.06882079772247968,True,1.0,0.6183879086823212,0.8077846476486256,0.8986547316709412,0.8986547316709412,cdar,0.9731670243263305,0.5557172201454659
2023-06-01,0.13448743649044276,0.13448743649044276,0.11905201323829645,0.11222044532423489,0.11222044532423489,0.10156693023409678,0.015435423252146313,0.06515020891732726,True,1.0,0.7735802505626802,0.8449772281895033,0.9639395932904655,0.9639395932904655,cdar,0.9729182600810632,0.7456846321049264
2023-07-03,0.13153453516421046,0.13153453516421046,0.1363957740760979,0.1116102743117885,0.1116102743117885,0.11432550364609267,-0.004861238911887419,0.06544266307262567,True,1.0,0.6764448731725852,0.8879121407349777,0.9938536538165987,0.9938536538165987,cdar,1.0,0.6722872088080795
2023-08-01,0.12799224819972285,0.12799224819972285,0.11961752709955135,0.10750796384346194,0.10750796384346194,0.10188221694793753,0.0083747211001715,0.06187748315976841,True,1.0,0.8819709308008757,0.9020756248217362,1.0,1.0,cdar,1.0,0.8819709308008757
2023-09-01,0.13268028303068002,0.13268028303068002,0.12000590793572546,0.11193946709034826,0.11193946709034826,0.10305669174585771,0.012674375094954567,0.06410976692426718,True,1.0,0.9206855682170403,0.8832230750535194,0.9947759403363209,0.9947759403363209,cdar,1.0,0.9158758518771861
2023-10-02,0.12901510672726205,0.12901510672726205,0.12090018839933038,0.11041513540331244,0.11041513540331244,0.10584834694532126,0.008114918327931691,0.062066340845509826,True,1.0,0.8312797740552467,0.9105067967271071,0.9953811689174482,0.9953811689174482,cdar,1.0,0.8274402331965437
2023-11-01,0.1176120291305331,0.1176120291305331,0.10602645057181677,0.10544842817138203,0.10544842817138203,0.09820040359061664,0.011585578558716326,0.06083296283209741,True,1.0,0.8929653278421075,0.9878121132848722,1.0,1.0,cdar,0.9987295855438806,0.8929653278421075
2023-12-01,0.12969694536318113,0.12969694536318113,0.12166680118299122,0.10515778559414116,0.10515778559414116,0.09959542752412871,0.008030144180189894,0.061458890358018,True,1.0,0.755836532477016,0.8638530855704156,1.0,1.0,cdar,0.995168040855994,0.755836532477016
2024-01-02,0.11712643263908644,0.11712643263908644,0.11473612716309788,0.10282546757958405,0.10282546757958405,0.10128898057531423,0.0023903054759885794,0.05970521937242248,True,1.0,0.7961212541535369,0.943127958969478,1.0,1.0,cdar,0.9918869994154109,0.7961212541535369
2024-02-01,0.12178887335828699,0.12178887335828699,0.11298516560639714,0.10470082191302707,0.10470082191302707,0.09982206230526776,0.008803707751889853,0.059251958549375386,True,1.0,0.7578604184905462,0.9342365177830984,1.0,1.0,cdar,0.9989367972672389,0.7578604184905462
2024-03-01,0.12220478123412981,0.12220478123412981,0.11992316226943009,0.10063436539931027,0.10063436539931027,0.09876994656268095,0.0022816189646997116,0.05939888998345941,True,1.0,0.8315547618080881,0.9226716295687928,1.0,1.0,cdar,0.9868498341174107,0.8315547618080881
2024-04-01,0.1172553282272962,0.1172553282272962,0.11281849900103422,0.10154900742203486,0.10154900742203486,0.09842235369503975,0.004436829226261983,0.0579848540235665,True,1.0,0.7715908770376907,0.9853431491450455,1.0,1.0,cdar,0.9928434820226438,0.7715908770376907
2024-05-01,0.1265886893354901,0.1265886893354901,0.11097158407944244,0.10588126644780829,0.10588126644780829,0.09499846702801178,0.015617105256047642,0.06096193087368886,True,1.0,0.7385817026348105,0.9837742190203673,1.0,1.0,cdar,0.9997269258116815,0.7385817026348105
2024-06-03,0.131078788763076,0.131078788763076,0.10871947750245732,0.1095757369081026,0.1095757369081026,0.09439888830780119,0.022359311260618697,0.06311812237660562,True,1.0,0.6776711941990117,0.9702409667309368,1.0,1.0,cdar,0.9961171001328301,0.6776711941990117
2024-07-01,0.12061855786138731,0.12061855786138731,0.04519593330792279,0.10526464307336014,0.10526464307336014,0.0632082778796217,0.07542262455346452,0.060032653057884265,True,1.0,0.6153642578295323,1.0,1.0,1.0,cdar,1.0,0.6153642578295323
2024-08-01,0.12143581274087045,0.12143581274087045,0.08949959619749784,0.10536024325153714,0.10536024325153714,0.08565300281248332,0.03193621654337261,0.06012709093872012,True,1.0,1.0,1.0,0.912845118962528,0.912845118962528,cdar,0.997453853264946,0.912845118962528
2024-09-03,0.12701518135261206,0.12701518135261206,0.10080985042704092,0.10675722650549992,0.10675722650549992,0.08983989229638464,0.02620533092557112,0.06261844304097683,True,1.0,0.5959364652980189,0.8899619415735313,0.896154089583926,0.896154089583926,cdar,0.9702171630800537,0.534050900509009
2024-10-01,0.13385926308552973,0.13385926308552973,0.11168703780501284,0.11403827729478826,0.11403827729478826,0.09923245835419635,0.022172225280516905,0.06370255247408976,True,1.0,0.4267204694880569,0.8427672794516535,0.835071149522467,0.835071149522467,cdar,0.9692845432285822,0.35634195298015847
2024-11-01,0.13515056734584202,0.13515056734584202,0.11303045706459315,0.11170192300878047,0.11170192300878047,0.09737544094709753,0.022120110281248884,0.0631641434083686,True,1.0,0.5243344501055897,0.767639194130957,0.7796280688352862,0.7796280688352862,cdar,0.9797867911370329,0.4087858547596326
2024-12-02,0.13035839317725992,0.13035839317725992,0.10604651100925955,0.11109548189947477,0.11109548189947477,0.09539574808236692,0.024311882168000346,0.06479532542642617,True,1.0,0.8244472248598577,0.6944101994372087,0.7786674796596054,0.7786674796596054,cdar,1.0,0.6419702426939813
2025-01-02,0.12485273857298877,0.12485273857298877,0.09641929774518854,0.10800531798141608,0.10800531798141608,0.089950138412483,0.028433440827800225,0.062027375802235246,True,1.0,0.7077939331318429,0.7162351014011064,0.8001321271483016,0.8001321271483016,cdar,1.0,0.5663286652994443
2025-02-03,0.12803243398736838,0.12803243398736838,0.11118891960614322,0.1085667565864927,0.1085667565864927,0.09826308574495281,0.016843514381225177,0.06195141067527334,True,1.0,0.7178811488951202,0.6993645405823801,0.7949019803839235,0.7949019803839235,cdar,1.0,0.5706451469370173
2025-03-03,0.13026939551428834,0.13026939551428834,0.11229964444387244,0.10674432105554743,0.10674432105554743,0.09495709578100521,0.017969751070415926,0.06283695699585236,True,1.0,0.5778910015193994,0.680529315515707,0.7961033900940352,0.7961033900940352,cdar,0.952421671750353,0.46006098541443113
2025-04-01,0.12991181756371606,0.12991181756371606,0.12271785380157953,0.10961015787061634,0.10961015787061634,0.10454928701114702,0.007193963762136472,0.0629522195593781,True,1.0,0.7083039037768741,0.6469797212967131,0.7420798610927077,0.7420798610927077,cdar,0.9649540465456867,0.5256180625261654
2025-05-01,0.12773755643292578,0.12773755643292578,0.1359262962617336,0.10707608986147238,0.10707608986147238,0.11335742801166641,-0.00818873982880783,0.06274595701800939,True,1.0,0.516118651720589,0.7348236493944769,0.8335519054281889,0.8335519054281889,cdar,0.9191116825046924,0.4302116855687248
2025-06-02,0.13077250563455503,0.13077250563455503,0.14726917471121762,0.11279898905996888,0.11279898905996888,0.12455977385843407,-0.0164966690766626,0.06283739911143525,True,1.0,0.3,0.8310224472714423,0.9754447462230638,0.9754447462230638,cdar,0.922482729595082,0.3
2025-07-01,0.1353241754027335,0.1353241754027335,0.15767718391423416,0.11138901158948149,0.11138901158948149,0.12733721895688008,-0.022353008511500662,0.0628558699354138,True,1.0,0.6148473947488196,0.851059755182824,1.0,1.0,cdar,0.5734384957238821,0.6148473947488196
2025-08-01,0.12896732204894454,0.12896732204894454,0.12959099741485228,0.10530176638763959,0.10530176638763959,0.10586958184764422,-0.0006236753659077291,0.060610815718562465,True,1.0,0.8879258247958006,0.9037356914745013,1.0,1.0,cdar,0.9952327820651684,0.8879258247958006
2025-09-02,0.1222654223615895,0.1222654223615895,0.11360293001424505,0.10122975826289078,0.10122975826289078,0.09545556265382298,0.008662492347344439,0.05913563580171404,True,1.0,1.0,0.9874606673419226,1.0,1.0,cdar,1.0,1.0
2025-10-01,0.1157161189161166,0.1157161189161166,0.09325104309914056,0.09951825632586114,0.09951825632586114,0.08562428880152825,0.02246507581697602,0.05478362931790673,True,1.0,0.7270466556137724,1.0,1.0,1.0,cdar,0.959925504725922,0.7270466556137724
2025-11-03,0.11150388676670701,0.11150388676670701,0.08363442885473336,0.0983959615244565,0.0983959615244565,0.0815658206766899,0.02786945791197362,0.053154292158291455,True,1.0,1.0,1.0,1.0,1.0,cdar,1.0,1.0
2025-12-01,0.1227759361738397,0.1227759361738397,0.018465837544567983,0.10753515273835125,0.10753515273835125,0.05402063807898276,0.10431009862927172,0.06138146006504726,True,1.0,0.41206815248809103,1.0,1.0,1.0,cdar,0.9573977994825256,0.41206815248809103
