date,cvar_model,cvar_model_centered,cvar_model_raw,cdar_model,cdar_model_centered,cdar_model_raw,portfolio_scenario_mean,vol_model,forecast_cvar_centered,target_risky_exposure,backward_vol_timer,forward_cvar_timer,forward_cdar_timer,forward_risk_timer,forward_risk_measure,conviction_timer,overlay_fraction
2019-02-01,0.08003045445460097,0.08003045445460097,0.027169070823355318,0.07061459803464264,0.07061459803464264,0.041323930954365255,0.052861383631245644,0.0400470505006125,True,0.9999999999999999,,,,,,,
2019-03-01,0.06533399741541925,0.06533399741541925,0.01932609185163384,0.05378619279052195,0.05378619279052195,0.02886119983950566,0.046007905563785416,0.030308920046388736,True,1.0,,,,,,,
2019-04-01,0.06662169854460678,0.06662169854460678,0.031912850553577767,0.05488046902354718,0.05488046902354718,0.03445570545763989,0.03470884799102901,0.031366464844896275,True,1.0,1.0,1.0,1.0,1.0,cdar,1.0,1.0
2019-05-01,0.06205604152320363,0.06205604152320363,0.023638869208904713,0.05268164227026808,0.05268164227026808,0.030641131611457324,0.03841717231429892,0.029442033325153154,True,1.0,1.0,1.0,1.0,1.0,cdar,1.0,1.0
2019-06-03,0.061899765366930544,0.061899765366930544,0.02780845191472016,0.05243134198181039,0.05243134198181039,0.032501529942414044,0.03409131345221037,0.029499345474932496,True,1.0,1.0,1.0,1.0,1.0,cdar,0.9818742084449058,1.0
2019-07-01,0.06177914925538662,0.06177914925538662,0.03286465249245727,0.05227714347190753,0.05227714347190753,0.03502798499340242,0.028914496762929346,0.029502970408750294,True,1.0,1.0,1.0,1.0,1.0,cdar,1.0,1.0
2019-08-01,0.05923102064577323,0.05923102064577323,0.03341322316315029,0.05108587630371504,0.05108587630371504,0.035831090859294534,0.025817797482622935,0.028863991829722744,True,1.0,1.0,1.0,1.0,1.0,cdar,0.999331774377348,1.0
2019-09-03,0.06313990982902781,0.06313990982902781,0.03660190512447292,0.052365178131546154,0.052365178131546154,0.03697082896709378,0.026538004704554898,0.029858629846370097,True,1.0,1.0,1.0,1.0,1.0,cdar,0.9804948856193927,1.0
2019-10-01,0.061399401979152335,0.061399401979152335,0.03828693439384707,0.0520675578266219,0.0520675578266219,0.03859011610117006,0.02311246758530526,0.029747655008832606,True,1.0,0.6920291682825398,1.0,1.0,1.0,cdar,1.0,0.6920291682825398
2019-11-01,0.06340288811354886,0.06340288811354886,0.04323808605743376,0.05270731637291349,0.05270731637291349,0.04018482732516474,0.020164802056115094,0.030853422048474723,True,1.0,1.0,1.0,1.0,1.0,cdar,0.9721954929972315,1.0
2019-12-02,0.06397978868992175,0.06397978868992175,0.04275850838521127,0.05287342604734376,0.05287342604734376,0.039416939572680894,0.02122128030471048,0.030540133069626708,True,1.0,1.0,1.0,1.0,1.0,cdar,0.9612881987861432,1.0
2020-01-02,0.06625239720835556,0.06625239720835556,0.04542087918626168,0.053948084889124746,0.053948084889124746,0.04099051350797931,0.020831518022093876,0.0310711123073452,True,1.0,1.0,0.9934217343968121,1.0,1.0,cdar,1.0,1.0
2020-02-03,0.06090132152513348,0.06090132152513348,0.04008683585578736,0.051084905655854544,0.051084905655854544,0.03789604915625413,0.020814485669346114,0.02957760646966958,True,1.0,1.0,1.0,1.0,1.0,cdar,1.0,1.0
2020-03-02,0.06398010489428912,0.06398010489428912,0.039639677426507286,0.05280495532323114,0.05280495532323114,0.037707897914400754,0.024340427467781825,0.030874382759282275,True,1.0,1.0,1.0,1.0,1.0,cdar,1.0,1.0
2020-04-01,0.06564856424738501,0.06564856424738501,0.043585906221818814,0.052558686197922144,0.052558686197922144,0.038744785706120076,0.02206265802556618,0.0311870682156073,True,1.0,0.5179480764346095,1.0,1.0,1.0,cdar,0.9727727925584867,0.5179480764346095
2020-05-01,0.07736288419643979,0.07736288419643979,0.0576829496136534,0.06586677653619574,0.06586677653619574,0.053560733697456266,0.019679934582786395,0.03773527345846043,True,1.0,0.3,1.0,1.0,1.0,cdar,0.9684307060032581,0.3
2020-06-01,0.0901962346512674,0.0901962346512674,0.06731386067158948,0.0763191413784283,0.0763191413784283,0.06126134930975038,0.022882373979677923,0.043007710552184907,True,1.0,0.3,1.0,1.0,1.0,cdar,1.0,0.3
2020-07-01,0.09408276627420202,0.09408276627420202,0.0674447190526248,0.07757441561031637,0.07757441561031637,0.06060100323743513,0.026638047221577213,0.044404893734855046,True,1.0,0.5705494074859598,1.0,1.0,1.0,cdar,0.9970522321623755,0.5705494074859598
2020-08-03,0.09130399864478606,0.09130399864478606,0.06307237373987101,0.07954353688097346,0.07954353688097346,0.06164466163413397,0.028231624904915032,0.04575591959694613,True,1.0,0.5039509509979887,1.0,1.0,1.0,cdar,0.9832030857733391,0.5039509509979887
2020-09-01,0.09651196731953282,0.09651196731953282,0.06832716371277388,0.08237554477236726,0.08237554477236726,0.06545380207589561,0.028184803606758915,0.04711339760005233,True,1.0,0.9876347570093693,1.0,1.0,1.0,cdar,1.0,0.9876347570093693
2020-10-01,0.09810776552005564,0.09810776552005564,0.06955098309248739,0.0829784732039582,0.0829784732039582,0.0656159949025974,0.028556782427568258,0.04737477448584205,True,1.0,1.0,1.0,1.0,1.0,cdar,1.0,1.0
2020-11-02,0.10066531578584836,0.10066531578584836,0.07486672150442723,0.08450025460738647,0.08450025460738647,0.06830383525860417,0.025798594281421137,0.04906837207778688,True,1.0,0.5384737621109525,1.0,1.0,1.0,cdar,0.9838692703382708,0.5384737621109525
2020-12-01,0.10167664401449324,0.10167664401449324,0.07678602372229246,0.08641450833445397,0.08641450833445397,0.07076554285970574,0.024890620292200773,0.04976499933535949,True,1.0000000000000002,0.6874260323730418,1.0,1.0,1.0,cdar,0.9869050318048141,0.6874260323730418
2021-01-04,0.10554294756631707,0.10554294756631707,0.07736821305016935,0.09004825000972672,0.09004825000972672,0.07283108425182841,0.028174734516147715,0.05052694402404663,True,1.0,0.8756667748073763,1.0,1.0,1.0,cdar,0.9785747267149085,0.8756667748073763
2021-02-01,0.10342882420077273,0.10342882420077273,0.08038945004396039,0.08796509559363326,0.08796509559363326,0.07340329580674049,0.02303937415681235,0.050688923605961486,True,1.0,1.0,1.0,1.0,1.0,cdar,1.0,1.0
2021-03-01,0.18914956170751743,0.18914956170751743,0.03508076727714188,0.1570675443877362,0.1570675443877362,0.07722264407933858,0.15406879443037552,0.08885113303595081,True,1.0,0.380118510100829,1.0,1.0,1.0,cdar,1.0,0.380118510100829
2021-04-01,0.13878864307899363,0.13878864307899363,0.057995620488165756,0.12013384356918928,0.12013384356918928,0.07472116489159074,0.08079302259082792,0.06830864283533863,True,1.0,0.4193317543989143,1.0,1.0,1.0,cdar,1.0,0.4193317543989143
2021-05-03,0.1445581333810794,0.1445581333810794,0.08059007803016538,0.12032135534931716,0.12032135534931716,0.08160686489856618,0.06396805535091404,0.07089453637218467,True,1.0,0.3057925896007599,1.0,1.0,1.0,cdar,0.9380910944393628,0.3057925896007599
2021-06-01,0.1524634292868866,0.1524634292868866,0.09079251737832425,0.12516040836547157,0.12516040836547157,0.08792659565343879,0.06167091190856239,0.06948773739689783,True,1.0,0.5378481562282521,1.0,1.0,1.0,cdar,0.9672893978515453,0.5378481562282521
2021-07-01,0.14549804461544685,0.14549804461544685,0.09040992142343555,0.12187629160017699,0.12187629160017699,0.08780501917261145,0.055088123192011305,0.06933664510966657,True,1.0,0.4896328373886998,1.0,1.0,1.0,cdar,0.9709113349094539,0.4896328373886998
2021-08-02,0.13630574664444645,0.13630574664444645,0.0912456730623056,0.11871914673425904,0.11871914673425904,0.09119970438804,0.04506007358214084,0.06896787034134445,True,1.0,0.805999836768403,1.0,1.0,1.0,cdar,1.0,0.805999836768403
2021-09-01,0.14846357298606402,0.14846357298606402,0.047225200668095636,0.12838343135433927,0.12838343135433927,0.07162914404998975,0.10123837231796838,0.0728025932912017,True,1.0,,,,,,,
2021-10-01,0.15024863493390836,0.15024863493390836,0.05583915781900656,0.12332147574523014,0.12332147574523014,0.07102783224260048,0.0944094771149018,0.07180895301288456,True,1.0,,,,,,,
2021-11-01,0.14719859295672605,0.14719859295672605,0.06471888063605429,0.12359583238708237,0.12359583238708237,0.07531297977456465,0.08247971232067174,0.07112358422618006,True,1.0,,,,,,,
2021-12-01,0.138819848522194,0.138819848522194,0.05694353162910502,0.1179041921220889,0.1179041921220889,0.06970629010728915,0.08187631689308901,0.06786615150722614,True,1.0,,,,,,,
2022-01-03,0.1409217252950516,0.1409217252950516,0.05337053984820745,0.11741707840610435,0.11741707840610435,0.06806724784107529,0.08755118544684416,0.06815521153946934,True,1.0,,,,,,,
2022-02-01,0.13701294471789738,0.13701294471789738,0.052989708360231765,0.1179210331052237,0.1179210331052237,0.07092732631181507,0.08402323635766559,0.06715385747065979,True,1.0,,,,,,,
2022-03-01,0.11996962933251265,0.11996962933251265,0.05202526695431686,0.10579103141922924,0.10579103141922924,0.06744013843574227,0.06794436237819579,0.060623728553545884,True,0.9999999999999999,,,,,,,
2022-04-01,0.13563280385907267,0.13563280385907267,0.07424154705258815,0.11113030942785246,0.11113030942785246,0.07403895383166047,0.06139125680648451,0.062323052631391984,True,1.0,,,,,,,
2022-05-02,0.14902274065231125,0.14902274065231125,0.05831246186826429,0.12319277474266352,0.12319277474266352,0.07310981871257588,0.09071027878404696,0.07362296166800691,True,1.0,,,,,,,
2022-06-01,0.15299423841485513,0.15299423841485513,0.05751935433063256,0.12823029957638432,0.12823029957638432,0.07619063825895812,0.09547488408422257,0.07576434733258353,True,1.0,,,,,,,
2022-07-01,0.16005910828106898,0.16005910828106898,0.054711629366536896,0.13503721251838918,0.13503721251838918,0.07755952313657843,0.1053474789145321,0.07998114399550672,True,1.0000000000000002,,,,,,,
2022-08-01,0.16646557204071388,0.16646557204071388,0.06812193462414591,0.1407791238479374,0.1407791238479374,0.08582753168113774,0.09834363741656799,0.08182306503978594,True,1.0,,,,,,,
2022-09-01,0.16509068535079297,0.16509068535079297,0.05832866921272448,0.14413983353135545,0.14413983353135545,0.08504662321356307,0.1067620161380685,0.07888546487121818,True,1.0,,,,,,,
2022-10-03,0.17079622720930923,0.17079622720930923,0.05798343374481562,0.14707277313756953,0.14707277313756953,0.08515819126957481,0.11281279346449363,0.07988913685935234,True,1.0,,,,,,,
2022-11-01,0.1718687182988302,0.1718687182988302,0.05774090914568238,0.14795613560584703,0.14795613560584703,0.08431562552479807,0.11412780915314776,0.08544290111772243,True,1.0,,,,,,,
2022-12-01,0.17001630676961021,0.17001630676961021,0.06802319245722034,0.14415888355885514,0.14415888355885514,0.08656142475559257,0.10199311431238989,0.0834324829875825,True,1.0,,,,,,,
2023-01-03,0.1907440093577463,0.1907440093577463,0.07580466224046213,0.15474918564494208,0.15474918564494208,0.08920411426292171,0.11493934711728418,0.09035627530496793,True,1.0,,,,,,,
2023-02-01,0.19665893304255688,0.19665893304255688,0.07234433206817174,0.1613958223701538,0.1613958223701538,0.09073650628302722,0.12431460097438521,0.09276738799948918,True,1.0,,,,,,,
2023-03-01,0.1849115598820741,0.1849115598820741,0.07618071496620445,0.15110016693626394,0.15110016693626394,0.08868430591083303,0.10873084491586964,0.08799831221656526,True,1.0,,,,,,,
2023-04-03,0.18218830923634563,0.18218830923634563,0.05896185361261438,0.15473391661371982,0.15473391661371982,0.08602271504494392,0.12322645562373126,0.08772774411785714,True,1.0,,,,,,,
2023-05-01,0.13894689785585615,0.13894689785585615,0.05070251276899885,0.12472956938231212,0.12472956938231212,0.07596976913417762,0.08824438508685728,0.06712806025003715,True,1.0,,,,,,,
2023-06-01,0.14111750276977586,0.14111750276977586,0.05166564575454868,0.11891991383600972,0.11891991383600972,0.0681821482998415,0.08945185701522718,0.06676190652669611,True,1.0,,,,,,,
2023-07-03,0.1144265910330616,0.1144265910330616,0.05020166663727117,0.09680773220339407,0.09680773220339407,0.05967835138581805,0.06422492439579043,0.05718044675880658,True,1.0,,,,,,,
2023-08-01,0.13458255632177074,0.13458255632177074,0.055456933939457435,0.11269385326007364,0.11269385326007364,0.06767908412945238,0.07912562238231328,0.0642259275175,True,1.0,,,,,,,
2023-09-01,0.13440814992683905,0.13440814992683905,0.05446296262684457,0.11423044844611491,0.11423044844611491,0.06744767815665088,0.07994518729999446,0.06572590376522242,True,1.0,,,,,,,
2023-10-02,0.1357822202092568,0.1357822202092568,0.05587794061047057,0.11573207103718638,0.11573207103718638,0.07162627116823073,0.07990427959878622,0.06592442058872258,True,1.0000000000000002,,,,,,,
2023-11-01,0.12055610715472896,0.12055610715472896,0.03880153031778725,0.10799204301730814,0.10799204301730814,0.06340840217383081,0.08175457683694172,0.06359476604087802,True,1.0,,,,,,,
2023-12-01,0.13873734346212535,0.13873734346212535,0.0611452075423976,0.11344691556254177,0.11344691556254177,0.06872632548676798,0.07759213591972776,0.06555365241725016,True,1.0,,,,,,,
2024-01-02,0.13244969214417973,0.13244969214417973,0.05560253519221323,0.11142935582292168,0.11142935582292168,0.0682836191821148,0.07684715695196652,0.06529255753744928,True,1.0,,,,,,,
2024-02-01,0.1291864195651474,0.1291864195651474,0.053044476547268335,0.11266168650947926,0.11266168650947926,0.07124067792296927,0.07614194301787906,0.06456264758297203,True,1.0,,,,,,,
2024-03-01,0.13252697847010503,0.13252697847010503,0.06222321933224983,0.11010360382728722,0.11010360382728722,0.06861935241093121,0.0703037591378552,0.06413035415123902,True,1.0,,,,,,,
2024-04-01,0.13007184524576473,0.13007184524576473,0.05388002540156242,0.11305253249674399,0.11305253249674399,0.0685497719441518,0.07619181984420231,0.06530540302625268,True,1.0,,,,,,,
2024-05-01,0.13007339443421637,0.13007339443421637,0.04968808285097635,0.11139246952337693,0.11139246952337693,0.06562765131250607,0.08038531158324,0.06379351817883858,True,1.0,,,,,,,
2024-06-03,0.12658627089423574,0.12658627089423574,0.04174122908355526,0.10905782079234978,0.10905782079234978,0.061459039452404274,0.08484504181068048,0.06237502152742157,True,1.0,,,,,,,
2024-07-01,0.11738929287523185,0.11738929287523185,0.04258956756619046,0.10208167251730679,0.10208167251730679,0.06087633314646327,0.07479972530904139,0.05834561908279888,True,1.0,,,,,,,
2024-08-01,0.11909469555745485,0.11909469555745485,0.03299265008061372,0.10348287844726414,0.10348287844726414,0.0577935744575028,0.08610204547684112,0.059169961089276225,True,1.0,,,,,,,
2024-09-03,0.12680227824263723,0.12680227824263723,0.037389828493303245,0.1069209905940842,0.1069209905940842,0.057689216618485153,0.08941244974933397,0.063956762093749,True,1.0,,,,,,,
2024-10-01,0.1346379404830964,0.1346379404830964,0.05770572817482754,0.1142482733533003,0.1142482733533003,0.06938686556981155,0.07693221230826885,0.06417283261228389,True,1.0,,,,,,,
2024-11-01,0.13446776574501246,0.13446776574501246,0.060826065265089165,0.11024088267456662,0.11024088267456662,0.06728812017008778,0.07364170047992326,0.0630152543406728,True,1.0,,,,,,,
2024-12-02,0.11997448136887508,0.11997448136887508,0.06165930717963368,0.10251128622657403,0.10251128622657403,0.06726401753235378,0.058315174189241405,0.05831614081056998,True,1.0,,,,,,,
2025-01-02,0.12803323204824957,0.12803323204824957,0.04560324545292074,0.11122921790838977,0.11122921790838977,0.0654217368839013,0.08242998659532884,0.06508298617040013,True,1.0,,,,,,,
2025-02-03,0.12029271599525403,0.12029271599525403,0.03178413458727607,0.10227067594280638,0.10227067594280638,0.05538999753864262,0.08850858140797797,0.05915523313979076,True,1.0,,,,,,,
2025-03-03,0.1465969908904861,0.1465969908904861,0.051318819283442105,0.11961059571790898,0.11961059571790898,0.06585479595382825,0.09527817160704402,0.07089620552789899,True,1.0,,,,,,,
2025-04-01,0.13216409894199338,0.13216409894199338,0.04210333383591212,0.11237184449018095,0.11237184449018095,0.06359470964435297,0.09006076510608127,0.06410534117359916,True,1.0,,,,,,,
2025-05-01,0.12767742097656426,0.12767742097656426,0.05797979627723355,0.10652503337437036,0.10652503337437036,0.06578586229755337,0.0696976246993307,0.06228036553756729,True,1.0,,,,,,,
2025-06-02,0.120173478815202,0.120173478815202,0.03608248603161523,0.10267655859435883,0.10267655859435883,0.05748788110739014,0.08409099278358678,0.05924311025758218,True,1.0,,,,,,,
2025-07-01,0.10920030888783101,0.10920030888783101,0.025375056133946285,0.0936018757427319,0.0936018757427319,0.04936216844415515,0.08382525275388471,0.05402639851489308,True,1.0,,,,,,,
2025-08-01,0.1455139352021868,0.1455139352021868,0.02872642831192518,0.1214212860496604,0.1214212860496604,0.06072239183033898,0.1167875068902616,0.07076192351461688,True,1.0,,,,,,,
2025-09-02,0.10716413585164819,0.10716413585164819,0.011057583323761656,0.08972323827138338,0.08972323827138338,0.04118415839574831,0.09610655252788655,0.05240892534094088,True,1.0,,,,,,,
2025-10-01,0.10547045230364914,0.10547045230364914,-0.0106578177740848,0.08917538429287412,0.08917538429287412,0.035222638678212854,0.11612827007773392,0.049686225547880554,True,1.0,,,,,,,
2025-11-03,0.1323065077637836,0.1323065077637836,0.015927571877871357,0.11102645938547241,0.11102645938547241,0.05213196833080782,0.11637893588591225,0.06228884503250283,True,1.0,,,,,,,
2025-12-01,0.12174786509029097,0.12174786509029097,0.019740725977173478,0.10657185804157025,0.10657185804157025,0.05419687383207318,0.1020071391131175,0.06085269014962456,True,1.0,,,,,,,
