target,conditioning_signal,incremental_signal,n,coef_incremental_standardized,hac_t_incremental,raw_pvalue_incremental,adjusted_r2,p_fdr_bh,p_fdr_by,reject_fdr_by_5pct
next_realized_return,backward_vol_timer,forward_cvar_timer,29,-0.008272158258918635,-3.2567374038248067,0.0011270064203742828,-0.011742290243452969,0.008565248794844549,0.05583430556289371,False
next_realized_return,backward_vol_timer,conviction_timer,29,-0.0029176722999315003,-0.5009907085327225,0.6163776620675754,-0.03433489556877389,0.7555597147925117,1.0,False
next_realized_return,backward_vol_timer,portfolio_risk_reward,29,-0.009444477886805325,-1.2821670721037706,0.19978404444921616,-0.009340535848293197,0.39747610937540384,1.0,False
next_realized_return,backward_vol_timer,portfolio_garch_vol,29,0.018968623299773807,3.127237606021705,0.001764572541626213,0.0232127926985618,0.011560992514102773,0.07536266652654265,False
next_realized_return,backward_vol_timer,portfolio_realized_vol,29,0.021428754139847798,2.4190321088189495,0.015561866493224911,0.037005858123247415,0.07039891985030317,0.45890958877754684,False
next_realized_return,backward_vol_timer,portfolio_vol_regime,29,-0.010625888183065832,-1.765785480656917,0.07743184530522655,-0.011215964072100348,0.24520084346655074,1.0,False
next_realized_return,backward_vol_timer,forward_model_cvar,29,0.0017977607647910953,0.22049777103113732,0.8254835081243561,-0.03615001468506951,0.9013900376070556,1.0,False
next_realized_return,backward_vol_timer,historical_cvar_target,29,0.012922252563217258,1.2947806813261953,0.19539589813370561,0.007439665028460052,0.39694616185869175,1.0,False
next_realized_return,backward_vol_timer,composite_quality,29,-0.010105732726428954,-1.5870929315638727,0.11249159855689478,-0.007069071412038719,0.2956297309761707,1.0,False
next_realized_return,backward_vol_timer,forward_model_cvar_raw,29,-0.00020918372146985236,-0.0251556842582379,0.9799307845977575,-0.037177900963668575,0.9825163539502583,1.0,False
next_realized_return,backward_vol_timer,portfolio_scenario_mean,29,0.006000021589388642,1.1708298618767135,0.2416671720582495,-0.02304740858158949,0.44985775818018886,1.0,False
next_realized_return,backward_vol_timer,forward_risk_timer,29,-0.008272158258918635,-3.2567374038248067,0.0011270064203742828,-0.011742290243452969,0.008565248794844549,0.05583430556289371,False
next_realized_return,backward_vol_timer,forward_model_cdar,29,0.001956936645526666,0.24071937679396846,0.8097726199962372,-0.03594830662870452,0.8893456520189887,1.0,False
next_realized_return,backward_vol_timer,forward_model_cdar_raw,29,0.00028857969670973544,0.03499734141563134,0.9720818608191396,-0.03716489810136725,0.977225151088024,1.0,False
next_realized_return,backward_vol_timer,historical_cdar_target,29,0.012101313436206337,1.2872111088223113,0.19802071632156693,0.00454979445612691,0.39746777293444363,1.0,False
next_realized_return,backward_vol_timer,asset_mean_efficiency_ratio,29,-0.006365556721855426,-0.5201560925675535,0.6029547853273858,-0.023793041400717696,0.748767380471917,1.0,False
next_realized_return,backward_vol_timer,asset_mean_atr_vol_regime,29,0.007915521292458743,1.2919227722488025,0.19638389060377381,-0.019776411047306652,0.39694616185869175,1.0,False
next_realized_return,backward_vol_timer,asset_mean_liquidity_score,29,0.00535313686955462,0.8545668176549926,0.39279100406652445,-0.02655108062934297,0.6092268634501196,1.0,False
next_realized_return,backward_vol_timer,asset_mean_breakout_strength,29,0.008097915478757102,0.5669539130140637,0.5707454938163821,-0.017024616474020204,0.7328712319636839,1.0,False
next_realized_return,forward_cvar_timer,backward_vol_timer,29,-0.01215382637336871,-1.8368657865361795,0.06622971117454791,-0.011742290243452969,0.22042221161371195,1.0,False
next_realized_return,forward_cvar_timer,conviction_timer,29,-0.006329406294863364,-0.8945369832469127,0.3710346513384558,-0.050671476666688475,0.6090072229104231,1.0,False
next_realized_return,forward_cvar_timer,portfolio_risk_reward,29,-0.012186367347871731,-1.4731364081898415,0.14071425793970962,-0.007347476111278173,0.3146975287764086,1.0,False
next_realized_return,forward_cvar_timer,portfolio_garch_vol,29,0.01728497943975144,6.775806836573456,1.2371387904715789e-11,0.047899432449460266,2.350563701896e-09,1.532262461023933e-08,True
next_realized_return,forward_cvar_timer,portfolio_realized_vol,29,0.01804398573740256,5.32338357618376,1.0185465181915804e-07,0.05847870333277372,3.870476769128006e-06,2.523048515901245e-05,True
next_realized_return,forward_cvar_timer,portfolio_vol_regime,29,0.0010802035250588688,0.19028800864743525,0.8490834496927642,-0.06622182518731923,0.9140275095842786,1.0,False
next_realized_return,forward_cvar_timer,forward_model_cvar,29,0.007908509272194077,0.8754736854013724,0.3813162221578018,-0.04368545395427481,0.6092268634501196,1.0,False
next_realized_return,forward_cvar_timer,historical_cvar_target,29,0.018151009936445077,1.6793985969470149,0.09307438655965518,0.050053579428811834,0.26592681874187196,1.0,False
next_realized_return,forward_cvar_timer,composite_quality,29,-0.012382038808532168,-1.7055882544135563,0.08808476776586463,-0.005475468986151366,0.25991767806136085,1.0,False
next_realized_return,forward_cvar_timer,forward_model_cvar_raw,29,0.005705200578786334,0.617297548513503,0.537038483519338,-0.05433236689503551,0.703705599094305,1.0,False
next_realized_return,forward_cvar_timer,portfolio_scenario_mean,29,0.009439957348927745,1.755457530864516,0.07918107886928667,-0.033990980868823906,0.24662958992072898,1.0,False
next_realized_return,forward_cvar_timer,forward_risk_timer,29,-0.0025307960012464154,-1.954972578874019,0.05058630691348438,-0.02717327346219567,0.18134713799173646,1.0,False
next_realized_return,forward_cvar_timer,forward_model_cdar,29,0.008085189238331347,0.8841358404163132,0.37662288785249853,-0.042785911634204865,0.6090072229104231,1.0,False
next_realized_return,forward_cvar_timer,forward_model_cdar_raw,29,0.006317482351782715,0.6766242472526567,0.4986443907786612,-0.05181869308622988,0.675577642392312,1.0,False
next_realized_return,forward_cvar_timer,historical_cdar_target,29,0.01755690834922228,1.7080292382162026,0.08763091742005458,0.04310995458605493,0.25991767806136085,1.0,False
next_realized_return,forward_cvar_timer,asset_mean_efficiency_ratio,29,-0.009749648139484219,-0.834231195996155,0.404150715041544,-0.028812543243518007,0.6125082916520824,1.0,False
next_realized_return,forward_cvar_timer,asset_mean_atr_vol_regime,29,0.011598389698151931,2.9211798861296714,0.0034870842210298473,-0.013390304957401122,0.01920423194190351,0.12518666766461214,False
next_realized_return,forward_cvar_timer,asset_mean_liquidity_score,29,0.009545078079558619,1.4167359304916207,0.15656014786704664,-0.032624170882739056,0.33082843314300825,1.0,False
next_realized_return,forward_cvar_timer,asset_mean_breakout_strength,29,0.0008140368738022803,0.0816394333378318,0.9349334426709757,-0.0664192189041315,0.9617547842736106,1.0,False
next_realized_return,conviction_timer,backward_vol_timer,29,-0.008799495522917266,-1.4674172622384363,0.14226258143492065,-0.03433489556877389,0.3146975287764086,1.0,False
next_realized_return,conviction_timer,forward_cvar_timer,29,-0.004914328208293512,-1.6976724579274074,0.08956959879395619,-0.05067147666668803,0.25991767806136085,1.0,False
next_realized_return,conviction_timer,portfolio_risk_reward,29,-0.011245044559039345,-1.4823316965650808,0.1382520583994157,-0.01140817879961653,0.3146975287764086,1.0,False
next_realized_return,conviction_timer,portfolio_garch_vol,29,0.01571423303396507,4.161341698624549,3.1638327559209714e-05,0.019887857752838745,0.0005227201944565084,0.0034074572449952515,True
next_realized_return,conviction_timer,portfolio_realized_vol,29,0.01679315434972585,3.49643832831377,0.00047151347127515726,0.03034030987506464,0.0042660742639180895,0.027809267390921415,True
next_realized_return,conviction_timer,portfolio_vol_regime,29,-0.0044703470023024754,-0.6751635083687564,0.49957188819010445,-0.054714536160526794,0.675577642392312,1.0,False
next_realized_return,conviction_timer,forward_model_cvar,29,0.005213909839560542,0.6483636015914503,0.516749806405651,-0.049574491689255096,0.6889997418742014,1.0,False
next_realized_return,conviction_timer,historical_cvar_target,29,0.013818145952439303,1.5135570056980334,0.13013823262846924,0.015000365815594718,0.3105938008916518,1.0,False
next_realized_return,conviction_timer,composite_quality,29,-0.01769260295487709,-2.076051082866086,0.03788922670627479,-0.0056874479764637,0.14691740967739203,0.9577108313974223,False
next_realized_return,conviction_timer,forward_model_cvar_raw,29,0.0032934206681189114,0.3929580667964752,0.6943504529766338,-0.05610372900291427,0.8143616423800026,1.0,False
next_realized_return,conviction_timer,portfolio_scenario_mean,29,0.008488216020275692,1.585705717617537,0.11280608155669672,-0.032286099444127414,0.2956297309761707,1.0,False
next_realized_return,conviction_timer,forward_risk_timer,29,-0.004914328208293512,-1.6976724579274074,0.08956959879395619,-0.05067147666668803,0.25991767806136085,1.0,False
next_realized_return,conviction_timer,forward_model_cdar,29,0.005344998380381035,0.6576487279898389,0.5107638754852011,-0.04900290255597417,0.6834164531140015,1.0,False
next_realized_return,conviction_timer,forward_model_cdar_raw,29,0.0037919709059112397,0.4547803530615469,0.649267266094569,-0.054668013999997545,0.7758539657733843,1.0,False
next_realized_return,conviction_timer,historical_cdar_target,29,0.01351330346322454,1.4970216408837629,0.13438762713870409,0.012144983818144883,0.3124596145933132,1.0,False
next_realized_return,conviction_timer,asset_mean_efficiency_ratio,29,-0.008339643287481234,-0.7135568656258325,0.47550123803196465,-0.034141493144288715,0.667693447306591,1.0,False
next_realized_return,conviction_timer,asset_mean_atr_vol_regime,29,0.01016542623101075,1.8007959077919184,0.07173505412629205,-0.02737588533441393,0.23298564588026477,1.0,False
next_realized_return,conviction_timer,asset_mean_liquidity_score,29,0.007643704592919537,1.1484983109280675,0.25076290989842676,-0.03696242983251241,0.4582958118661479,1.0,False
next_realized_return,conviction_timer,asset_mean_breakout_strength,29,0.004591459109529374,0.3777800947227456,0.7055939619384926,-0.05313625192297056,0.8250021708819297,1.0,False
next_realized_return,portfolio_risk_reward,backward_vol_timer,29,-0.005548531130267029,-0.8558801551477393,0.3920640728190389,-0.009340535848293197,0.6092268634501196,1.0,False
next_realized_return,portfolio_risk_reward,forward_cvar_timer,29,-0.005389712314424422,-2.209178415419099,0.027162233595754967,-0.007347476111278173,0.11597358164479649,0.7559972336911305,False
next_realized_return,portfolio_risk_reward,conviction_timer,29,-0.004416493967170944,-0.6704421388056364,0.5025759798271932,-0.01140817879961653,0.6772300437387709,1.0,False
next_realized_return,portfolio_risk_reward,portfolio_garch_vol,29,0.013241304692586569,4.367354174162913,1.2576070707887265e-05,0.04579576309300626,0.00022756699376176958,0.0014834414469514976,True
next_realized_return,portfolio_risk_reward,portfolio_realized_vol,29,0.014029080299198105,4.256683863910572,2.0748141354170097e-05,0.05295038937652763,0.0003583769870265744,0.002336152828671465,True
next_realized_return,portfolio_risk_reward,portfolio_vol_regime,29,-0.0012460570536257437,-0.2119310540046439,0.8321608232413114,-0.018343530000441532,0.9034888938048523,1.0,False
next_realized_return,portfolio_risk_reward,forward_model_cvar,29,-0.0041311299963963915,-0.47220535781592743,0.6367802158122213,-0.01521671520381318,0.7681793079639495,1.0,False
next_realized_return,portfolio_risk_reward,historical_cvar_target,29,0.01163041121718977,1.2520571560297167,0.21054903788918033,0.008947576382705269,0.4103006892199412,1.0,False
next_realized_return,portfolio_risk_reward,composite_quality,29,-0.011695032952793106,-1.6415947949033785,0.10067400709577215,0.03540039013366281,0.277218280408648,1.0,False
next_realized_return,portfolio_risk_reward,forward_model_cvar_raw,29,-0.010576897494926959,-1.0256516098171986,0.3050558312349424,0.0009404115143164526,0.5221676390508023,1.0,False
next_realized_return,portfolio_risk_reward,portfolio_scenario_mean,29,0.007409518283175921,1.660935944461597,0.09672631224364184,0.0029908663215333364,0.2742984974073425,1.0,False
next_realized_return,portfolio_risk_reward,forward_risk_timer,29,-0.005389712314424422,-2.209178415419099,0.027162233595754967,-0.007347476111278173,0.11597358164479649,0.7559972336911305,False
next_realized_return,portfolio_risk_reward,forward_model_cdar,29,-0.0038060676009391502,-0.4416630208400988,0.6587330727308551,-0.015733885768927536,0.7822455238678905,1.0,False
next_realized_return,portfolio_risk_reward,forward_model_cdar_raw,29,-0.008158405926924994,-0.8432317277945192,0.39909885713376625,-0.005842911182549093,0.6125082916520824,1.0,False
next_realized_return,portfolio_risk_reward,historical_cdar_target,29,0.010799291608533053,1.2647022107322683,0.20597809718407334,0.005526435404482499,0.40346225221622617,1.0,False
next_realized_return,portfolio_risk_reward,asset_mean_efficiency_ratio,29,-0.007380157489495432,-0.7039849963716464,0.48144211726843666,0.0020293794041297275,0.667693447306591,1.0,False
next_realized_return,portfolio_risk_reward,asset_mean_atr_vol_regime,29,0.00979626371682411,2.4813353066461623,0.013089118124458326,0.018947846616227837,0.06032661626060795,0.39325124191344024,False
next_realized_return,portfolio_risk_reward,asset_mean_liquidity_score,29,0.0013090936509147612,0.20876238888357807,0.8346337336934035,-0.01848231203477102,0.9035920763632288,1.0,False
next_realized_return,portfolio_risk_reward,asset_mean_breakout_strength,29,0.002258426791742072,0.23628211201188928,0.8132137665543648,-0.016923211894122492,0.8905510988203419,1.0,False
next_realized_return,portfolio_garch_vol,backward_vol_timer,29,0.004478738067110443,0.4782746999324001,0.6324547011384211,0.0232127926985618,0.7672017751599024,1.0,False
next_realized_return,portfolio_garch_vol,forward_cvar_timer,29,-0.008552918041134226,-3.1885103593797126,0.0014300788565166337,0.047899432449460266,0.01009692422238428,0.06581884143485857,False
next_realized_return,portfolio_garch_vol,conviction_timer,29,0.00036209692538674825,0.05817138044914003,0.9536121171994766,0.019887857752838745,0.9695585755001518,1.0,False
next_realized_return,portfolio_garch_vol,portfolio_risk_reward,29,-0.008382758105646695,-1.2292746353954116,0.21896885392671905,0.04579576309300626,0.42024325501087495,1.0,False
next_realized_return,portfolio_garch_vol,portfolio_realized_vol,29,0.037227072014094434,0.5662860779596632,0.5711993229382275,0.03488532172099024,0.7328712319636839,1.0,False
next_realized_return,portfolio_garch_vol,portfolio_vol_regime,29,-0.022894892517946998,-2.006824055076519,0.0447684005736606,0.11949278715098677,0.16843556651476266,1.0,False
next_realized_return,portfolio_garch_vol,forward_model_cvar,29,0.00395024097055757,0.5036720716689798,0.6144918372225023,0.025986290139493273,0.7555597147925117,1.0,False
next_realized_return,portfolio_garch_vol,historical_cvar_target,29,0.010077346526602768,1.1482711261690925,0.25085665491620723,0.05516394594498786,0.4582958118661479,1.0,False
next_realized_return,portfolio_garch_vol,composite_quality,29,-0.0073918995961105675,-1.1348655546063033,0.25643165419725766,0.03795695635436591,0.45894208762485894,1.0,False
next_realized_return,portfolio_garch_vol,forward_model_cvar_raw,29,0.001961566096302293,0.25496478509616977,0.7987502979545245,0.02134851412107408,0.8849128665385403,1.0,False
next_realized_return,portfolio_garch_vol,portfolio_scenario_mean,29,0.007915861120443752,1.4076069201966734,0.15924749717322517,0.04484829678550439,0.3324947743177229,1.0,False
next_realized_return,portfolio_garch_vol,forward_risk_timer,29,-0.008552918041134226,-3.1885103593797126,0.0014300788565166337,0.047899432449460266,0.01009692422238428,0.06581884143485857,False
next_realized_return,portfolio_garch_vol,forward_model_cdar,29,0.004105527827685757,0.5168367881038319,0.6052700969634273,0.02648770565077141,0.7491942568276949,1.0,False
next_realized_return,portfolio_garch_vol,forward_model_cdar_raw,29,0.0025724513150489877,0.32668712635673197,0.7439045381582758,0.022446054683158523,0.8463584565872599,1.0,False
next_realized_return,portfolio_garch_vol,historical_cdar_target,29,0.010376439765138627,1.1893032291881547,0.23432036508679877,0.059394370748326875,0.44080068679694817,1.0,False
next_realized_return,portfolio_garch_vol,asset_mean_efficiency_ratio,29,-0.0067664916897485754,-0.588961861698462,0.5558868578976421,0.037525874282075766,0.7259003642649623,1.0,False
next_realized_return,portfolio_garch_vol,asset_mean_atr_vol_regime,29,-0.010693749190464275,-1.0155821271296344,0.30982841945249606,0.03079442732817017,0.5256017829997701,1.0,False
next_realized_return,portfolio_garch_vol,asset_mean_liquidity_score,29,0.0087077871349609,1.173164388264752,0.24072988985018706,0.05002686121541178,0.44985775818018886,1.0,False
next_realized_return,portfolio_garch_vol,asset_mean_breakout_strength,29,0.011582864604711586,0.6873876688108315,0.4918384661964468,0.06111389528610889,0.675577642392312,1.0,False
next_realized_return,portfolio_realized_vol,backward_vol_timer,29,0.006572548091325807,0.5748040962455094,0.5654237961077806,0.03700585812324719,0.7308198725202606,1.0,False
next_realized_return,portfolio_realized_vol,forward_cvar_timer,29,-0.008603319281611985,-2.925934811294213,0.0034342289095562824,0.05847870333277394,0.01920423194190351,0.12518666766461214,False
next_realized_return,portfolio_realized_vol,conviction_timer,29,0.0009892327046868467,0.14327225431079496,0.8860751675967785,0.03034030987506453,0.9405267142088711,1.0,False
next_realized_return,portfolio_realized_vol,portfolio_risk_reward,29,-0.007921461798853602,-1.197117534564411,0.23126074640527428,0.05295038937652763,0.43720937131345383,1.0,False
next_realized_return,portfolio_realized_vol,portfolio_garch_vol,29,-0.02116094284703121,-0.32814207155234154,0.7428042450102889,0.03488532172099046,0.8463584565872599,1.0,False
next_realized_return,portfolio_realized_vol,portfolio_vol_regime,29,-0.024572999982077626,-2.2140205604946224,0.026827364599247127,0.1433335745847507,0.11597358164479649,0.7559972336911305,False
next_realized_return,portfolio_realized_vol,forward_model_cvar,29,0.003371203138964627,0.433279962895628,0.6648113929877586,0.03445939485674587,0.7870041412316146,1.0,False
next_realized_return,portfolio_realized_vol,historical_cvar_target,29,0.009547017475813253,1.1177500367195812,0.26367376586587143,0.061221105965128975,0.4638035970466256,1.0,False
next_realized_return,portfolio_realized_vol,composite_quality,29,-0.006922668308172687,-1.038274787774846,0.29914214301378717,0.04582189703679018,0.5167000652056324,1.0,False
next_realized_return,portfolio_realized_vol,forward_model_cvar_raw,29,0.0012460439064883946,0.16438733108348746,0.8694262362348816,0.03062466062923186,0.9280392409248737,1.0,False
next_realized_return,portfolio_realized_vol,portfolio_scenario_mean,29,0.008109138446612957,1.4667574834004924,0.14244203934090074,0.0562409139772545,0.3146975287764086,1.0,False
next_realized_return,portfolio_realized_vol,forward_risk_timer,29,-0.008603319281611985,-2.925934811294213,0.0034342289095562824,0.05847870333277394,0.01920423194190351,0.12518666766461214,False
next_realized_return,portfolio_realized_vol,forward_model_cdar,29,0.00353107017310076,0.4498219326836236,0.6528388418568827,0.03489820156942347,0.7776763633404872,1.0,False
next_realized_return,portfolio_realized_vol,forward_model_cdar_raw,29,0.001914675065223998,0.2470450268661571,0.804873377391846,0.031451633428867254,0.8887236297815101,1.0,False
next_realized_return,portfolio_realized_vol,historical_cdar_target,29,0.009840386874654734,1.1559691405911574,0.24769377972937012,0.06501205050499304,0.45691085581145946,1.0,False
next_realized_return,portfolio_realized_vol,asset_mean_efficiency_ratio,29,-0.006144047640663149,-0.5557679385667219,0.5783695058463838,0.04440466178774427,0.7375181618175364,1.0,False
next_realized_return,portfolio_realized_vol,asset_mean_atr_vol_regime,29,-0.011664948411660372,-0.9471937939635278,0.34354003717684223,0.04424777273243763,0.5750890490185023,1.0,False
next_realized_return,portfolio_realized_vol,asset_mean_liquidity_score,29,0.008163495633039638,1.114986365217903,0.26485626462925727,0.056643224218757116,0.4638035970466256,1.0,False
next_realized_return,portfolio_realized_vol,asset_mean_breakout_strength,29,0.010544586844673095,0.6653860528420416,0.5058036032908659,0.06607636515974302,0.679170916079608,1.0,False
next_realized_return,portfolio_vol_regime,backward_vol_timer,29,-0.016892480073598514,-2.4789601403719854,0.013176603025343316,-0.011215964072100348,0.06032661626060795,0.39325124191344024,False
next_realized_return,portfolio_vol_regime,forward_cvar_timer,29,-0.005206600180481153,-1.9785074648872942,0.04787148729982665,-0.06622182518731945,0.1749150497493666,1.0,False
next_realized_return,portfolio_vol_regime,conviction_timer,29,-0.008884808592802664,-0.9949147269922761,0.319777739587345,-0.054714536160527016,0.5376793851468633,1.0,False
next_realized_return,portfolio_vol_regime,portfolio_risk_reward,29,-0.012207355669725375,-1.5269901557427026,0.126763459294491,-0.018343530000441532,0.3105938008916518,1.0,False
next_realized_return,portfolio_vol_regime,portfolio_garch_vol,29,0.03213877998948957,3.617388844978638,0.0002975900630751128,0.11949278715098677,0.0031412284435706353,0.02047673254590604,True
next_realized_return,portfolio_vol_regime,portfolio_realized_vol,29,0.03425589855478322,3.637888232026248,0.0002748826571170497,0.14333357458475082,0.002984440277270825,0.019454677192289393,True
next_realized_return,portfolio_vol_regime,forward_model_cvar,29,0.005861368514327225,0.7102352194705771,0.47755828392865407,-0.06315119573163352,0.667693447306591,1.0,False
next_realized_return,portfolio_vol_regime,historical_cvar_target,29,0.014380156043332997,1.5090591788034218,0.13128366023491836,0.005810560460041803,0.3105938008916518,1.0,False
next_realized_return,portfolio_vol_regime,composite_quality,29,-0.016902297305394564,-1.8514546278985349,0.06410417635617749,0.006680857447692978,0.22042221161371195,1.0,False
next_realized_return,portfolio_vol_regime,forward_model_cvar_raw,29,0.004260936639813214,0.49748011174065243,0.6188505243875738,-0.06961111094040073,0.7561517661327268,1.0,False
next_realized_return,portfolio_vol_regime,portfolio_scenario_mean,29,0.007726169078103563,1.4489375798161606,0.1473550151783619,-0.05432415703204008,0.3199708901015858,1.0,False
next_realized_return,portfolio_vol_regime,forward_risk_timer,29,-0.005206600180481153,-1.9785074648872942,0.04787148729982665,-0.06622182518731945,0.1749150497493666,1.0,False
next_realized_return,portfolio_vol_regime,forward_model_cdar,29,0.005941499053269271,0.7145130701603633,0.47490997705849314,-0.06278393549695616,0.667693447306591,1.0,False
next_realized_return,portfolio_vol_regime,forward_model_cdar_raw,29,0.004561058640677407,0.537065664797531,0.5912222568281935,-0.06854812908402574,0.7439220450156077,1.0,False
next_realized_return,portfolio_vol_regime,historical_cdar_target,29,0.014065791239694784,1.476926201761755,0.1396954204852899,0.001841361122838947,0.3146975287764086,1.0,False
next_realized_return,portfolio_vol_regime,asset_mean_efficiency_ratio,29,-0.009453359176093365,-0.8309144999310132,0.40602193173866596,-0.04142861212398574,0.6125082916520824,1.0,False
next_realized_return,portfolio_vol_regime,asset_mean_atr_vol_regime,29,0.04925295653776455,3.4356355904944644,0.0005911655576425536,0.1332288736578633,0.004992064708981564,0.03254178285151299,True
next_realized_return,portfolio_vol_regime,asset_mean_liquidity_score,29,0.008071394702084171,1.1682983959347917,0.24268642217615455,-0.05197489581614678,0.44985775818018886,1.0,False
next_realized_return,portfolio_vol_regime,asset_mean_breakout_strength,29,0.002981794755722224,0.17277322140925094,0.8628296866897219,-0.07484924690116124,0.9235923406819558,1.0,False
next_realized_return,forward_model_cvar,backward_vol_timer,29,-0.009177479243272262,-1.4139374954761128,0.1573802554956244,-0.03615001468506973,0.33082843314300825,1.0,False
next_realized_return,forward_model_cvar,forward_cvar_timer,29,-0.007304730865437484,-2.4921303958532106,0.012697941067909925,-0.04368545395427481,0.05957058772599717,0.3883229170945357,False
next_realized_return,forward_model_cvar,conviction_timer,29,-0.005892770130989642,-0.8592317146603102,0.3902126893209169,-0.049574491689255096,0.6092268634501196,1.0,False
next_realized_return,forward_model_cvar,portfolio_risk_reward,29,-0.01481982875459961,-1.7939282844809608,0.07282461622686405,-0.01521671520381318,0.2345199505610876,1.0,False
next_realized_return,forward_model_cvar,portfolio_garch_vol,29,0.015062698727081835,5.118638504946238,3.07749189293561e-07,0.025986290139493273,1.0631335630141198e-05,6.930251021689743e-05,True
next_realized_return,forward_model_cvar,portfolio_realized_vol,29,0.01583026623195236,5.06870574073368,4.005298830798033e-07,0.03445939485674587,1.170779658233271e-05,7.631963851880513e-05,True
next_realized_return,forward_model_cvar,portfolio_vol_regime,29,0.0006165158922735439,0.09951641820214423,0.9207282527670617,-0.06315119573163352,0.9533426050449141,1.0,False
next_realized_return,forward_model_cvar,historical_cvar_target,29,0.06333395524223277,4.866577661383275,1.1354731651470713e-06,0.16384964880367991,2.6967487672242945e-05,0.0001757930193296748,True
next_realized_return,forward_model_cvar,composite_quality,29,-0.012987818873660857,-1.6454841372585305,0.09987001125718092,0.003862274975412694,0.277218280408648,1.0,False
next_realized_return,forward_model_cvar,forward_model_cvar_raw,29,-0.01919304248919177,-0.8691666382984422,0.3847559921786785,-0.05287986312722137,0.6092268634501196,1.0,False
next_realized_return,forward_model_cvar,portfolio_scenario_mean,29,0.0057386595613702004,0.8691666382984272,0.3847559921786867,-0.052879863127221594,0.6092268634501196,1.0,False
next_realized_return,forward_model_cvar,forward_risk_timer,29,-0.007304730865437484,-2.4921303958532106,0.012697941067909925,-0.04368545395427481,0.05957058772599717,0.3883229170945357,False
next_realized_return,forward_model_cvar,forward_model_cdar,29,0.04037193767110952,0.298623192990052,0.7652275670430765,-0.06204061018959872,0.8603150162022752,1.0,False
next_realized_return,forward_model_cvar,forward_model_cdar_raw,29,-0.04131818722386866,-1.223875194321733,0.22099931255467065,-0.04357480951567716,0.42200873754158214,1.0,False
next_realized_return,forward_model_cvar,historical_cdar_target,29,0.07089517201359868,4.006220717681091,6.169799883525129e-05,0.1774190112492321,0.0009768849815581454,0.0063680222100436015,True
next_realized_return,forward_model_cvar,asset_mean_efficiency_ratio,29,-0.008398747878637381,-0.6832647985760023,0.4944395334116676,-0.03885284179146553,0.675577642392312,1.0,False
next_realized_return,forward_model_cvar,asset_mean_atr_vol_regime,29,0.011837555381371677,3.0192203237594586,0.002534261579341315,-0.008023814921306327,0.015119811149795905,0.09856154514730278,False
next_realized_return,forward_model_cvar,asset_mean_liquidity_score,29,0.011930762977708502,0.7977736616893232,0.42500184829045984,-0.05175010807078295,0.6333360876485284,1.0,False
next_realized_return,forward_model_cvar,asset_mean_breakout_strength,29,0.001066557183017806,0.1068974213794064,0.9148703589114774,-0.06285001631874643,0.9520066164913545,1.0,False
next_realized_return,historical_cvar_target,backward_vol_timer,29,-0.00252862394796637,-0.3456627448122874,0.7295961855938795,0.007439665028460163,0.837602871678774,1.0,False
next_realized_return,historical_cvar_target,forward_cvar_timer,29,-0.01118451141508048,-3.419827584310826,0.0006266083694078907,0.05005357942881217,0.005066195327127627,0.03302501826991961,True
next_realized_return,historical_cvar_target,conviction_timer,29,-0.004847523104828543,-0.7091328622567107,0.47824203162938494,0.015000365815594718,0.667693447306591,1.0,False
next_realized_return,historical_cvar_target,portfolio_risk_reward,29,-0.003949152272578546,-0.8671597202522143,0.3858545026971608,0.008947576382705269,0.6092268634501196,1.0,False
next_realized_return,historical_cvar_target,portfolio_garch_vol,29,0.011922122187766185,3.3302856704299453,0.0008675692570435023,0.05516394594498819,0.00686825661826106,0.044772119046813386,True
next_realized_return,historical_cvar_target,portfolio_realized_vol,29,0.012733020363238468,3.5683974260331435,0.0003591714139197119,0.061221105965128975,0.003564685066748361,0.02323712013737534,True
next_realized_return,historical_cvar_target,portfolio_vol_regime,29,0.00044694582633447895,0.07440491419877257,0.9406881986791996,0.0058105604600414695,0.9635081280272126,1.0,False
next_realized_return,historical_cvar_target,forward_model_cvar,29,-0.052840844931061975,-4.571481872241224,4.8428719104706265e-06,0.16384964880367991,0.00010825243093993165,0.0007056653521453125,True
next_realized_return,historical_cvar_target,composite_quality,29,-0.01276140613102814,-1.7247103397091208,0.08457968673223792,0.07082950947044897,0.25991767806136085,1.0,False
next_realized_return,historical_cvar_target,forward_model_cvar_raw,29,-0.03453670478956822,-2.7871217834944413,0.005317848995138089,0.11993661187013027,0.02806642525211769,0.18295666607233632,False
next_realized_return,historical_cvar_target,portfolio_scenario_mean,29,0.00015297731476282116,0.017510004363147588,0.9860297517429759,0.005737775380320054,0.9860297517429758,1.0,False
next_realized_return,historical_cvar_target,forward_risk_timer,29,-0.01118451141508048,-3.419827584310826,0.0006266083694078907,0.05005357942881217,0.005066195327127627,0.03302501826991961,True
next_realized_return,historical_cvar_target,forward_model_cdar,29,-0.053146474702495866,-4.499038165347683,6.826160314328906e-06,0.16353608903122396,0.00012969704597224922,0.0008454564098334125,True
next_realized_return,historical_cvar_target,forward_model_cdar_raw,29,-0.04356355386900167,-3.4470456806849374,0.0005667527444233606,0.15145239329991378,0.004894682792747206,0.031906979146733044,True
next_realized_return,historical_cvar_target,historical_cdar_target,29,-0.03393771167903108,-0.5106060867870772,0.6096269128808854,0.010315344993784503,0.7521371003075858,1.0,False
next_realized_return,historical_cvar_target,asset_mean_efficiency_ratio,29,-0.0045396126641308945,-0.4646281395808767,0.6421977772750347,0.012744177490637054,0.7698400466094073,1.0,False
next_realized_return,historical_cvar_target,asset_mean_atr_vol_regime,29,0.01067321013453586,3.2028554941734724,0.0013607224116010926,0.051251216208374806,0.01009692422238428,0.06581884143485857,False
next_realized_return,historical_cvar_target,asset_mean_liquidity_score,29,-0.015179398837929205,-1.9225587496806602,0.054535488715102894,0.032759452642929676,0.19012372212604678,1.0,False
next_realized_return,historical_cvar_target,asset_mean_breakout_strength,29,0.0011808583943277975,0.12298464672728113,0.902119255801292,0.006288025647556372,0.9520066164913545,1.0,False
next_realized_return,composite_quality,backward_vol_timer,29,-0.004793339670592955,-0.7453731318591351,0.45604618180650347,-0.007069071412038719,0.6665290349479667,1.0,False
next_realized_return,composite_quality,forward_cvar_timer,29,-0.004579085552288158,-1.504661829021762,0.1324110414327568,-0.005475468986151366,0.3105938008916518,1.0,False
next_realized_return,composite_quality,conviction_timer,29,0.0068370095629491,0.8902772731519067,0.3733170212940964,-0.0056874479764637,0.6090072229104231,1.0,False
next_realized_return,composite_quality,portfolio_risk_reward,29,-0.011132033866072394,-1.468804992323998,0.14188568959167563,0.03540039013366292,0.3146975287764086,1.0,False
next_realized_return,composite_quality,portfolio_garch_vol,29,0.012501270369453383,3.7121899708089603,0.0002054736701954128,0.03795695635436602,0.0026026664891418954,0.016966007586436925,True
next_realized_return,composite_quality,portfolio_realized_vol,29,0.013454512947780902,3.179886861565188,0.001473325630030223,0.04582189703679007,0.01009692422238428,0.06581884143485857,False
next_realized_return,composite_quality,portfolio_vol_regime,29,-0.008378095189424293,-1.1300459573752453,0.25845685987294686,0.006680857447692978,0.45894208762485894,1.0,False
next_realized_return,composite_quality,forward_model_cvar,29,0.006668881567993123,0.7362616701944417,0.4615714678596401,0.003862274975413027,0.667693447306591,1.0,False
next_realized_return,composite_quality,historical_cvar_target,29,0.014554291311627521,1.5955477035222017,0.1105898114142303,0.07082950947044897,0.29387502333851406,1.0,False
next_realized_return,composite_quality,forward_model_cvar_raw,29,0.0048000108354096386,0.5209619766376451,0.602393259555222,-0.004650301672936674,0.748767380471917,1.0,False
next_realized_return,composite_quality,portfolio_scenario_mean,29,0.008497128952434449,1.5549932333716718,0.11994768088986282,0.014752718343654547,0.3070392157717307,1.0,False
next_realized_return,composite_quality,forward_risk_timer,29,-0.004579085552288158,-1.504661829021762,0.1324110414327568,-0.005475468986151366,0.3105938008916518,1.0,False
next_realized_return,composite_quality,forward_model_cdar,29,0.006841664143810941,0.7491487073137619,0.4537675805892617,0.004773047744732528,0.6665290349479667,1.0,False
next_realized_return,composite_quality,forward_model_cdar_raw,29,0.005379715733135633,0.5791857723562617,0.562463829871852,-0.0023218802733599997,0.7294752742365316,1.0,False
next_realized_return,composite_quality,historical_cdar_target,29,0.014396857893300053,1.5815161504138942,0.113760069153236,0.06893382477850774,0.29608785122075126,1.0,False
next_realized_return,composite_quality,asset_mean_efficiency_ratio,29,-0.006156039245099474,-0.5398409000764394,0.589306758179695,-9.958936883913694e-05,0.7439220450156077,1.0,False
next_realized_return,composite_quality,asset_mean_atr_vol_regime,29,0.007016382141592251,1.2678979054865218,0.20483441218996512,0.0024810065297802275,0.40330091519267747,1.0,False
next_realized_return,composite_quality,asset_mean_liquidity_score,29,0.009569782739810736,1.2769138890398384,0.2016326500953377,0.02205752878590106,0.39906461998035586,1.0,False
next_realized_return,composite_quality,asset_mean_breakout_strength,29,0.007184187966972335,0.5808260765627766,0.5613576783947036,0.0038669864866602843,0.7294752742365316,1.0,False
next_realized_return,forward_model_cvar_raw,backward_vol_timer,29,-0.010061726411626731,-1.64176680127057,0.10063834165327393,-0.037177900963668575,0.277218280408648,1.0,False
next_realized_return,forward_model_cvar_raw,forward_cvar_timer,29,-0.006352360240087169,-2.105234055056549,0.035270939224205815,-0.05433236689503551,0.13817481345565163,0.9007204507850736,False
next_realized_return,forward_model_cvar_raw,conviction_timer,29,-0.0058996916148076695,-0.8986369153285083,0.3688460890492945,-0.05610372900291427,0.6090072229104231,1.0,False
next_realized_return,forward_model_cvar_raw,portfolio_risk_reward,29,-0.01992246022011953,-1.7836429718871094,0.07448169826525863,0.0009404115143166747,0.2378407171495654,1.0,False
next_realized_return,forward_model_cvar_raw,portfolio_garch_vol,29,0.015260949084733489,5.613400271163406,1.983889617045003e-08,0.02134851412107408,1.884695136192753e-06,1.2285766198691672e-05,True
next_realized_return,forward_model_cvar_raw,portfolio_realized_vol,29,0.016121733264529915,5.817935151626677,5.957900539275955e-09,0.03062466062923186,7.54667401641621e-07,4.919451998519329e-06,True
next_realized_return,forward_model_cvar_raw,portfolio_vol_regime,29,0.0002692074406675359,0.044922784730344736,0.9641688555866907,-0.06961111094040073,0.9718412867982559,1.0,False
next_realized_return,forward_model_cvar_raw,forward_model_cvar,29,0.02433806075478444,1.2417710771381523,0.21432103690247484,-0.05287986312722137,0.4134111371722938,1.0,False
next_realized_return,forward_model_cvar_raw,historical_cvar_target,29,0.04449682776143928,3.096847182444823,0.001955906756144102,0.11993661187013027,0.01243587649845695,0.08106577461885107,False
next_realized_return,forward_model_cvar_raw,composite_quality,29,-0.012760592299266585,-1.6539581308216147,0.0981360200961846,-0.004650301672936452,0.27623472323370485,1.0,False
next_realized_return,forward_model_cvar_raw,portfolio_scenario_mean,29,0.006612724221580891,1.2417710771381416,0.2143210369024786,-0.052879863127221816,0.4134111371722938,1.0,False
next_realized_return,forward_model_cvar_raw,forward_risk_timer,29,-0.006352360240087169,-2.105234055056549,0.035270939224205815,-0.05433236689503551,0.13817481345565163,0.9007204507850736,False
next_realized_return,forward_model_cvar_raw,forward_model_cdar,29,0.024113957509052562,1.3114451172419357,0.18970742441170496,-0.0522484849674969,0.3875743079378919,1.0,False
next_realized_return,forward_model_cvar_raw,forward_model_cdar_raw,29,0.02188578102356238,0.5231016018747439,0.6009035508441243,-0.06683285166381547,0.748767380471917,1.0,False
next_realized_return,forward_model_cvar_raw,historical_cdar_target,29,0.04713383306965106,3.046470734430304,0.002315450183489018,0.12238611525916798,0.014191468866545594,0.09250995832811419,False
next_realized_return,forward_model_cvar_raw,asset_mean_efficiency_ratio,29,-0.00904954693240596,-0.7457702557313143,0.45580621074913674,-0.04117179190619136,0.6665290349479667,1.0,False
next_realized_return,forward_model_cvar_raw,asset_mean_atr_vol_regime,29,0.011298879286849972,2.8621445400157133,0.004207849624324321,-0.018776949586274183,0.0225208853132851,0.14680694306109374,False
next_realized_return,forward_model_cvar_raw,asset_mean_liquidity_score,29,0.011555076957870548,1.1046759832649202,0.26930001367690026,-0.050071508425211686,0.46942204218909217,1.0,False
next_realized_return,forward_model_cvar_raw,asset_mean_breakout_strength,29,0.0011602784664767152,0.115463337610438,0.9080778784259163,-0.069104214506573,0.9520066164913545,1.0,False
next_realized_return,portfolio_scenario_mean,backward_vol_timer,29,-0.009179617128823108,-1.3145471058151428,0.1886621568168897,-0.02304740858158949,0.38752226805631396,1.0,False
next_realized_return,portfolio_scenario_mean,forward_cvar_timer,29,-0.007773147794724613,-3.177019992792971,0.001487967780140841,-0.033990980868823906,0.01009692422238428,0.06581884143485857,False
next_realized_return,portfolio_scenario_mean,conviction_timer,29,-0.007832098286299456,-1.0352429389978843,0.3005554704336241,-0.032286099444127414,0.5167922116053264,1.0,False
next_realized_return,portfolio_scenario_mean,portfolio_risk_reward,29,-0.012164494678960074,-1.5344332655655488,0.12492309907210589,0.0029908663215333364,0.3105938008916518,1.0,False
next_realized_return,portfolio_scenario_mean,portfolio_garch_vol,29,0.01591000577292811,4.533447133142055,5.802879503422806e-06,0.04484829678550406,0.00011605759006845611,0.000756544859581378,True
next_realized_return,portfolio_scenario_mean,portfolio_realized_vol,29,0.01679090004314643,4.552937116170192,5.290209001201167e-06,0.0562409139772545,0.00011168219002535796,0.0007280229300008521,True
next_realized_return,portfolio_scenario_mean,portfolio_vol_regime,29,0.0022021322595934334,0.3470978150632392,0.7285178349135043,-0.054324157032039855,0.837602871678774,1.0,False
next_realized_return,portfolio_scenario_mean,forward_model_cvar,29,0.003216985631185409,0.36119687570909337,0.7179522775353064,-0.052879863127221816,0.830755164945323,1.0,False
next_realized_return,portfolio_scenario_mean,historical_cvar_target,29,0.014302664742905018,1.1399541150056949,0.25430541802909756,0.005737775380320276,0.45894208762485894,1.0,False
next_realized_return,portfolio_scenario_mean,composite_quality,29,-0.013379694083203383,-1.8297725504166364,0.0672839570286786,0.014752718343654547,0.22042221161371195,1.0,False
next_realized_return,portfolio_scenario_mean,forward_model_cvar_raw,29,0.0029233238149639837,0.3611968757090914,0.717952277535308,-0.052879863127221816,0.830755164945323,1.0,False
next_realized_return,portfolio_scenario_mean,forward_risk_timer,29,-0.007773147794724613,-3.177019992792971,0.001487967780140841,-0.033990980868823906,0.01009692422238428,0.06581884143485857,False
next_realized_return,portfolio_scenario_mean,forward_model_cdar,29,0.003290388882912214,0.36427834001718673,0.7156501725246387,-0.05274234861562688,0.830755164945323,1.0,False
next_realized_return,portfolio_scenario_mean,forward_model_cdar_raw,29,0.0025888402735137657,0.3118291162494304,0.7551703950030935,-0.05372827222896559,0.8540617562534986,1.0,False
next_realized_return,portfolio_scenario_mean,historical_cdar_target,29,0.013751335318702493,1.1321175527110556,0.2575850163060406,0.0011471705669546806,0.45894208762485894,1.0,False
next_realized_return,portfolio_scenario_mean,asset_mean_efficiency_ratio,29,-0.008598300559860486,-0.7352390016152442,0.4621939500966039,-0.02712841833987656,0.667693447306591,1.0,False
next_realized_return,portfolio_scenario_mean,asset_mean_atr_vol_regime,29,0.013323603725962667,3.6087367217649198,0.0003076916742704772,0.011175011451000305,0.003160076654669766,0.020599598419744545,True
next_realized_return,portfolio_scenario_mean,asset_mean_liquidity_score,29,0.005134685804540956,0.6230068996796927,0.5332799877836675,-0.049717429410862435,0.7036333172145612,1.0,False
next_realized_return,portfolio_scenario_mean,asset_mean_breakout_strength,29,0.0013316114256689872,0.13147835117380435,0.8953969111600805,-0.055446537157011644,0.9477738892502244,1.0,False
next_realized_return,forward_risk_timer,backward_vol_timer,29,-0.01215382637336871,-1.8368657865361795,0.06622971117454791,-0.011742290243452969,0.22042221161371195,1.0,False
next_realized_return,forward_risk_timer,forward_cvar_timer,29,-0.0025307960012464154,-1.954972578874019,0.05058630691348438,-0.02717327346219567,0.18134713799173646,1.0,False
next_realized_return,forward_risk_timer,conviction_timer,29,-0.006329406294863364,-0.8945369832469127,0.3710346513384558,-0.050671476666688475,0.6090072229104231,1.0,False
next_realized_return,forward_risk_timer,portfolio_risk_reward,29,-0.012186367347871731,-1.4731364081898415,0.14071425793970962,-0.007347476111278173,0.3146975287764086,1.0,False
next_realized_return,forward_risk_timer,portfolio_garch_vol,29,0.01728497943975144,6.775806836573456,1.2371387904715789e-11,0.047899432449460266,2.350563701896e-09,1.532262461023933e-08,True
next_realized_return,forward_risk_timer,portfolio_realized_vol,29,0.01804398573740256,5.32338357618376,1.0185465181915804e-07,0.05847870333277372,3.870476769128006e-06,2.523048515901245e-05,True
next_realized_return,forward_risk_timer,portfolio_vol_regime,29,0.0010802035250588688,0.19028800864743525,0.8490834496927642,-0.06622182518731923,0.9140275095842786,1.0,False
next_realized_return,forward_risk_timer,forward_model_cvar,29,0.007908509272194077,0.8754736854013724,0.3813162221578018,-0.04368545395427481,0.6092268634501196,1.0,False
next_realized_return,forward_risk_timer,historical_cvar_target,29,0.018151009936445077,1.6793985969470149,0.09307438655965518,0.050053579428811834,0.26592681874187196,1.0,False
next_realized_return,forward_risk_timer,composite_quality,29,-0.012382038808532168,-1.7055882544135563,0.08808476776586463,-0.005475468986151366,0.25991767806136085,1.0,False
next_realized_return,forward_risk_timer,forward_model_cvar_raw,29,0.005705200578786334,0.617297548513503,0.537038483519338,-0.05433236689503551,0.703705599094305,1.0,False
next_realized_return,forward_risk_timer,portfolio_scenario_mean,29,0.009439957348927745,1.755457530864516,0.07918107886928667,-0.033990980868823906,0.24662958992072898,1.0,False
next_realized_return,forward_risk_timer,forward_model_cdar,29,0.008085189238331347,0.8841358404163132,0.37662288785249853,-0.042785911634204865,0.6090072229104231,1.0,False
next_realized_return,forward_risk_timer,forward_model_cdar_raw,29,0.006317482351782715,0.6766242472526567,0.4986443907786612,-0.05181869308622988,0.675577642392312,1.0,False
next_realized_return,forward_risk_timer,historical_cdar_target,29,0.01755690834922228,1.7080292382162026,0.08763091742005458,0.04310995458605493,0.25991767806136085,1.0,False
next_realized_return,forward_risk_timer,asset_mean_efficiency_ratio,29,-0.009749648139484219,-0.834231195996155,0.404150715041544,-0.028812543243518007,0.6125082916520824,1.0,False
next_realized_return,forward_risk_timer,asset_mean_atr_vol_regime,29,0.011598389698151931,2.9211798861296714,0.0034870842210298473,-0.013390304957401122,0.01920423194190351,0.12518666766461214,False
next_realized_return,forward_risk_timer,asset_mean_liquidity_score,29,0.009545078079558619,1.4167359304916207,0.15656014786704664,-0.032624170882739056,0.33082843314300825,1.0,False
next_realized_return,forward_risk_timer,asset_mean_breakout_strength,29,0.0008140368738022803,0.0816394333378318,0.9349334426709757,-0.0664192189041315,0.9617547842736106,1.0,False
next_realized_return,forward_model_cdar,backward_vol_timer,29,-0.009120649309119535,-1.4179898807788993,0.15619371915679311,-0.035948306628704296,0.33082843314300825,1.0,False
next_realized_return,forward_model_cdar,forward_cvar_timer,29,-0.007429616542420855,-2.4923299098866063,0.012690809809847155,-0.042785911634204865,0.05957058772599717,0.3883229170945357,False
next_realized_return,forward_model_cdar,conviction_timer,29,-0.00593571912252796,-0.8585965007252969,0.39056316936470215,-0.04900290255597417,0.6092268634501196,1.0,False
next_realized_return,forward_model_cdar,portfolio_risk_reward,29,-0.014577771588745948,-1.8297536773648857,0.06728678038734365,-0.015733885768927536,0.22042221161371195,1.0,False
next_realized_return,forward_model_cdar,portfolio_garch_vol,29,0.015065907583520579,5.102175083677214,3.3577189393154966e-07,0.026487705650771187,1.063277664116574e-05,6.931190373853246e-05,True
next_realized_return,forward_model_cdar,portfolio_realized_vol,29,0.01582465764405724,5.053046330378477,4.348183678821534e-07,0.03489820156942347,1.1802212842515592e-05,7.693510999516548e-05,True
next_realized_return,forward_model_cdar,portfolio_vol_regime,29,0.0006685570677956998,0.1075073914150953,0.9143864618078995,-0.06278393549695638,0.9520066164913545,1.0,False
next_realized_return,forward_model_cdar,forward_model_cvar,29,-0.034496193156414064,-0.25838672326607487,0.7961084620942365,-0.062040610189598944,0.8845649578824849,1.0,False
next_realized_return,forward_model_cdar,historical_cvar_target,29,0.06367163827074226,4.917922509950032,8.746752151146232e-07,0.16353608903122396,2.2158438782903786e-05,0.00014444426209148762,True
next_realized_return,forward_model_cdar,composite_quality,29,-0.013049374823220517,-1.6378230037989447,0.10145862140612875,0.004773047744732528,0.2773688930527261,1.0,False
next_realized_return,forward_model_cdar,forward_model_cvar_raw,29,-0.018926462528607475,-0.9182423276972178,0.35849201318862645,-0.0522484849674969,0.5974866886477108,1.0,False
next_realized_return,forward_model_cdar,portfolio_scenario_mean,29,0.005693816474932869,0.8515754824881206,0.3944497522045328,-0.05274234861562688,0.6093126253565954,1.0,False
next_realized_return,forward_model_cdar,forward_risk_timer,29,-0.007429616542420855,-2.4923299098866063,0.012690809809847155,-0.042785911634204865,0.05957058772599717,0.3883229170945357,False
next_realized_return,forward_model_cdar,forward_model_cdar_raw,29,-0.04610099351635766,-1.429276242108863,0.1529248516891754,-0.039557652355821205,0.3301786570561742,1.0,False
next_realized_return,forward_model_cdar,historical_cdar_target,29,0.07221760580819615,3.9377024077497405,8.226553127077057e-05,0.17998685020820104,0.0012504360753157126,0.008151220307583626,True
next_realized_return,forward_model_cdar,asset_mean_efficiency_ratio,29,-0.008367927187817776,-0.6853428294144118,0.49312761115949055,-0.038662761146436075,0.675577642392312,1.0,False
next_realized_return,forward_model_cdar,asset_mean_atr_vol_regime,29,0.011888256857811086,3.017761237843232,0.0025464945094393105,-0.007272235381001302,0.015119811149795905,0.09856154514730278,False
next_realized_return,forward_model_cdar,asset_mean_liquidity_score,29,0.012185033451115651,0.7462039600404988,0.45554421631809494,-0.051688968829785686,0.6665290349479667,1.0,False
next_realized_return,forward_model_cdar,asset_mean_breakout_strength,29,0.0010401717257226184,0.10429822243173159,0.9169326885153573,-0.06253166820032319,0.9520066164913545,1.0,False
next_realized_return,forward_model_cdar_raw,backward_vol_timer,29,-0.009843496124765266,-1.605079936095905,0.10847621416251635,-0.03716489810136725,0.2902884604349029,1.0,False
next_realized_return,forward_model_cdar_raw,forward_cvar_timer,29,-0.006716963819343976,-2.1603986577123253,0.030741821278869222,-0.05181869308622988,0.12561174285989574,0.818825535733237,False
next_realized_return,forward_model_cdar_raw,conviction_timer,29,-0.005956438948062793,-0.8891638053098994,0.37391505189445184,-0.054668013999997545,0.6090072229104231,1.0,False
next_realized_return,forward_model_cdar_raw,portfolio_risk_reward,29,-0.017852314697762127,-1.8450685087813252,0.06502757345328582,-0.005842911182549093,0.22042221161371195,1.0,False
next_realized_return,forward_model_cdar_raw,portfolio_garch_vol,29,0.015221954221982572,5.492262459234631,3.9681708296431036e-08,0.022446054683158523,2.5131748587739658e-06,1.638263830494074e-05,True
next_realized_return,forward_model_cdar_raw,portfolio_realized_vol,29,0.016039834423881162,5.572066565404281,2.5173519424965115e-08,0.031451633428867254,1.913187476297349e-06,1.2471499276820055e-05,True
next_realized_return,forward_model_cdar_raw,portfolio_vol_regime,29,0.00042056768818869543,0.06932142939057963,0.9447337685797826,-0.06854812908402574,0.9650506238180575,1.0,False
next_realized_return,forward_model_cdar_raw,forward_model_cvar,29,0.04655332148586752,1.49524316664119,0.13485099156132463,-0.04357480951567716,0.3124596145933132,1.0,False
next_realized_return,forward_model_cdar_raw,historical_cvar_target,29,0.05353561920732818,3.7943512358149705,0.00014803000262919843,0.15145239329991378,0.00200897860711055,0.013095933125286738,True
next_realized_return,forward_model_cdar_raw,composite_quality,29,-0.012903307741168348,-1.634158509278413,0.10222557200551563,-0.0023218802733599997,0.2774694097292567,1.0,False
next_realized_return,forward_model_cdar_raw,forward_model_cvar_raw,29,-0.017456765029776437,-0.40259985575258234,0.687242615796241,-0.06683285166381547,0.808520724466166,1.0,False
next_realized_return,forward_model_cdar_raw,portfolio_scenario_mean,29,0.0064124126646796925,1.11718460899309,0.2639153999480228,-0.05372827222896559,0.4638035970466256,1.0,False
next_realized_return,forward_model_cdar_raw,forward_risk_timer,29,-0.006716963819343976,-2.1603986577123253,0.030741821278869222,-0.05181869308622988,0.12561174285989574,0.818825535733237,False
next_realized_return,forward_model_cdar_raw,forward_model_cdar,29,0.05137083750826013,1.7210030439024173,0.08525027154129208,-0.039557652355821205,0.25991767806136085,1.0,False
next_realized_return,forward_model_cdar_raw,historical_cdar_target,29,0.058684238461246874,3.471500976006658,0.0005175574502859498,0.16153618414256088,0.004573763514154905,0.029815001961816832,True
next_realized_return,forward_model_cdar_raw,asset_mean_efficiency_ratio,29,-0.008934181096731502,-0.7328515163711019,0.46364899669949433,-0.04092318084535007,0.667693447306591,1.0,False
next_realized_return,forward_model_cdar_raw,asset_mean_atr_vol_regime,29,0.0115020167575359,2.903304150527665,0.0036924784051536293,-0.016142179581827953,0.02004488277083399,0.13066662001374363,False
next_realized_return,forward_model_cdar_raw,asset_mean_liquidity_score,29,0.013540546976657148,1.0169176740939452,0.3091925947390505,-0.0482684013251653,0.5256017829997701,1.0,False
next_realized_return,forward_model_cdar_raw,asset_mean_breakout_strength,29,0.0011217005401720286,0.11164589336033003,0.9111041818324267,-0.06811833106459386,0.9520066164913545,1.0,False
next_realized_return,historical_cdar_target,backward_vol_timer,29,-0.0034848873403652263,-0.47617327060234615,0.6339509405268667,0.004549794456126799,0.7672017751599024,1.0,False
next_realized_return,historical_cdar_target,forward_cvar_timer,29,-0.010861860698335868,-3.674733653504038,0.00023809766530907738,0.04310995458605493,0.0026610915534543943,0.017346863177615933,True
next_realized_return,historical_cdar_target,conviction_timer,29,-0.005278454961004535,-0.7289506526484983,0.4660318488441699,0.012144983818144883,0.667693447306591,1.0,False
next_realized_return,historical_cdar_target,portfolio_risk_reward,29,-0.004598327647485689,-1.049313575577898,0.2940338199167605,0.005526435404482499,0.5101956692619588,1.0,False
next_realized_return,historical_cdar_target,portfolio_garch_vol,29,0.012599041830794959,3.563567001885427,0.0003658492568504897,0.059394370748326764,0.003564685066748361,0.02323712013737534,True
next_realized_return,historical_cdar_target,portfolio_realized_vol,29,0.013301314284740488,3.6952512839592324,0.00021966942386997536,0.06501205050499304,0.0026610915534543943,0.017346863177615933,True
next_realized_return,historical_cdar_target,portfolio_vol_regime,29,0.00137600076208643,0.2134932657563781,0.830942241195208,0.001841361122838947,0.9034888938048523,1.0,False
next_realized_return,historical_cdar_target,forward_model_cvar,29,-0.06067684656652132,-3.759225850367407,0.00017043992725042747,0.1774190112492321,0.0022333507708676703,0.014558548427081954,True
next_realized_return,historical_cdar_target,historical_cvar_target,29,0.04814646269280183,0.7126589082839745,0.47605684978548446,0.010315344993784503,0.667693447306591,1.0,False
next_realized_return,historical_cdar_target,composite_quality,29,-0.013033660143723598,-1.6974945556195338,0.08960319954220598,0.06893382477850774,0.25991767806136085,1.0,False
next_realized_return,historical_cdar_target,forward_model_cvar_raw,29,-0.037460994257144,-2.694174070161507,0.007056330202983808,0.12238611525916798,0.036731581878545846,0.23944224102977732,False
next_realized_return,historical_cdar_target,portfolio_scenario_mean,29,0.00044133861509440975,0.0511824196051446,0.9591801606046508,0.0011471705669544585,0.9695585755001518,1.0,False
next_realized_return,historical_cdar_target,forward_risk_timer,29,-0.010861860698335868,-3.674733653504038,0.00023809766530907738,0.04310995458605493,0.0026610915534543943,0.017346863177615933,True
next_realized_return,historical_cdar_target,forward_model_cdar,29,-0.06197107934788451,-3.6753857645865207,0.00023749028985840513,0.17998685020820104,0.0026610915534543943,0.017346863177615933,True
next_realized_return,historical_cdar_target,forward_model_cdar_raw,29,-0.0489980104653918,-3.160123547746754,0.001577022514270982,0.16153618414256088,0.010513483428473212,0.06853426681885968,False
next_realized_return,historical_cdar_target,asset_mean_efficiency_ratio,29,-0.004621494056847737,-0.4646129309220241,0.6422086704610056,0.008300161656256355,0.7698400466094073,1.0,False
next_realized_return,historical_cdar_target,asset_mean_atr_vol_regime,29,0.011876376368635571,3.500592504578502,0.0004642250926849128,0.05728309311416091,0.0042660742639180895,0.027809267390921415,True
next_realized_return,historical_cdar_target,asset_mean_liquidity_score,29,-0.016477409479829813,-1.8299764455736964,0.06725346106800326,0.029750282540471074,0.22042221161371195,1.0,False
next_realized_return,historical_cdar_target,asset_mean_breakout_strength,29,0.0004765145120952218,0.050965896634257775,0.9593526957580449,0.0011784971669108746,0.9695585755001518,1.0,False
next_realized_return,asset_mean_efficiency_ratio,backward_vol_timer,29,-0.007321464759580035,-1.1367821843188257,0.2556293528154616,-0.023793041400717474,0.45894208762485894,1.0,False
next_realized_return,asset_mean_efficiency_ratio,forward_cvar_timer,29,-0.005647498172041127,-2.116797144929929,0.03427706777881098,-0.028812543243518007,0.13710827111524393,0.8937679789589276,False
next_realized_return,asset_mean_efficiency_ratio,conviction_timer,29,-0.004426819025421654,-0.7138512146463113,0.47531918680308016,-0.03414149314428894,0.667693447306591,1.0,False
next_realized_return,asset_mean_efficiency_ratio,portfolio_risk_reward,29,-0.0106320697573477,-1.5322182647697482,0.125468582821343,0.0020293794041297275,0.3105938008916518,1.0,False
next_realized_return,asset_mean_efficiency_ratio,portfolio_garch_vol,29,0.014307042336554452,5.376272060988646,7.604386112756298e-08,0.03752587428207599,3.6120834035592414e-06,2.3546095776502666e-05,True
next_realized_return,asset_mean_efficiency_ratio,portfolio_realized_vol,29,0.015019155482307006,5.388056842013676,7.122352865306894e-08,0.04440466178774438,3.6120834035592414e-06,2.3546095776502666e-05,True
next_realized_return,asset_mean_efficiency_ratio,portfolio_vol_regime,29,-0.00047552348933071076,-0.07973823660690621,0.9364454478453577,-0.04142861212398574,0.9617547842736106,1.0,False
next_realized_return,asset_mean_efficiency_ratio,forward_model_cvar,29,0.0027730549650987783,0.3170214082844296,0.7512273580083452,-0.03885284179146575,0.8521384956512573,1.0,False
next_realized_return,asset_mean_efficiency_ratio,historical_cvar_target,29,0.01262704282121895,1.5556948329529636,0.11978067585013347,0.012744177490637054,0.3070392157717307,1.0,False
next_realized_return,asset_mean_efficiency_ratio,composite_quality,29,-0.0106857221755733,-1.9307694366487713,0.05351157158477972,-9.958936883935898e-05,0.1882814555760768,1.0,False
next_realized_return,asset_mean_efficiency_ratio,forward_model_cvar_raw,29,0.0009983626204409035,0.11409498356076608,0.9091624987960284,-0.04117179190619158,0.9520066164913545,1.0,False
next_realized_return,asset_mean_efficiency_ratio,portfolio_scenario_mean,29,0.006053973504146001,1.0075031898393485,0.3136930256054564,-0.02712841833987656,0.5297926654669931,1.0,False
next_realized_return,asset_mean_efficiency_ratio,forward_risk_timer,29,-0.005647498172041127,-2.116797144929929,0.03427706777881098,-0.028812543243518007,0.13710827111524393,0.8937679789589276,False
next_realized_return,asset_mean_efficiency_ratio,forward_model_cdar,29,0.0028685460836446516,0.33032780587008437,0.7411522849607474,-0.038662761146436075,0.8463584565872599,1.0,False
next_realized_return,asset_mean_efficiency_ratio,forward_model_cdar_raw,29,0.0013096110237343916,0.14991801975302188,0.8808292946830755,-0.04092318084535007,0.9375774005029935,1.0,False
next_realized_return,asset_mean_efficiency_ratio,historical_cdar_target,29,0.012146443775464158,1.5231479673265629,0.12772169043696585,0.008300161656256577,0.3105938008916518,1.0,False
next_realized_return,asset_mean_efficiency_ratio,asset_mean_atr_vol_regime,29,0.010959546571512038,2.932044651788699,0.0033673832777458427,0.006502930542316987,0.01920423194190351,0.12518666766461214,False
next_realized_return,asset_mean_efficiency_ratio,asset_mean_liquidity_score,29,0.005254935427688334,0.7109474061551194,0.4771168277743314,-0.03150074409873227,0.667693447306591,1.0,False
next_realized_return,asset_mean_efficiency_ratio,asset_mean_breakout_strength,29,0.0023242145536141613,0.2444691318743106,0.8068675059858448,-0.03937672282817983,0.8887236297815101,1.0,False
next_realized_return,asset_mean_atr_vol_regime,backward_vol_timer,29,-0.00559869093319204,-0.7171137866946452,0.47330388959428227,-0.019776411047306652,0.667693447306591,1.0,False
next_realized_return,asset_mean_atr_vol_regime,forward_cvar_timer,29,-0.006173720430867944,-2.0150953620752095,0.04389465811181087,-0.013390304957401122,0.1667997008248813,1.0,False
next_realized_return,asset_mean_atr_vol_regime,conviction_timer,29,-0.0018685544586402366,-0.26594493719149503,0.7902816159816543,-0.02737588533441393,0.8832559237442018,1.0,False
next_realized_return,asset_mean_atr_vol_regime,portfolio_risk_reward,29,-0.010959547934627925,-1.3882595054105447,0.16505803829979027,0.018947846616227837,0.3427434675077612,1.0,False
next_realized_return,asset_mean_atr_vol_regime,portfolio_garch_vol,29,0.024883216564126443,2.3066864305167156,0.02107230726663842,0.030794427328170393,0.0931101948991,0.6069576258130501,False
next_realized_return,asset_mean_atr_vol_regime,portfolio_realized_vol,29,0.02638023891014225,1.978862833960395,0.04783145173841774,0.04424777273243752,0.1749150497493666,1.0,False
next_realized_return,asset_mean_atr_vol_regime,portfolio_vol_regime,29,-0.04321203803876914,-2.3514623465798365,0.01869978212658144,0.1332288736578634,0.08359902597765821,0.5449571487061015,False
next_realized_return,asset_mean_atr_vol_regime,forward_model_cvar,29,0.007202612489901258,0.8250497640062412,0.40934333860058747,-0.008023814921306327,0.6125082916520824,1.0,False
next_realized_return,asset_mean_atr_vol_regime,historical_cvar_target,29,0.014126361798783044,1.5397198477011391,0.12362865670022559,0.051251216208374584,0.3105938008916518,1.0,False
next_realized_return,asset_mean_atr_vol_regime,composite_quality,29,-0.009663405364956086,-1.28516713224699,0.1987338864672218,0.0024810065297802275,0.39746777293444363,1.0,False
next_realized_return,asset_mean_atr_vol_regime,forward_model_cvar_raw,29,0.004937314334702048,0.5639374145653714,0.5727967260347739,-0.018776949586274183,0.7328712319636839,1.0,False
next_realized_return,asset_mean_atr_vol_regime,portfolio_scenario_mean,29,0.01022621662531791,1.948346255887194,0.051373545902067164,0.011175011451000416,0.18244810694192076,1.0,False
next_realized_return,asset_mean_atr_vol_regime,forward_risk_timer,29,-0.006173720430867944,-2.0150953620752095,0.04389465811181087,-0.013390304957401122,0.1667997008248813,1.0,False
next_realized_return,asset_mean_atr_vol_regime,forward_model_cdar,29,0.007337867336657833,0.8311264903131627,0.40590217625575653,-0.007272235381001524,0.6125082916520824,1.0,False
next_realized_return,asset_mean_atr_vol_regime,forward_model_cdar_raw,29,0.005579169862185513,0.6294715788211727,0.5290403697556918,-0.016142179581827953,0.7004715697113689,1.0,False
next_realized_return,asset_mean_atr_vol_regime,historical_cdar_target,29,0.014672647619265816,1.5531316235738837,0.12039169249996809,0.05728309311416091,0.3070392157717307,1.0,False
next_realized_return,asset_mean_atr_vol_regime,asset_mean_efficiency_ratio,29,-0.00935535772646041,-0.790657413358466,0.4291439336663071,0.006502930542316987,0.6370105265359246,1.0,False
next_realized_return,asset_mean_atr_vol_regime,asset_mean_liquidity_score,29,0.011786020584972058,1.5090126541258255,0.13129554903540858,0.022431901321100067,0.3105938008916518,1.0,False
next_realized_return,asset_mean_atr_vol_regime,asset_mean_breakout_strength,29,0.010232961736559704,0.5483832852440417,0.5834287510275753,0.0014434571280894648,0.7414813558209987,1.0,False
next_realized_return,asset_mean_liquidity_score,backward_vol_timer,29,-0.008539792734179635,-1.2025886774674852,0.22913553136532494,-0.02655108062934297,0.43535750959411734,1.0,False
next_realized_return,asset_mean_liquidity_score,forward_cvar_timer,29,-0.007496678716437126,-3.090784375113911,0.0019962854379101946,-0.032624170882739056,0.01243587649845695,0.08106577461885107,False
next_realized_return,asset_mean_liquidity_score,conviction_timer,29,-0.00645693009272758,-0.8259679869778707,0.4088222519030039,-0.03696242983251241,0.6125082916520824,1.0,False
next_realized_return,asset_mean_liquidity_score,portfolio_risk_reward,29,-0.011309281410925931,-1.460222441819278,0.14422894948837692,-0.01848231203477102,0.3149827632504783,1.0,False
next_realized_return,asset_mean_liquidity_score,portfolio_garch_vol,29,0.016137593289925728,3.9063019413456117,9.371939254674767e-05,0.05002686121541178,0.0013697449679909274,0.008928959440392941,True
next_realized_return,asset_mean_liquidity_score,portfolio_realized_vol,29,0.01661614505995972,3.8795125786547846,0.00010466598886150164,0.056643224218756894,0.001473076880272986,0.009602549397082496,True
next_realized_return,asset_mean_liquidity_score,portfolio_vol_regime,29,0.0020822669844517746,0.3063105829059532,0.7593681822480743,-0.05197489581614678,0.8562608583212707,1.0,False
next_realized_return,asset_mean_liquidity_score,forward_model_cvar,29,-0.004814559227205374,-0.26603433944511695,0.7902127626032268,-0.05175010807078295,0.8832559237442018,1.0,False
next_realized_return,asset_mean_liquidity_score,historical_cvar_target,29,0.027137853712697623,2.663106831119151,0.0077422829625726705,0.032759452642929676,0.03975766926726507,0.2591684033361735,False
next_realized_return,asset_mean_liquidity_score,composite_quality,29,-0.013894707319421367,-1.6256866622099868,0.10401632883544228,0.02205752878590106,0.2803276947338161,1.0,False
next_realized_return,asset_mean_liquidity_score,forward_model_cvar_raw,29,-0.00492849066931477,-0.3594491963738101,0.7192590770184507,-0.050071508425211686,0.830755164945323,1.0,False
next_realized_return,asset_mean_liquidity_score,portfolio_scenario_mean,29,0.004003618437806477,0.544416639932236,0.5861547977039487,-0.049717429410862435,0.7424627437583351,1.0,False
next_realized_return,asset_mean_liquidity_score,forward_risk_timer,29,-0.007496678716437126,-3.090784375113911,0.0019962854379101946,-0.032624170882739056,0.01243587649845695,0.08106577461885107,False
next_realized_return,asset_mean_liquidity_score,forward_model_cdar,29,-0.005057999737790775,-0.2596368377430091,0.7951439181017206,-0.051688968829785686,0.8845649578824849,1.0,False
next_realized_return,asset_mean_liquidity_score,forward_model_cdar_raw,29,-0.006951116299120532,-0.4250702394454374,0.670785472091045,-0.0482684013251653,0.7916101844552705,1.0,False
next_realized_return,asset_mean_liquidity_score,historical_cdar_target,29,0.028104125582849433,2.5618549616101207,0.010411478784037278,0.029750282540471296,0.05138132386927488,0.3349395453486257,False
next_realized_return,asset_mean_liquidity_score,asset_mean_efficiency_ratio,29,-0.007810601625594745,-0.6399375713949996,0.5222131865638777,-0.03150074409873227,0.6938496884415158,1.0,False
next_realized_return,asset_mean_liquidity_score,asset_mean_atr_vol_regime,29,0.01440477789217148,3.510858217146032,0.00044666255991118595,0.022431901321100067,0.004243294319156266,0.02766077171648134,True
next_realized_return,asset_mean_liquidity_score,asset_mean_breakout_strength,29,0.000552849651362253,0.055413316252876675,0.9558091873026632,-0.05351091340639802,0.9695585755001518,1.0,False
next_realized_return,asset_mean_breakout_strength,backward_vol_timer,29,-0.013858964523970774,-1.3786746892166386,0.16799507674218173,-0.017024616474020204,0.34694635414146224,1.0,False
next_realized_return,asset_mean_breakout_strength,forward_cvar_timer,29,-0.0049588461757858904,-2.1949656952716614,0.028166058616515114,-0.0664192189041315,0.11761650850852465,0.7667069845371418,False
next_realized_return,asset_mean_breakout_strength,conviction_timer,29,-0.008206908519294573,-0.8639373243156538,0.3876223216896537,-0.053136251922970335,0.6092268634501196,1.0,False
next_realized_return,asset_mean_breakout_strength,portfolio_risk_reward,29,-0.01219285456791053,-1.4822974092546295,0.13826117735937984,-0.016923211894122492,0.3146975287764086,1.0,False
next_realized_return,asset_mean_breakout_strength,portfolio_garch_vol,29,0.021120086182352792,2.638511271125171,0.008327093222849241,0.06111389528610889,0.042190605662436154,0.27502799099751857,False
next_realized_return,asset_mean_breakout_strength,portfolio_realized_vol,29,0.020940048214399612,2.6106685343838336,0.009036543326089348,0.0660763651597428,0.045182716630446734,0.2945326711378718,False
next_realized_return,asset_mean_breakout_strength,portfolio_vol_regime,29,0.0023432714442663,0.18492596385118693,0.8532871059963979,-0.07484924690116102,0.9159579103916136,1.0,False
next_realized_return,asset_mean_breakout_strength,forward_model_cvar,29,0.005767578446460836,0.6998078155774925,0.4840473332026257,-0.06285001631874643,0.6688654058799919,1.0,False
next_realized_return,asset_mean_breakout_strength,historical_cvar_target,29,0.01435680561937948,1.5185283604321538,0.12888125559161076,0.006288025647556372,0.3105938008916518,1.0,False
next_realized_return,asset_mean_breakout_strength,composite_quality,29,-0.015264070124982702,-1.5487893428170594,0.12143236826001429,0.0038669864866605064,0.3076286662587029,1.0,False
next_realized_return,asset_mean_breakout_strength,forward_model_cvar_raw,29,0.004190586861591171,0.48439432496223306,0.6281060452027858,-0.069104214506573,0.7650009524905724,1.0,False
next_realized_return,asset_mean_breakout_strength,portfolio_scenario_mean,29,0.007187110726723257,1.4132616474202115,0.15757880631285393,-0.055446537157011644,0.33082843314300825,1.0,False
next_realized_return,asset_mean_breakout_strength,forward_risk_timer,29,-0.0049588461757858904,-2.1949656952716614,0.028166058616515114,-0.0664192189041315,0.11761650850852465,0.7667069845371418,False
next_realized_return,asset_mean_breakout_strength,forward_model_cdar,29,0.00583794481590383,0.704996038398934,0.48081270154274247,-0.06253166820032341,0.667693447306591,1.0,False
next_realized_return,asset_mean_breakout_strength,forward_model_cdar_raw,29,0.004477715264353923,0.524349654520198,0.6000353665041651,-0.06811833106459408,0.748767380471917,1.0,False
next_realized_return,asset_mean_breakout_strength,historical_cdar_target,29,0.013935536583464143,1.5203334107743902,0.12842720098132981,0.0011784971669108746,0.3105938008916518,1.0,False
next_realized_return,asset_mean_breakout_strength,asset_mean_efficiency_ratio,29,-0.009623821312174437,-0.8249262944429283,0.4094134370516551,-0.039376722828180055,0.6125082916520824,1.0,False
next_realized_return,asset_mean_breakout_strength,asset_mean_atr_vol_regime,29,0.016469702743490935,1.4635730313167195,0.1433106456982798,0.0014434571280897979,0.3147863893950655,1.0,False
next_realized_return,asset_mean_breakout_strength,asset_mean_liquidity_score,29,0.00756776335159816,1.1378534789867218,0.2551816695872995,-0.0535109134063978,0.45894208762485894,1.0,False
