,overlay_fraction,backward_vol_timer,forward_cvar_timer,conviction_timer,portfolio_risk_reward,portfolio_garch_vol,portfolio_realized_vol,portfolio_vol_regime,forward_model_cvar,historical_cvar_target,composite_quality,selected_count,forward_model_cvar_raw,portfolio_scenario_mean,historical_cvar_target_raw,forward_risk_timer,forward_model_cdar,forward_model_cdar_raw,historical_cdar_target,historical_cdar_target_raw,asset_mean_efficiency_ratio,asset_median_efficiency_ratio,asset_dispersion_efficiency_ratio,asset_mean_atr_vol_regime,asset_median_atr_vol_regime,asset_dispersion_atr_vol_regime,asset_mean_liquidity_score,asset_median_liquidity_score,asset_dispersion_liquidity_score,asset_mean_breakout_strength,asset_median_breakout_strength,asset_dispersion_breakout_strength,asset_mean_normalized_spike,asset_median_normalized_spike,asset_dispersion_normalized_spike,asset_mean_pullback_ratio,asset_median_pullback_ratio,asset_dispersion_pullback_ratio,asset_mean_net_move,asset_median_net_move,asset_dispersion_net_move,asset_mean_garch_vol_forecast,asset_median_garch_vol_forecast,asset_dispersion_garch_vol_forecast,asset_mean_risk_reward_ratio,asset_median_risk_reward_ratio,asset_dispersion_risk_reward_ratio,asset_mean_kelly_fraction,asset_median_kelly_fraction,asset_dispersion_kelly_fraction,asset_mean_signal_quality,asset_median_signal_quality,asset_dispersion_signal_quality,cvar_model,cvar_model_centered,cvar_model_raw,cdar_model,cdar_model_centered,cdar_model_raw,forecast_portfolio_scenario_mean,vol_model,selected_alpha
overlay_fraction,1.0,0.9515423662232728,-0.0809668658133013,0.536292811254305,0.5032629356320466,-0.8156244510713238,-0.8604253058753635,-0.637914393681966,-0.36114466844812043,-0.37657607399173415,0.6670349493045918,0.4157547903983743,-0.379811691283137,-0.08014375137167111,-0.3678647966687264,-0.0809668658133013,-0.30489470630527055,-0.3658736475663247,-0.3113659408880763,-0.3708515203223291,0.5084897020258512,0.420381354244573,0.7543966161724694,-0.500276211978444,-0.47936914640322537,-0.5438325985934825,-0.2924500244152595,-0.24795054284674417,-0.028124981071424957,0.5052540847344483,0.5480637904360863,0.06147672853665455,0.0477875784576424,0.022898214677620318,0.3198283245732838,-0.5052540847344483,-0.5480637904360863,0.06147672853665455,0.22599542312260054,0.2543692978318257,-0.3404864965107021,-0.7765481499366891,-0.7573833398260721,-0.761863425306476,-0.08810834778127818,0.4410395261819913,-0.1147399670259018,0.4641866344974119,0.11412526463318338,-0.4965428074114406,0.39200747953534787,0.24988921235142172,0.38503845767694167,-0.32903738917189196,-0.32903738917189196,-0.08039264500947134,-0.3282907082584913,-0.3282907082584913,-0.27876087433624736,-0.41440790693736773,-0.33028185736089305,-0.14734503357773074
backward_vol_timer,0.9515423662232728,1.0,-0.3226191882269898,0.4072828496978159,0.5455908033719356,-0.9186421097503505,-0.940078835134394,-0.6059796273196678,-0.49069187251036084,-0.5147428326973364,0.525199771909065,0.5002263414365923,-0.45226262090725855,-0.1944990693381505,-0.5134357152958704,-0.3226191882269898,-0.445465610419635,-0.46036674879634815,-0.42716596679911006,-0.4878162142271355,0.45644539659194994,0.37174418897694894,0.7050591263507955,-0.4797120863380459,-0.4671637592839717,-0.5356567111207935,-0.3137081763518556,-0.3318206085501464,-0.08077985541060283,0.49905742387974367,0.570687457480084,0.11711771917135944,0.03372362895782448,0.01307117401466065,0.3050812015021796,-0.49905742387974367,-0.570687457480084,0.11711771917135944,0.24390810711356775,0.2844287465590158,-0.48101920373951196,-0.8653117197705351,-0.8355094430171088,-0.8281895855688989,-0.045226262090725854,0.570687457480084,-0.0802570084500164,0.585327172376504,0.14384469189399712,-0.6143451786890506,0.4159247571465019,0.3529216983958376,0.3333149373738466,-0.45644539659194994,-0.45644539659194994,-0.18587209448847447,-0.4389300234123047,-0.4389300234123047,-0.38638390387336885,-0.5348724406799138,-0.4399757173334775,-0.17907508400085093
forward_cvar_timer,-0.0809668658133013,-0.3226191882269898,1.0,0.14474273756814773,-0.14767205367840935,0.5026439934353428,0.40621460822578215,0.06941052365325866,0.45279885228837186,0.5250044305853859,0.12484577408774039,-0.24136584128201338,0.22593358370356004,0.42857504537582525,0.5250044305853859,1.0,0.4961221992665803,0.3582328368413148,0.4448795307977316,0.44394784591647984,-0.07127389341576224,-0.056832777756359434,-0.1686349635065747,0.07220557829701403,0.09922443985331605,-0.02329212203129485,0.1243799316471145,0.2960357698896277,0.20543651631602058,-0.031677285962560996,-0.14813789611903525,-0.203573146553517,0.021428752268791262,0.006987636609388455,0.008851006371892043,0.031677285962560996,0.14813789611903525,-0.203573146553517,-0.1360259926627619,-0.17469091523471136,0.2990708468818259,0.4504696400852424,0.42345077852894036,0.3675496856538327,-0.010248533693769733,-0.3395991392162789,-0.010248533693769733,-0.4369602093070914,-0.06408085672700711,0.4378918941883432,-0.23525043251607797,-0.3400649816569048,-0.08851006371892042,0.3591645217225666,0.3591645217225666,0.2799713068161641,0.33400902992876813,0.33400902992876813,0.3079218532537179,0.3493818304694227,0.33400902992876813,0.09549770032830888
conviction_timer,0.536292811254305,0.4072828496978159,0.14474273756814773,1.0,0.08665301247549786,-0.317187818251433,-0.3625389275844038,-0.6254673828838896,0.0002699470793629217,-0.04832052720596298,0.9124211282466753,0.05062754875621584,-0.011877671491968554,0.2089390394269014,0.00323936495235506,0.14474273756814773,0.03914232650762364,-0.00161968247617753,-0.0018896295555404518,-0.0037792591110809037,0.2540202016805093,0.15710920018922042,0.6246575416458008,-0.5245071752021568,-0.47888611878982307,-0.3134085591403521,-0.06046814577729446,0.08311927070872198,0.17114644831609235,0.40519056612374543,0.36658813377484767,-0.10230994307854732,-0.019706136793493284,-0.017546560158589908,0.13362380428464624,-0.40519056612374543,-0.36658813377484767,-0.10230994307854732,0.2974816814579397,0.24133268895045198,-0.038872379428260724,-0.23890316523618568,-0.2291850703791205,-0.26373829653757447,0.049400315523414666,0.09070221866594169,0.05371946879322141,0.08611311831677201,0.14853468561848981,-0.09502137193574843,0.24511194806153289,0.13740306339572714,0.5933436804397019,-0.06154793409474615,-0.06154793409474615,-0.04778063304723714,-0.0696463464756338,-0.0696463464756338,-0.09043227158657877,-0.043731426856793314,-0.07666497053906976,-0.0005398941587258434
portfolio_risk_reward,0.5032629356320466,0.5455908033719356,-0.14767205367840935,0.08665301247549786,1.0,-0.506896551724138,-0.4970443349753695,-0.10541871921182266,-0.7852216748768472,-0.7926108374384236,0.1330049261083744,0.8684405289423884,-0.9394088669950739,-0.04187192118226601,-0.8039408866995074,-0.14767205367840935,-0.7492610837438424,-0.8876847290640394,-0.8261083743842365,-0.8246305418719212,0.3310344827586207,0.25566502463054186,0.383743842364532,-0.05862068965517241,-0.03694581280788178,-0.3369458128078818,-0.5847290640394088,-0.5790394787008117,-0.40344827586206894,0.03103448275862069,0.07733990147783251,0.21970443349753693,0.02561576354679803,0.002955665024630542,0.22167487684729065,-0.03103448275862069,-0.07733990147783251,0.21970443349753693,-0.2206896551724138,-0.15615763546798028,-0.32561576354679805,-0.43891625615763546,-0.29310344827586204,-0.6566502463054187,0.004433497536945813,0.45123152709359604,-0.042364532019704436,0.4152709359605911,0.20328927815368156,-0.4019704433497537,-0.16206896551724137,0.013793103448275862,0.09359605911330049,-0.7088669950738916,-0.7088669950738916,-0.2935960591133005,-0.7433497536945812,-0.7433497536945812,-0.674384236453202,-0.7679802955665025,-0.7423645320197044,0.012807881773399015
portfolio_garch_vol,-0.8156244510713238,-0.9186421097503505,0.5026439934353428,-0.317187818251433,-0.506896551724138,1.0,0.9364532019704433,0.5064039408866995,0.5236453201970444,0.5881773399014778,-0.41576354679802957,-0.49347131332527777,0.40344827586206894,0.28078817733990147,0.5783251231527093,0.5026439934353428,0.5073891625615764,0.4408866995073892,0.4660098522167488,0.5201970443349754,-0.40935960591133,-0.34926108374384235,-0.6147783251231527,0.45517241379310347,0.4640394088669951,0.48226600985221674,0.22857142857142856,0.3266092661887944,0.04384236453201971,-0.5364532019704433,-0.6408866995073892,-0.08275862068965517,-0.04334975369458128,-0.060098522167487685,-0.18423645320197043,0.5364532019704433,0.6408866995073892,-0.08275862068965517,-0.3226600985221675,-0.3665024630541872,0.5758620689655173,0.9472906403940887,0.90935960591133,0.8906403940886699,-0.012315270935960592,-0.6172413793103448,-0.015270935960591134,-0.6354679802955665,-0.18070158058105026,0.6566502463054187,-0.5394088669950738,-0.49901477832512314,-0.2413793103448276,0.46108374384236456,0.46108374384236456,0.22019704433497536,0.432512315270936,0.432512315270936,0.3807881773399015,0.5738916256157636,0.43349753694581283,0.21970443349753693
portfolio_realized_vol,-0.8604253058753635,-0.940078835134394,0.40621460822578215,-0.3625389275844038,-0.4970443349753695,0.9364532019704433,1.0,0.5995073891625615,0.49014778325123154,0.5482758620689655,-0.4689655172413793,-0.4816457401652112,0.39408866995073893,0.22955665024630542,0.5665024630541872,0.40621460822578215,0.48669950738916257,0.4399014778325123,0.4660098522167488,0.5374384236453202,-0.43842364532019706,-0.36009852216748767,-0.680295566502463,0.48719211822660097,0.49852216748768474,0.3842364532019704,0.2975369458128079,0.3313146539220228,0.12561576354679804,-0.4886699507389163,-0.583743842364532,-0.09359605911330049,0.007881773399014778,-0.0004926108374384236,-0.2522167487684729,0.4886699507389163,0.583743842364532,-0.09359605911330049,-0.28916256157635467,-0.31182266009852216,0.4768472906403941,0.8689655172413793,0.8467980295566503,0.812807881773399,-0.040886699507389164,-0.5354679802955665,-0.022660098522167486,-0.570935960591133,-0.1355261854357877,0.6044334975369459,-0.4463054187192118,-0.42266009852216746,-0.3310344827586207,0.45123152709359604,0.45123152709359604,0.15566502463054188,0.41379310344827586,0.41379310344827586,0.3472906403940887,0.548768472906404,0.41083743842364534,0.13448275862068965
portfolio_vol_regime,-0.637914393681966,-0.6059796273196678,0.06941052365325866,-0.6254673828838896,-0.10541871921182266,0.5064039408866995,0.5995073891625615,1.0,0.05862068965517241,0.07733990147783251,-0.603448275862069,-0.1340231624807544,0.0458128078817734,-0.17881773399014778,-0.0064039408866995075,0.06941052365325866,0.015763546798029555,0.0748768472906404,-0.0009852216748768472,-0.0019704433497536944,-0.24630541871921183,-0.19704433497536947,-0.6275862068965518,0.8940886699507389,0.8753694581280789,0.3221674876847291,0.10049261083743842,-0.08829521687646222,-0.13842364532019705,-0.6068965517241379,-0.6123152709359606,0.21182266009852216,-0.2413793103448276,-0.23448275862068965,-0.16896551724137931,0.6068965517241379,0.6123152709359606,0.21182266009852216,-0.4689655172413793,-0.4586206896551724,0.3448275862068966,0.4182266009852217,0.4714285714285714,0.2940886699507389,-0.1665024630541872,-0.12019704433497537,-0.15172413793103448,-0.07586206896551724,-0.1355261854357877,0.0896551724137931,-0.44532019704433495,-0.44679802955665027,-0.5610837438423645,0.2881773399014778,0.2881773399014778,0.28916256157635467,0.26403940886699506,0.26403940886699506,0.31576354679802954,0.12019704433497537,0.26798029556650244,-0.08620689655172414
forward_model_cvar,-0.36114466844812043,-0.49069187251036084,0.45279885228837186,0.0002699470793629217,-0.7852216748768472,0.5236453201970444,0.49014778325123154,0.05862068965517241,1.0,0.9576354679802955,0.027093596059113302,-0.9019463195625771,0.8911330049261084,0.4886699507389163,0.9088669950738916,0.45279885228837186,0.9812807881773399,0.9201970443349754,0.9064039408866995,0.8798029556650246,-0.3137931034482759,-0.23793103448275862,-0.3083743842364532,-0.06600985221674877,-0.08029556650246306,0.18571428571428572,0.7049261083743842,0.7683621380848248,0.6172413793103448,-0.02857142857142857,-0.02857142857142857,-0.158128078817734,-0.22364532019704433,-0.1935960591133005,0.09950738916256158,0.02857142857142857,0.02857142857142857,-0.158128078817734,0.02413793103448276,-0.035467980295566505,0.3,0.43399014778325123,0.30098522167487685,0.6044334975369459,-0.2970443349753695,-0.5773399014778325,-0.25862068965517243,-0.5719211822660099,-0.22587697572631282,0.5458128078817734,0.21133004926108373,-0.1399014778325123,-0.1477832512315271,0.8403940886699507,0.8403940886699507,0.42167487684729066,0.8428571428571429,0.8428571428571429,0.7788177339901478,0.929064039408867,0.8477832512315271,0.23940886699507388
historical_cvar_target,-0.37657607399173415,-0.5147428326973364,0.5250044305853859,-0.04832052720596298,-0.7926108374384236,0.5881773399014778,0.5482758620689655,0.07733990147783251,0.9576354679802955,1.0,-0.04334975369458128,-0.8551367591373136,0.8655172413793103,0.44532019704433495,0.967487684729064,0.5250044305853859,0.9650246305418719,0.8950738916256158,0.9571428571428572,0.9408866995073891,-0.32660098522167486,-0.24088669950738917,-0.40738916256157637,-0.018226600985221674,-0.030541871921182268,0.21280788177339902,0.6620689655172414,0.6999956221961534,0.5724137931034483,-0.004433497536945813,-0.042364532019704436,-0.23103448275862068,-0.08817733990147783,-0.07536945812807881,0.012315270935960592,0.004433497536945813,0.042364532019704436,-0.23103448275862068,0.05714285714285714,-0.0009852216748768472,0.29211822660098524,0.4935960591133005,0.3477832512315271,0.6738916256157635,-0.20344827586206896,-0.5536945812807882,-0.1812807881773399,-0.6054187192118227,-0.24846467329894412,0.5857142857142857,0.13054187192118227,-0.13793103448275862,-0.17438423645320197,0.8039408866995074,0.8039408866995074,0.4,0.7975369458128079,0.7975369458128079,0.7359605911330049,0.9054187192118227,0.8009852216748768,0.1413793103448276
composite_quality,0.6670349493045918,0.525199771909065,0.12484577408774039,0.9124211282466753,0.1330049261083744,-0.41576354679802957,-0.4689655172413793,-0.603448275862069,0.027093596059113302,-0.04334975369458128,1.0,0.038925844985219116,-0.020689655172413793,0.1399014778325123,-0.02019704433497537,0.12484577408774039,0.054679802955665026,0.003940886699507389,-0.012807881773399015,-0.04187192118226601,0.3527093596059113,0.24532019704433497,0.7019704433497537,-0.541871921182266,-0.5064039408866995,-0.2620689655172414,-0.017241379310344827,0.05508071523014414,0.19655172413793104,0.383743842364532,0.39408866995073893,-0.005911330049261084,-0.07783251231527094,-0.053694581280788176,0.20295566502463055,-0.383743842364532,-0.39408866995073893,-0.005911330049261084,0.25270935960591134,0.2206896551724138,-0.03596059113300493,-0.3847290640394089,-0.3758620689655172,-0.3812807881773399,-0.10985221674876847,0.14334975369458128,-0.11133004926108374,0.18029556650246306,0.1355261854357877,-0.19950738916256158,0.32413793103448274,0.04926108374384237,0.6285714285714286,0.022167487684729065,0.022167487684729065,0.12660098522167487,0.00935960591133005,0.00935960591133005,0.023645320197044337,-0.05270935960591133,0.008866995073891626,-0.06551724137931035
selected_count,0.4157547903983743,0.5002263414365923,-0.24136584128201338,0.05062754875621584,0.8684405289423884,-0.49347131332527777,-0.4816457401652112,-0.1340231624807544,-0.9019463195625771,-0.8551367591373136,0.038925844985219116,1.0,-0.9233801709151978,-0.2966247934316697,-0.797487089981989,-0.24136584128201338,-0.8622813762548538,-0.9110618655401284,-0.8142399852920834,-0.7893570084344433,0.3266814585468389,0.2540034568339298,0.36141907970453446,-0.003449125505019415,0.014535600342581822,-0.19832471653861639,-0.7423010819016784,-0.7799025440327376,-0.5922641224333338,0.12096575878318092,0.11603843663315318,0.05321507922029955,0.14042868127579047,0.11061838226812268,-0.0914018258830145,-0.12096575878318092,-0.11603843663315318,0.05321507922029955,-0.008622813762548538,0.0542005436503051,-0.31214585820425705,-0.40773590791479514,-0.2953929628941628,-0.58980046135832,0.3303769501593597,0.6183789298284809,0.2631190028114811,0.5048041542703415,0.2259326310125403,-0.48115300795020843,-0.25080069743641176,0.09435821917303114,0.12195122321318647,-0.8861788886824883,-0.8861788886824883,-0.4924858488952722,-0.9026854178850813,-0.9026854178850813,-0.8494703386647817,-0.92732202863522,-0.9026854178850813,-0.2591771450914589
forward_model_cvar_raw,-0.379811691283137,-0.45226262090725855,0.22593358370356004,-0.011877671491968554,-0.9394088669950739,0.40344827586206894,0.39408866995073893,0.0458128078817734,0.8911330049261084,0.8655172413793103,-0.020689655172413793,-0.9233801709151978,1.0,0.216256157635468,0.8394088669950739,0.22593358370356004,0.8536945812807881,0.967487684729064,0.8911330049261084,0.8620689655172413,-0.32906403940886697,-0.2517241379310345,-0.3221674876847291,-0.05812807881773399,-0.08866995073891626,0.20147783251231527,0.7029556650246306,0.7094063976626102,0.5527093596059113,0.025123152709359605,0.007389162561576354,-0.22610837438423645,-0.13596059113300493,-0.09310344827586207,-0.0729064039408867,-0.025123152709359605,-0.007389162561576354,-0.22610837438423645,0.20394088669950738,0.1315270935960591,0.24285714285714285,0.3270935960591133,0.18866995073891626,0.5344827586206896,-0.09359605911330049,-0.49014778325123154,-0.03103448275862069,-0.45960591133004924,-0.22587697572631282,0.43349753694581283,0.27241379310344827,0.00541871921182266,-0.11970443349753694,0.7891625615763547,0.7891625615763547,0.38620689655172413,0.8192118226600985,0.8192118226600985,0.7719211822660098,0.8344827586206897,0.8236453201970443,0.06798029556650247
portfolio_scenario_mean,-0.08014375137167111,-0.1944990693381505,0.42857504537582525,0.2089390394269014,-0.04187192118226601,0.28078817733990147,0.22955665024630542,-0.17881773399014778,0.4886699507389163,0.44532019704433495,0.1399014778325123,-0.2966247934316697,0.216256157635468,1.0,0.3852216748768473,0.42857504537582525,0.5413793103448276,0.2940886699507389,0.38817733990147785,0.35763546798029555,-0.14236453201970442,-0.11133004926108374,-0.05763546798029557,-0.2187192118226601,-0.21822660098522167,-0.17980295566502463,0.42857142857142855,0.6659507580086774,0.5463054187192118,0.08472906403940887,0.04926108374384237,-0.3059113300492611,-0.15566502463054188,-0.12512315270935961,0.29507389162561576,-0.08472906403940887,-0.04926108374384237,-0.3059113300492611,0.035467980295566505,-0.017241379310344827,0.07536945812807881,0.39655172413793105,0.39113300492610836,0.3438423645320197,-0.035467980295566505,-0.5729064039408867,-0.04827586206896552,-0.7108374384236453,-0.18070158058105026,0.6950738916256157,0.10344827586206896,0.052216748768472904,-0.11280788177339901,0.3216748768472906,0.3216748768472906,0.12807881773399016,0.2935960591133005,0.2935960591133005,0.2354679802955665,0.49852216748768474,0.296551724137931,0.6206896551724138
historical_cvar_target_raw,-0.3678647966687264,-0.5134357152958704,0.5250044305853859,0.00323936495235506,-0.8039408866995074,0.5783251231527093,0.5665024630541872,-0.0064039408866995075,0.9088669950738916,0.967487684729064,-0.02019704433497537,-0.797487089981989,0.8394088669950739,0.3852216748768473,1.0,0.5250044305853859,0.9325123152709359,0.8669950738916257,0.9596059113300492,0.9793103448275862,-0.3669950738916256,-0.2812807881773399,-0.3955665024630542,-0.09408866995073892,-0.09852216748768473,0.20541871921182267,0.6039408866995074,0.6468524195620445,0.5374384236453202,0.04433497536945813,-0.0034482758620689655,-0.28423645320197044,0.020689655172413793,0.023645320197044337,-0.09704433497536946,-0.04433497536945813,0.0034482758620689655,-0.28423645320197044,0.11921182266009853,0.06354679802955665,0.25862068965517243,0.47783251231527096,0.32610837438423645,0.6655172413793103,-0.11133004926108374,-0.5320197044334976,-0.07980295566502463,-0.5960591133004927,-0.22587697572631282,0.5827586206896552,0.10344827586206896,-0.10788177339901478,-0.10049261083743842,0.7216748768472906,0.7216748768472906,0.2689655172413793,0.712807881773399,0.712807881773399,0.6177339901477833,0.8517241379310345,0.7113300492610838,0.09950738916256158
forward_risk_timer,-0.0809668658133013,-0.3226191882269898,1.0,0.14474273756814773,-0.14767205367840935,0.5026439934353428,0.40621460822578215,0.06941052365325866,0.45279885228837186,0.5250044305853859,0.12484577408774039,-0.24136584128201338,0.22593358370356004,0.42857504537582525,0.5250044305853859,1.0,0.4961221992665803,0.3582328368413148,0.4448795307977316,0.44394784591647984,-0.07127389341576224,-0.056832777756359434,-0.1686349635065747,0.07220557829701403,0.09922443985331605,-0.02329212203129485,0.1243799316471145,0.2960357698896277,0.20543651631602058,-0.031677285962560996,-0.14813789611903525,-0.203573146553517,0.021428752268791262,0.006987636609388455,0.008851006371892043,0.031677285962560996,0.14813789611903525,-0.203573146553517,-0.1360259926627619,-0.17469091523471136,0.2990708468818259,0.4504696400852424,0.42345077852894036,0.3675496856538327,-0.010248533693769733,-0.3395991392162789,-0.010248533693769733,-0.4369602093070914,-0.06408085672700711,0.4378918941883432,-0.23525043251607797,-0.3400649816569048,-0.08851006371892042,0.3591645217225666,0.3591645217225666,0.2799713068161641,0.33400902992876813,0.33400902992876813,0.3079218532537179,0.3493818304694227,0.33400902992876813,0.09549770032830888
forward_model_cdar,-0.30489470630527055,-0.445465610419635,0.4961221992665803,0.03914232650762364,-0.7492610837438424,0.5073891625615764,0.48669950738916257,0.015763546798029555,0.9812807881773399,0.9650246305418719,0.054679802955665026,-0.8622813762548538,0.8536945812807881,0.5413793103448276,0.9325123152709359,0.4961221992665803,1.0,0.896551724137931,0.9374384236453202,0.9137931034482759,-0.3359605911330049,-0.26157635467980295,-0.3167487684729064,-0.09753694581280788,-0.11133004926108374,0.12413793103448276,0.7009852216748769,0.7860765389628611,0.6640394088669951,0.011822660098522168,0.002955665024630542,-0.19261083743842364,-0.15320197044334977,-0.13399014778325122,0.07586206896551724,-0.011822660098522168,-0.002955665024630542,-0.19261083743842364,0.03694581280788178,-0.02019704433497537,0.2566502463054187,0.4315270935960591,0.29261083743842364,0.5985221674876847,-0.2536945812807882,-0.5596059113300492,-0.229064039408867,-0.596551724137931,-0.2710523708715754,0.5699507389162561,0.2123152709359606,-0.11280788177339901,-0.13004926108374384,0.8167487684729065,0.8167487684729065,0.3689655172413793,0.812807881773399,0.812807881773399,0.732512315270936,0.9241379310344827,0.8167487684729065,0.2438423645320197
forward_model_cdar_raw,-0.3658736475663247,-0.46036674879634815,0.3582328368413148,-0.00161968247617753,-0.8876847290640394,0.4408866995073892,0.4399014778325123,0.0748768472906404,0.9201970443349754,0.8950738916256158,0.003940886699507389,-0.9110618655401284,0.967487684729064,0.2940886699507389,0.8669950738916257,0.3582328368413148,0.896551724137931,1.0,0.906896551724138,0.8788177339901477,-0.31477832512315274,-0.24285714285714285,-0.35467980295566504,-0.016748768472906402,-0.040886699507389164,0.15467980295566502,0.7280788177339902,0.753692399857701,0.6088669950738916,-0.039901477832512314,-0.05714285714285714,-0.1807881773399015,-0.16945812807881774,-0.13399014778325122,-0.019704433497536946,0.039901477832512314,0.05714285714285714,-0.1807881773399015,0.11822660098522167,0.042364532019704436,0.2748768472906404,0.3556650246305419,0.23793103448275862,0.5241379310344828,-0.14285714285714285,-0.4921182266009852,-0.07684729064039408,-0.474384236453202,-0.22587697572631282,0.4482758620689655,0.20098522167487684,-0.0980295566502463,-0.16108374384236454,0.8325123152709359,0.8325123152709359,0.44482758620689655,0.8576354679802956,0.8576354679802956,0.8098522167487685,0.8330049261083744,0.8566502463054187,0.09704433497536946
historical_cdar_target,-0.3113659408880763,-0.42716596679911006,0.4448795307977316,-0.0018896295555404518,-0.8261083743842365,0.4660098522167488,0.4660098522167488,-0.0009852216748768472,0.9064039408866995,0.9571428571428572,-0.012807881773399015,-0.8142399852920834,0.8911330049261084,0.38817733990147785,0.9596059113300492,0.4448795307977316,0.9374384236453202,0.906896551724138,1.0,0.9827586206896551,-0.3876847290640394,-0.3083743842364532,-0.37980295566502464,-0.0896551724137931,-0.10541871921182266,0.13497536945812807,0.6674876847290641,0.6999956221961534,0.6142857142857143,0.11280788177339901,0.07142857142857142,-0.3078817733990148,0.011330049261083743,0.03201970443349754,-0.13891625615763548,-0.11280788177339901,-0.07142857142857142,-0.3078817733990148,0.16551724137931034,0.11083743842364532,0.17389162561576355,0.3866995073891626,0.23201970443349754,0.5955665024630542,-0.0896551724137931,-0.45960591133004924,-0.06502463054187192,-0.5605911330049261,-0.22587697572631282,0.5413793103448276,0.22167487684729065,-0.02561576354679803,-0.15123152709359605,0.7438423645320197,0.7438423645320197,0.28472906403940884,0.7433497536945812,0.7433497536945812,0.6660098522167488,0.8517241379310345,0.7458128078817734,0.06206896551724138
historical_cdar_target_raw,-0.3708515203223291,-0.4878162142271355,0.44394784591647984,-0.0037792591110809037,-0.8246305418719212,0.5201970443349754,0.5374384236453202,-0.0019704433497536944,0.8798029556650246,0.9408866995073891,-0.04187192118226601,-0.7893570084344433,0.8620689655172413,0.35763546798029555,0.9793103448275862,0.44394784591647984,0.9137931034482759,0.8788177339901477,0.9827586206896551,1.0,-0.4458128078817734,-0.3640394088669951,-0.41674876847290643,-0.10246305418719212,-0.11428571428571428,0.1665024630541872,0.6206896551724138,0.6557096200010627,0.5645320197044335,0.07733990147783251,0.03399014778325123,-0.3142857142857143,0.060098522167487685,0.07339901477832513,-0.183743842364532,-0.07733990147783251,-0.03399014778325123,-0.3142857142857143,0.14236453201970442,0.08817733990147783,0.18226600985221675,0.4241379310344828,0.2748768472906404,0.625615763546798,-0.06305418719211822,-0.4802955665024631,-0.029556650246305417,-0.5719211822660099,-0.22587697572631282,0.5605911330049261,0.15073891625615762,-0.03940886699507389,-0.14088669950738916,0.6995073891625616,0.6995073891625616,0.22216748768472908,0.6931034482758621,0.6931034482758621,0.5990147783251232,0.8310344827586207,0.6916256157635468,0.06403940886699508
asset_mean_efficiency_ratio,0.5084897020258512,0.45644539659194994,-0.07127389341576224,0.2540202016805093,0.3310344827586207,-0.40935960591133,-0.43842364532019706,-0.24630541871921183,-0.3137931034482759,-0.32660098522167486,0.3527093596059113,0.3266814585468389,-0.32906403940886697,-0.14236453201970442,-0.3669950738916256,-0.07127389341576224,-0.3359605911330049,-0.31477832512315274,-0.3876847290640394,-0.4458128078817734,1.0,0.9773399014778326,0.5842364532019705,-0.002955665024630542,-0.0049261083743842365,-0.15123152709359605,-0.3610837438423645,-0.28702865172693204,-0.2822660098522167,0.2541871921182266,0.24088669950738917,0.0458128078817734,-0.09310344827586207,-0.09014778325123153,0.3566502463054187,-0.2541871921182266,-0.24088669950738917,0.0458128078817734,0.40788177339901477,0.43054187192118226,0.23103448275862068,-0.32364532019704434,-0.30886699507389165,-0.4,-0.052216748768472904,0.2812807881773399,-0.06059113300492611,0.3541871921182266,0.09035079029052513,-0.358128078817734,0.26354679802955666,0.23251231527093597,0.2044334975369458,-0.21330049261083744,-0.21330049261083744,0.11773399014778325,-0.20344827586206896,-0.20344827586206896,-0.11625615763546798,-0.3310344827586207,-0.21133004926108373,-0.12807881773399016
asset_median_efficiency_ratio,0.420381354244573,0.37174418897694894,-0.056832777756359434,0.15710920018922042,0.25566502463054186,-0.34926108374384235,-0.36009852216748767,-0.19704433497536947,-0.23793103448275862,-0.24088669950738917,0.24532019704433497,0.2540034568339298,-0.2517241379310345,-0.11133004926108374,-0.2812807881773399,-0.056832777756359434,-0.26157635467980295,-0.24285714285714285,-0.3083743842364532,-0.3640394088669951,0.9773399014778326,1.0,0.45369458128078816,0.026108374384236452,0.021182266009852218,-0.13251231527093596,-0.31822660098522165,-0.2513230624571401,-0.26798029556650244,0.2625615763546798,0.2438423645320197,-0.03103448275862069,-0.08522167487684729,-0.08177339901477833,0.33645320197044337,-0.2625615763546798,-0.2438423645320197,-0.03103448275862069,0.4487684729064039,0.46995073891625616,0.23103448275862068,-0.26354679802955666,-0.2600985221674877,-0.3167487684729064,-0.035467980295566505,0.21182266009852216,-0.033497536945812804,0.28866995073891627,0.09035079029052513,-0.28472906403940884,0.2793103448275862,0.2832512315270936,0.11527093596059114,-0.16798029556650246,-0.16798029556650246,0.16403940886699508,-0.15467980295566502,-0.15467980295566502,-0.0665024630541872,-0.26354679802955666,-0.16502463054187191,-0.13645320197044336
asset_dispersion_efficiency_ratio,0.7543966161724694,0.7050591263507955,-0.1686349635065747,0.6246575416458008,0.383743842364532,-0.6147783251231527,-0.680295566502463,-0.6275862068965518,-0.3083743842364532,-0.40738916256157637,0.7019704433497537,0.36141907970453446,-0.3221674876847291,-0.05763546798029557,-0.3955665024630542,-0.1686349635065747,-0.3167487684729064,-0.35467980295566504,-0.37980295566502464,-0.41674876847290643,0.5842364532019705,0.45369458128078816,1.0,-0.4458128078817734,-0.4231527093596059,-0.2881773399014778,-0.35073891625615766,-0.23194793649678788,-0.1625615763546798,0.4211822660098522,0.43004926108374386,0.10738916256157635,-0.05862068965517241,-0.060098522167487685,0.35960591133004927,-0.4211822660098522,-0.43004926108374386,0.10738916256157635,0.274384236453202,0.30098522167487685,-0.05517241379310345,-0.5428571428571428,-0.538423645320197,-0.5763546798029556,-0.05566502463054187,0.358128078817734,-0.08620689655172414,0.38817733990147785,0.045175395145262566,-0.41576354679802957,0.3610837438423645,0.23054187192118228,0.5044334975369458,-0.3729064039408867,-0.3729064039408867,-0.2231527093596059,-0.3699507389162562,-0.3699507389162562,-0.3354679802955665,-0.35467980295566504,-0.3605911330049261,-0.026108374384236452
asset_mean_atr_vol_regime,-0.500276211978444,-0.4797120863380459,0.07220557829701403,-0.5245071752021568,-0.05862068965517241,0.45517241379310347,0.48719211822660097,0.8940886699507389,-0.06600985221674877,-0.018226600985221674,-0.541871921182266,-0.003449125505019415,-0.05812807881773399,-0.2187192118226601,-0.09408866995073892,0.07220557829701403,-0.09753694581280788,-0.016748768472906402,-0.0896551724137931,-0.10246305418719212,-0.002955665024630542,0.026108374384236452,-0.4458128078817734,1.0,0.9886699507389163,0.3640394088669951,-0.07881773399014778,-0.2001173724190664,-0.29310344827586204,-0.5615763546798029,-0.625615763546798,0.19655172413793104,-0.19852216748768473,-0.22610837438423645,-0.13596059113300493,0.5615763546798029,0.625615763546798,0.19655172413793104,-0.3699507389162562,-0.37192118226600984,0.5275862068965518,0.4374384236453202,0.4802955665024631,0.28472906403940884,-0.03940886699507389,-0.039901477832512314,-0.039901477832512314,-0.015270935960591134,-0.18070158058105026,0.025123152709359605,-0.506896551724138,-0.41625615763546797,-0.5024630541871922,0.17536945812807883,0.17536945812807883,0.25073891625615763,0.1625615763546798,0.1625615763546798,0.2315270935960591,0.0004926108374384236,0.15467980295566502,-0.10492610837438424
asset_median_atr_vol_regime,-0.47936914640322537,-0.4671637592839717,0.09922443985331605,-0.47888611878982307,-0.03694581280788178,0.4640394088669951,0.49852216748768474,0.8753694581280789,-0.08029556650246306,-0.030541871921182268,-0.5064039408866995,0.014535600342581822,-0.08866995073891626,-0.21822660098522167,-0.09852216748768473,0.09922443985331605,-0.11133004926108374,-0.040886699507389164,-0.10541871921182266,-0.11428571428571428,-0.0049261083743842365,0.021182266009852218,-0.4231527093596059,0.9886699507389163,1.0,0.31133004926108376,-0.10985221674876847,-0.22973363638703334,-0.3167487684729064,-0.5551724137931034,-0.6344827586206897,0.20344827586206896,-0.19310344827586207,-0.23004926108374385,-0.13054187192118227,0.5551724137931034,0.6344827586206897,0.20344827586206896,-0.39113300492610836,-0.3876847290640394,0.5098522167487685,0.44532019704433495,0.5004926108374385,0.28423645320197044,-0.06699507389162561,-0.030049261083743842,-0.06995073891625615,-0.005911330049261084,-0.09035079029052513,0.02315270935960591,-0.5354679802955665,-0.45714285714285713,-0.4807881773399015,0.14433497536945813,0.14433497536945813,0.22955665024630542,0.1270935960591133,0.1270935960591133,0.1935960591133005,-0.017733990147783252,0.11822660098522167,-0.13349753694581282
asset_dispersion_atr_vol_regime,-0.5438325985934825,-0.5356567111207935,-0.02329212203129485,-0.3134085591403521,-0.3369458128078818,0.48226600985221674,0.3842364532019704,0.3221674876847291,0.18571428571428572,0.21280788177339902,-0.2620689655172414,-0.19832471653861639,0.20147783251231527,-0.17980295566502463,0.20541871921182267,-0.02329212203129485,0.12413793103448276,0.15467980295566502,0.13497536945812807,0.1665024630541872,-0.15123152709359605,-0.13251231527093596,-0.2881773399014778,0.3640394088669951,0.31133004926108376,1.0,0.08571428571428572,-0.06283076561428502,-0.16108374384236454,-0.33448275862068966,-0.33399014778325126,0.08916256157635467,0.034975369458128076,0.04334975369458128,-0.2832512315270936,0.33448275862068966,0.33399014778325126,0.08916256157635467,-0.1916256157635468,-0.21576354679802956,0.5379310344827586,0.4625615763546798,0.3689655172413793,0.5650246305418719,0.04384236453201971,-0.19507389162561575,0.03201970443349754,-0.20738916256157636,-0.24846467329894412,0.21182266009852216,-0.2187192118226601,-0.25911330049261083,0.02167487684729064,0.24532019704433497,0.24532019704433497,0.2399014778325123,0.24630541871921183,0.24630541871921183,0.25566502463054186,0.19556650246305418,0.2438423645320197,0.01083743842364532
asset_mean_liquidity_score,-0.2924500244152595,-0.3137081763518556,0.1243799316471145,-0.06046814577729446,-0.5847290640394088,0.22857142857142856,0.2975369458128079,0.10049261083743842,0.7049261083743842,0.6620689655172414,-0.017241379310344827,-0.7423010819016784,0.7029556650246306,0.42857142857142855,0.6039408866995074,0.1243799316471145,0.7009852216748769,0.7280788177339902,0.6674876847290641,0.6206896551724138,-0.3610837438423645,-0.31822660098522165,-0.35073891625615766,-0.07881773399014778,-0.10985221674876847,0.08571428571428572,1.0,0.8469697919811109,0.9014778325123153,0.007881773399014778,0.033497536945812804,-0.05270935960591133,-0.13891625615763548,-0.08768472906403942,0.1354679802955665,-0.007881773399014778,-0.033497536945812804,-0.05270935960591133,0.0748768472906404,0.02167487684729064,0.03251231527093596,0.21379310344827587,0.13793103448275862,0.35763546798029555,-0.13694581280788176,-0.42857142857142855,-0.08522167487684729,-0.4886699507389163,-0.20328927815368156,0.4522167487684729,0.3226600985221675,-0.016748768472906402,-0.07192118226600985,0.7374384236453202,0.7374384236453202,0.3187192118226601,0.758128078817734,0.758128078817734,0.680295566502463,0.7068965517241379,0.7620689655172413,0.32807881773399017
asset_median_liquidity_score,-0.24795054284674417,-0.3318206085501464,0.2960357698896277,0.08311927070872198,-0.5790394787008117,0.3266092661887944,0.3313146539220228,-0.08829521687646222,0.7683621380848248,0.6999956221961534,0.05508071523014414,-0.7799025440327376,0.7094063976626102,0.6659507580086774,0.6468524195620445,0.2960357698896277,0.7860765389628611,0.753692399857701,0.6999956221961534,0.6557096200010627,-0.28702865172693204,-0.2513230624571401,-0.23194793649678788,-0.2001173724190664,-0.22973363638703334,-0.06283076561428502,0.8469697919811109,1.0,0.8500144546320234,0.021035851042668113,0.019098338446632893,-0.15776888282001086,-0.09161666704109402,-0.0431788521402135,0.17160825850597672,-0.021035851042668113,-0.019098338446632893,-0.15776888282001086,0.10628640526821784,0.04068776451673964,0.1328580065852723,0.3614844929174284,0.2814929014525457,0.44396717200578495,-0.11929541841302575,-0.581807353838005,-0.06919687842982933,-0.6144682804568844,-0.24113935657886418,0.5790394787008117,0.31110916542051265,0.01217865060364996,-0.033214501646318076,0.7285047361092432,0.7285047361092432,0.26018026289615825,0.7462191369872794,0.7462191369872794,0.6413166692876582,0.8076659650329678,0.7467727120147181,0.5317088138548085
asset_dispersion_liquidity_score,-0.028124981071424957,-0.08077985541060283,0.20543651631602058,0.17114644831609235,-0.40344827586206894,0.04384236453201971,0.12561576354679804,-0.13842364532019705,0.6172413793103448,0.5724137931034483,0.19655172413793104,-0.5922641224333338,0.5527093596059113,0.5463054187192118,0.5374384236453202,0.20543651631602058,0.6640394088669951,0.6088669950738916,0.6142857142857143,0.5645320197044335,-0.2822660098522167,-0.26798029556650244,-0.1625615763546798,-0.29310344827586204,-0.3167487684729064,-0.16108374384236454,0.9014778325123153,0.8500144546320234,1.0,0.23645320197044334,0.2512315270935961,-0.0980295566502463,0.012315270935960592,0.05172413793103448,0.1206896551724138,-0.23645320197044334,-0.2512315270935961,-0.0980295566502463,0.1458128078817734,0.10147783251231528,-0.13645320197044336,0.05812807881773399,-0.00935960591133005,0.18620689655172415,-0.12955665024630542,-0.2935960591133005,-0.09211822660098522,-0.3852216748768473,-0.1355261854357877,0.3443349753694581,0.4438423645320197,0.12266009852216748,0.035467980295566505,0.6093596059113301,0.6093596059113301,0.1793103448275862,0.6206896551724138,0.6206896551724138,0.5192118226600986,0.6172413793103448,0.6177339901477833,0.3374384236453202
asset_mean_breakout_strength,0.5052540847344483,0.49905742387974367,-0.031677285962560996,0.40519056612374543,0.03103448275862069,-0.5364532019704433,-0.4886699507389163,-0.6068965517241379,-0.02857142857142857,-0.004433497536945813,0.383743842364532,0.12096575878318092,0.025123152709359605,0.08472906403940887,0.04433497536945813,-0.031677285962560996,0.011822660098522168,-0.039901477832512314,0.11280788177339901,0.07733990147783251,0.2541871921182266,0.2625615763546798,0.4211822660098522,-0.5615763546798029,-0.5551724137931034,-0.33448275862068966,0.007881773399014778,0.021035851042668113,0.23645320197044334,1.0,0.9517241379310345,-0.5536945812807882,0.38029556650246304,0.4206896551724138,-0.1566502463054187,-1.0,-0.9517241379310345,-0.5536945812807882,0.683743842364532,0.7039408866995074,-0.503448275862069,-0.45911330049261084,-0.5438423645320197,-0.2684729064039409,0.21674876847290642,0.36305418719211824,0.19753694581280787,0.2103448275862069,0.18070158058105026,-0.20541871921182267,0.6990147783251232,0.6640394088669951,0.17192118226600986,-0.19704433497536947,-0.19704433497536947,-0.20492610837438424,-0.18472906403940886,-0.18472906403940886,-0.21133004926108373,-0.10640394088669951,-0.18719211822660098,-0.30935960591133005
asset_median_breakout_strength,0.5480637904360863,0.570687457480084,-0.14813789611903525,0.36658813377484767,0.07733990147783251,-0.6408866995073892,-0.583743842364532,-0.6123152709359606,-0.02857142857142857,-0.042364532019704436,0.39408866995073893,0.11603843663315318,0.007389162561576354,0.04926108374384237,-0.0034482758620689655,-0.14813789611903525,0.002955665024630542,-0.05714285714285714,0.07142857142857142,0.03399014778325123,0.24088669950738917,0.2438423645320197,0.43004926108374386,-0.625615763546798,-0.6344827586206897,-0.33399014778325126,0.033497536945812804,0.019098338446632893,0.2512315270935961,0.9517241379310345,1.0,-0.4182266009852217,0.2935960591133005,0.34236453201970446,-0.07339901477832513,-0.9517241379310345,-1.0,-0.4182266009852217,0.603448275862069,0.6275862068965518,-0.5832512315270936,-0.6009852216748769,-0.6896551724137931,-0.3768472906403941,0.061083743842364535,0.3724137931034483,0.047783251231527095,0.26699507389162563,0.1355261854357877,-0.274384236453202,0.7788177339901478,0.6492610837438424,0.20788177339901479,-0.1566502463054187,-0.1566502463054187,-0.19064039408866995,-0.14729064039408868,-0.14729064039408868,-0.17980295566502463,-0.09852216748768473,-0.1458128078817734,-0.22857142857142856
asset_dispersion_breakout_strength,0.06147672853665455,0.11711771917135944,-0.203573146553517,-0.10230994307854732,0.21970443349753693,-0.08275862068965517,-0.09359605911330049,0.21182266009852216,-0.158128078817734,-0.23103448275862068,-0.005911330049261084,0.05321507922029955,-0.22610837438423645,-0.3059113300492611,-0.28423645320197044,-0.203573146553517,-0.19261083743842364,-0.1807881773399015,-0.3078817733990148,-0.3142857142857143,0.0458128078817734,-0.03103448275862069,0.10738916256157635,0.19655172413793104,0.20344827586206896,0.08916256157635467,-0.05270935960591133,-0.15776888282001086,-0.0980295566502463,-0.5536945812807882,-0.4182266009852217,1.0,-0.24433497536945814,-0.3142857142857143,0.42512315270935963,0.5536945812807882,0.4182266009852217,1.0,-0.4862068965517241,-0.4522167487684729,0.0916256157635468,-0.1684729064039409,-0.13497536945812807,-0.24532019704433497,-0.5645320197044335,0.16995073891625614,-0.5517241379310345,0.3497536945812808,-0.045175395145262566,-0.3935960591133005,-0.16157635467980297,-0.32315270935960594,0.2665024630541872,-0.006896551724137931,-0.006896551724137931,-0.09852216748768473,-0.002955665024630542,-0.002955665024630542,-0.01083743842364532,-0.0645320197044335,0.0024630541871921183,0.25073891625615763
asset_mean_normalized_spike,0.0477875784576424,0.03372362895782448,0.021428752268791262,-0.019706136793493284,0.02561576354679803,-0.04334975369458128,0.007881773399014778,-0.2413793103448276,-0.22364532019704433,-0.08817733990147783,-0.07783251231527094,0.14042868127579047,-0.13596059113300493,-0.15566502463054188,0.020689655172413793,0.021428752268791262,-0.15320197044334977,-0.16945812807881774,0.011330049261083743,0.060098522167487685,-0.09310344827586207,-0.08522167487684729,-0.05862068965517241,-0.19852216748768473,-0.19310344827586207,0.034975369458128076,-0.13891625615763548,-0.09161666704109402,0.012315270935960592,0.38029556650246304,0.2935960591133005,-0.24433497536945814,1.0,0.9827586206896551,-0.5133004926108374,-0.38029556650246304,-0.2935960591133005,-0.24433497536945814,0.13251231527093596,0.16551724137931034,-0.33251231527093594,-0.04827586206896552,-0.09310344827586207,0.039901477832512314,0.2650246305418719,0.11182266009852217,0.28423645320197044,0.04285714285714286,0.045175395145262566,-0.012807881773399015,0.10344827586206896,0.3399014778325123,0.11970443349753694,-0.21379310344827587,-0.21379310344827587,-0.30147783251231525,-0.2334975369458128,-0.2334975369458128,-0.2773399014778325,-0.09950738916256158,-0.24679802955665026,-0.1394088669950739
asset_median_normalized_spike,0.022898214677620318,0.01307117401466065,0.006987636609388455,-0.017546560158589908,0.002955665024630542,-0.060098522167487685,-0.0004926108374384236,-0.23448275862068965,-0.1935960591133005,-0.07536945812807881,-0.053694581280788176,0.11061838226812268,-0.09310344827586207,-0.12512315270935961,0.023645320197044337,0.006987636609388455,-0.13399014778325122,-0.13399014778325122,0.03201970443349754,0.07339901477832513,-0.09014778325123153,-0.08177339901477833,-0.060098522167487685,-0.22610837438423645,-0.23004926108374385,0.04334975369458128,-0.08768472906403942,-0.0431788521402135,0.05172413793103448,0.4206896551724138,0.34236453201970446,-0.3142857142857143,0.9827586206896551,1.0,-0.5482758620689655,-0.4206896551724138,-0.34236453201970446,-0.3142857142857143,0.19507389162561575,0.2270935960591133,-0.3556650246305419,-0.0665024630541872,-0.10738916256157635,0.02561576354679803,0.28620689655172415,0.10788177339901478,0.3137931034482759,0.03152709359605911,0.06776309271789385,0.0024630541871921183,0.16896551724137931,0.3876847290640394,0.09261083743842365,-0.17832512315270935,-0.17832512315270935,-0.25517241379310346,-0.19507389162561575,-0.19507389162561575,-0.23103448275862068,-0.0812807881773399,-0.20541871921182267,-0.14679802955665025
asset_dispersion_normalized_spike,0.3198283245732838,0.3050812015021796,0.008851006371892043,0.13362380428464624,0.22167487684729065,-0.18423645320197043,-0.2522167487684729,-0.16896551724137931,0.09950738916256158,0.012315270935960592,0.20295566502463055,-0.0914018258830145,-0.0729064039408867,0.29507389162561576,-0.09704433497536946,0.008851006371892043,0.07586206896551724,-0.019704433497536946,-0.13891625615763548,-0.183743842364532,0.3566502463054187,0.33645320197044337,0.35960591133004927,-0.13596059113300493,-0.13054187192118227,-0.2832512315270936,0.1354679802955665,0.17160825850597672,0.1206896551724138,-0.1566502463054187,-0.07339901477832513,0.42512315270935963,-0.5133004926108374,-0.5482758620689655,1.0,0.1566502463054187,0.07339901477832513,0.42512315270935963,-0.08374384236453201,-0.09064039408866995,0.09359605911330049,-0.16995073891625614,-0.14088669950738916,-0.24433497536945814,-0.37635467980295567,-0.1522167487684729,-0.37980295566502464,-0.034482758620689655,-0.2710523708715754,-0.007881773399014778,0.12660098522167487,0.025123152709359605,0.10591133004926108,0.07586206896551724,0.07586206896551724,0.16354679802955666,0.09458128078817735,0.09458128078817735,0.13349753694581282,0.09113300492610837,0.10738916256157635,0.4665024630541872
asset_mean_pullback_ratio,-0.5052540847344483,-0.49905742387974367,0.031677285962560996,-0.40519056612374543,-0.03103448275862069,0.5364532019704433,0.4886699507389163,0.6068965517241379,0.02857142857142857,0.004433497536945813,-0.383743842364532,-0.12096575878318092,-0.025123152709359605,-0.08472906403940887,-0.04433497536945813,0.031677285962560996,-0.011822660098522168,0.039901477832512314,-0.11280788177339901,-0.07733990147783251,-0.2541871921182266,-0.2625615763546798,-0.4211822660098522,0.5615763546798029,0.5551724137931034,0.33448275862068966,-0.007881773399014778,-0.021035851042668113,-0.23645320197044334,-1.0,-0.9517241379310345,0.5536945812807882,-0.38029556650246304,-0.4206896551724138,0.1566502463054187,1.0,0.9517241379310345,0.5536945812807882,-0.683743842364532,-0.7039408866995074,0.503448275862069,0.45911330049261084,0.5438423645320197,0.2684729064039409,-0.21674876847290642,-0.36305418719211824,-0.19753694581280787,-0.2103448275862069,-0.18070158058105026,0.20541871921182267,-0.6990147783251232,-0.6640394088669951,-0.17192118226600986,0.19704433497536947,0.19704433497536947,0.20492610837438424,0.18472906403940886,0.18472906403940886,0.21133004926108373,0.10640394088669951,0.18719211822660098,0.30935960591133005
asset_median_pullback_ratio,-0.5480637904360863,-0.570687457480084,0.14813789611903525,-0.36658813377484767,-0.07733990147783251,0.6408866995073892,0.583743842364532,0.6123152709359606,0.02857142857142857,0.042364532019704436,-0.39408866995073893,-0.11603843663315318,-0.007389162561576354,-0.04926108374384237,0.0034482758620689655,0.14813789611903525,-0.002955665024630542,0.05714285714285714,-0.07142857142857142,-0.03399014778325123,-0.24088669950738917,-0.2438423645320197,-0.43004926108374386,0.625615763546798,0.6344827586206897,0.33399014778325126,-0.033497536945812804,-0.019098338446632893,-0.2512315270935961,-0.9517241379310345,-1.0,0.4182266009852217,-0.2935960591133005,-0.34236453201970446,0.07339901477832513,0.9517241379310345,1.0,0.4182266009852217,-0.603448275862069,-0.6275862068965518,0.5832512315270936,0.6009852216748769,0.6896551724137931,0.3768472906403941,-0.061083743842364535,-0.3724137931034483,-0.047783251231527095,-0.26699507389162563,-0.1355261854357877,0.274384236453202,-0.7788177339901478,-0.6492610837438424,-0.20788177339901479,0.1566502463054187,0.1566502463054187,0.19064039408866995,0.14729064039408868,0.14729064039408868,0.17980295566502463,0.09852216748768473,0.1458128078817734,0.22857142857142856
asset_dispersion_pullback_ratio,0.06147672853665455,0.11711771917135944,-0.203573146553517,-0.10230994307854732,0.21970443349753693,-0.08275862068965517,-0.09359605911330049,0.21182266009852216,-0.158128078817734,-0.23103448275862068,-0.005911330049261084,0.05321507922029955,-0.22610837438423645,-0.3059113300492611,-0.28423645320197044,-0.203573146553517,-0.19261083743842364,-0.1807881773399015,-0.3078817733990148,-0.3142857142857143,0.0458128078817734,-0.03103448275862069,0.10738916256157635,0.19655172413793104,0.20344827586206896,0.08916256157635467,-0.05270935960591133,-0.15776888282001086,-0.0980295566502463,-0.5536945812807882,-0.4182266009852217,1.0,-0.24433497536945814,-0.3142857142857143,0.42512315270935963,0.5536945812807882,0.4182266009852217,1.0,-0.4862068965517241,-0.4522167487684729,0.0916256157635468,-0.1684729064039409,-0.13497536945812807,-0.24532019704433497,-0.5645320197044335,0.16995073891625614,-0.5517241379310345,0.3497536945812808,-0.045175395145262566,-0.3935960591133005,-0.16157635467980297,-0.32315270935960594,0.2665024630541872,-0.006896551724137931,-0.006896551724137931,-0.09852216748768473,-0.002955665024630542,-0.002955665024630542,-0.01083743842364532,-0.0645320197044335,0.0024630541871921183,0.25073891625615763
asset_mean_net_move,0.22599542312260054,0.24390810711356775,-0.1360259926627619,0.2974816814579397,-0.2206896551724138,-0.3226600985221675,-0.28916256157635467,-0.4689655172413793,0.02413793103448276,0.05714285714285714,0.25270935960591134,-0.008622813762548538,0.20394088669950738,0.035467980295566505,0.11921182266009853,-0.1360259926627619,0.03694581280788178,0.11822660098522167,0.16551724137931034,0.14236453201970442,0.40788177339901477,0.4487684729064039,0.274384236453202,-0.3699507389162562,-0.39113300492610836,-0.1916256157635468,0.0748768472906404,0.10628640526821784,0.1458128078817734,0.683743842364532,0.603448275862069,-0.4862068965517241,0.13251231527093596,0.19507389162561575,-0.08374384236453201,-0.683743842364532,-0.603448275862069,-0.4862068965517241,1.0,0.987192118226601,-0.19113300492610838,-0.19408866995073892,-0.2738916256157635,-0.09556650246305419,0.4482758620689655,0.17881773399014778,0.45517241379310347,0.08029556650246306,0.022587697572631283,-0.08669950738916256,0.5088669950738917,0.7064039408866996,0.23054187192118228,-0.1310344827586207,-0.1310344827586207,-0.1980295566502463,-0.08029556650246306,-0.08029556650246306,-0.12364532019704433,-0.02413793103448276,-0.07832512315270936,-0.2103448275862069
asset_median_net_move,0.2543692978318257,0.2844287465590158,-0.17469091523471136,0.24133268895045198,-0.15615763546798028,-0.3665024630541872,-0.31182266009852216,-0.4586206896551724,-0.035467980295566505,-0.0009852216748768472,0.2206896551724138,0.0542005436503051,0.1315270935960591,-0.017241379310344827,0.06354679802955665,-0.17469091523471136,-0.02019704433497537,0.042364532019704436,0.11083743842364532,0.08817733990147783,0.43054187192118226,0.46995073891625616,0.30098522167487685,-0.37192118226600984,-0.3876847290640394,-0.21576354679802956,0.02167487684729064,0.04068776451673964,0.10147783251231528,0.7039408866995074,0.6275862068965518,-0.4522167487684729,0.16551724137931034,0.2270935960591133,-0.09064039408866995,-0.7039408866995074,-0.6275862068965518,-0.4522167487684729,0.987192118226601,1.0,-0.2438423645320197,-0.24630541871921183,-0.3226600985221675,-0.14334975369458128,0.40492610837438425,0.2596059113300493,0.40246305418719214,0.15172413793103448,0.06776309271789385,-0.15270935960591134,0.541871921182266,0.722167487684729,0.20886699507389161,-0.19310344827586207,-0.19310344827586207,-0.24679802955665026,-0.14630541871921182,-0.14630541871921182,-0.1891625615763547,-0.07832512315270936,-0.14187192118226602,-0.2665024630541872
asset_dispersion_net_move,-0.3404864965107021,-0.48101920373951196,0.2990708468818259,-0.038872379428260724,-0.32561576354679805,0.5758620689655173,0.4768472906403941,0.3448275862068966,0.3,0.29211822660098524,-0.03596059113300493,-0.31214585820425705,0.24285714285714285,0.07536945812807881,0.25862068965517243,0.2990708468818259,0.2566502463054187,0.2748768472906404,0.17389162561576355,0.18226600985221675,0.23103448275862068,0.23103448275862068,-0.05517241379310345,0.5275862068965518,0.5098522167487685,0.5379310344827586,0.03251231527093596,0.1328580065852723,-0.13645320197044336,-0.503448275862069,-0.5832512315270936,0.0916256157635468,-0.33251231527093594,-0.3556650246305419,0.09359605911330049,0.503448275862069,0.5832512315270936,0.0916256157635468,-0.19113300492610838,-0.2438423645320197,1.0,0.5955665024630542,0.5694581280788177,0.505911330049261,-0.09014778325123153,-0.4413793103448276,-0.07635467980295567,-0.3561576354679803,-0.22587697572631282,0.3536945812807882,-0.32068965517241377,-0.45369458128078816,-0.07438423645320197,0.4182266009852217,0.4182266009852217,0.44187192118226604,0.4088669950738916,0.4088669950738916,0.4413793103448276,0.32610837438423645,0.39113300492610836,0.20344827586206896
asset_mean_garch_vol_forecast,-0.7765481499366891,-0.8653117197705351,0.4504696400852424,-0.23890316523618568,-0.43891625615763546,0.9472906403940887,0.8689655172413793,0.4182266009852217,0.43399014778325123,0.4935960591133005,-0.3847290640394089,-0.40773590791479514,0.3270935960591133,0.39655172413793105,0.47783251231527096,0.4504696400852424,0.4315270935960591,0.3556650246305419,0.3866995073891626,0.4241379310344828,-0.32364532019704434,-0.26354679802955666,-0.5428571428571428,0.4374384236453202,0.44532019704433495,0.4625615763546798,0.21379310344827587,0.3614844929174284,0.05812807881773399,-0.45911330049261084,-0.6009852216748769,-0.1684729064039409,-0.04827586206896552,-0.0665024630541872,-0.16995073891625614,0.45911330049261084,0.6009852216748769,-0.1684729064039409,-0.19408866995073892,-0.24630541871921183,0.5955665024630542,1.0,0.9684729064039409,0.9137931034482759,0.14236453201970442,-0.6172413793103448,0.12118226600985221,-0.687192118226601,-0.18070158058105026,0.7088669950738916,-0.5024630541871922,-0.3980295566502463,-0.17783251231527095,0.3625615763546798,0.3625615763546798,0.16108374384236454,0.3443349753694581,0.3443349753694581,0.28620689655172415,0.503448275862069,0.34285714285714286,0.2916256157635468
asset_median_garch_vol_forecast,-0.7573833398260721,-0.8355094430171088,0.42345077852894036,-0.2291850703791205,-0.29310344827586204,0.90935960591133,0.8467980295566503,0.4714285714285714,0.30098522167487685,0.3477832512315271,-0.3758620689655172,-0.2953929628941628,0.18866995073891626,0.39113300492610836,0.32610837438423645,0.42345077852894036,0.29261083743842364,0.23793103448275862,0.23201970443349754,0.2748768472906404,-0.30886699507389165,-0.2600985221674877,-0.538423645320197,0.4802955665024631,0.5004926108374385,0.3689655172413793,0.13793103448275862,0.2814929014525457,-0.00935960591133005,-0.5438423645320197,-0.6896551724137931,-0.13497536945812807,-0.09310344827586207,-0.10738916256157635,-0.14088669950738916,0.5438423645320197,0.6896551724137931,-0.13497536945812807,-0.2738916256157635,-0.3226600985221675,0.5694581280788177,0.9684729064039409,1.0,0.8133004926108375,0.14876847290640394,-0.6,0.13497536945812807,-0.6443349753694582,-0.09035079029052513,0.6763546798029557,-0.5975369458128079,-0.44433497536945815,-0.22955665024630542,0.27586206896551724,0.27586206896551724,0.1876847290640394,0.2536945812807882,0.2536945812807882,0.22167487684729065,0.3694581280788177,0.24926108374384237,0.2896551724137931
asset_dispersion_garch_vol_forecast,-0.761863425306476,-0.8281895855688989,0.3675496856538327,-0.26373829653757447,-0.6566502463054187,0.8906403940886699,0.812807881773399,0.2940886699507389,0.6044334975369459,0.6738916256157635,-0.3812807881773399,-0.58980046135832,0.5344827586206896,0.3438423645320197,0.6655172413793103,0.3675496856538327,0.5985221674876847,0.5241379310344828,0.5955665024630542,0.625615763546798,-0.4,-0.3167487684729064,-0.5763546798029556,0.28472906403940884,0.28423645320197044,0.5650246305418719,0.35763546798029555,0.44396717200578495,0.18620689655172415,-0.2684729064039409,-0.3768472906403941,-0.24532019704433497,0.039901477832512314,0.02561576354679803,-0.24433497536945814,0.2684729064039409,0.3768472906403941,-0.24532019704433497,-0.09556650246305419,-0.14334975369458128,0.505911330049261,0.9137931034482759,0.8133004926108375,1.0,0.05517241379310345,-0.6206896551724138,0.029064039408866996,-0.7009852216748769,-0.18070158058105026,0.7187192118226601,-0.2413793103448276,-0.26798029556650244,-0.1724137931034483,0.505911330049261,0.505911330049261,0.22216748768472908,0.49507389162561577,0.49507389162561577,0.41724137931034483,0.6640394088669951,0.49261083743842365,0.21182266009852216
asset_mean_risk_reward_ratio,-0.08810834778127818,-0.045226262090725854,-0.010248533693769733,0.049400315523414666,0.004433497536945813,-0.012315270935960592,-0.040886699507389164,-0.1665024630541872,-0.2970443349753695,-0.20344827586206896,-0.10985221674876847,0.3303769501593597,-0.09359605911330049,-0.035467980295566505,-0.11133004926108374,-0.010248533693769733,-0.2536945812807882,-0.14285714285714285,-0.0896551724137931,-0.06305418719211822,-0.052216748768472904,-0.035467980295566505,-0.05566502463054187,-0.03940886699507389,-0.06699507389162561,0.04384236453201971,-0.13694581280788176,-0.11929541841302575,-0.12955665024630542,0.21674876847290642,0.061083743842364535,-0.5645320197044335,0.2650246305418719,0.28620689655172415,-0.37635467980295567,-0.21674876847290642,-0.061083743842364535,-0.5645320197044335,0.4482758620689655,0.40492610837438425,-0.09014778325123153,0.14236453201970442,0.14876847290640394,0.05517241379310345,1.0,0.11133004926108374,0.9807881773399014,-0.09113300492610837,-0.11293848786315641,0.11625615763546798,-0.2561576354679803,0.29901477832512313,0.07044334975369458,-0.42216748768472906,-0.42216748768472906,-0.31182266009852216,-0.3724137931034483,-0.3724137931034483,-0.3724137931034483,-0.37389162561576356,-0.37142857142857144,-0.18226600985221675
asset_median_risk_reward_ratio,0.4410395261819913,0.570687457480084,-0.3395991392162789,0.09070221866594169,0.45123152709359604,-0.6172413793103448,-0.5354679802955665,-0.12019704433497537,-0.5773399014778325,-0.5536945812807882,0.14334975369458128,0.6183789298284809,-0.49014778325123154,-0.5729064039408867,-0.5320197044334976,-0.3395991392162789,-0.5596059113300492,-0.4921182266009852,-0.45960591133004924,-0.4802955665024631,0.2812807881773399,0.21182266009852216,0.358128078817734,-0.039901477832512314,-0.030049261083743842,-0.19507389162561575,-0.42857142857142855,-0.581807353838005,-0.2935960591133005,0.36305418719211824,0.3724137931034483,0.16995073891625614,0.11182266009852217,0.10788177339901478,-0.1522167487684729,-0.36305418719211824,-0.3724137931034483,0.16995073891625614,0.17881773399014778,0.2596059113300493,-0.4413793103448276,-0.6172413793103448,-0.6,-0.6206896551724138,0.11133004926108374,1.0,0.06305418719211822,0.8935960591133005,0.31622776601683794,-0.8773399014778325,0.13399014778325122,0.1935960591133005,0.15566502463054188,-0.594088669950739,-0.594088669950739,-0.39064039408866996,-0.5704433497536946,-0.5704433497536946,-0.5261083743842364,-0.677832512315271,-0.5704433497536946,-0.6423645320197044
asset_dispersion_risk_reward_ratio,-0.1147399670259018,-0.0802570084500164,-0.010248533693769733,0.05371946879322141,-0.042364532019704436,-0.015270935960591134,-0.022660098522167486,-0.15172413793103448,-0.25862068965517243,-0.1812807881773399,-0.11133004926108374,0.2631190028114811,-0.03103448275862069,-0.04827586206896552,-0.07980295566502463,-0.010248533693769733,-0.229064039408867,-0.07684729064039408,-0.06502463054187192,-0.029556650246305417,-0.06059113300492611,-0.033497536945812804,-0.08620689655172414,-0.039901477832512314,-0.06995073891625615,0.03201970443349754,-0.08522167487684729,-0.06919687842982933,-0.09211822660098522,0.19753694581280787,0.047783251231527095,-0.5517241379310345,0.28423645320197044,0.3137931034482759,-0.37980295566502464,-0.19753694581280787,-0.047783251231527095,-0.5517241379310345,0.45517241379310347,0.40246305418719214,-0.07635467980295567,0.12118226600985221,0.13497536945812807,0.029064039408866996,0.9807881773399014,0.06305418719211822,1.0,-0.09408866995073892,-0.09035079029052513,0.12019704433497537,-0.24088669950738917,0.31822660098522165,0.05517241379310345,-0.36798029556650247,-0.36798029556650247,-0.27783251231527095,-0.3137931034482759,-0.3137931034482759,-0.3133004926108374,-0.3354679802955665,-0.3187192118226601,-0.1438423645320197
asset_mean_kelly_fraction,0.4641866344974119,0.585327172376504,-0.4369602093070914,0.08611311831677201,0.4152709359605911,-0.6354679802955665,-0.570935960591133,-0.07586206896551724,-0.5719211822660099,-0.6054187192118227,0.18029556650246306,0.5048041542703415,-0.45960591133004924,-0.7108374384236453,-0.5960591133004927,-0.4369602093070914,-0.596551724137931,-0.474384236453202,-0.5605911330049261,-0.5719211822660099,0.3541871921182266,0.28866995073891627,0.38817733990147785,-0.015270935960591134,-0.005911330049261084,-0.20738916256157636,-0.4886699507389163,-0.6144682804568844,-0.3852216748768473,0.2103448275862069,0.26699507389162563,0.3497536945812808,0.04285714285714286,0.03152709359605911,-0.034482758620689655,-0.2103448275862069,-0.26699507389162563,0.3497536945812808,0.08029556650246306,0.15172413793103448,-0.3561576354679803,-0.687192118226601,-0.6443349753694582,-0.7009852216748769,-0.09113300492610837,0.8935960591133005,-0.09408866995073892,1.0,0.31622776601683794,-0.9926108374384236,0.11379310344827587,0.13793103448275862,0.19901477832512315,-0.5019704433497537,-0.5019704433497537,-0.23842364532019705,-0.4724137931034483,-0.4724137931034483,-0.4068965517241379,-0.6379310344827587,-0.4793103448275862,-0.5684729064039409
asset_median_kelly_fraction,0.11412526463318338,0.14384469189399712,-0.06408085672700711,0.14853468561848981,0.20328927815368156,-0.18070158058105026,-0.1355261854357877,-0.1355261854357877,-0.22587697572631282,-0.24846467329894412,0.1355261854357877,0.2259326310125403,-0.22587697572631282,-0.18070158058105026,-0.22587697572631282,-0.06408085672700711,-0.2710523708715754,-0.22587697572631282,-0.22587697572631282,-0.22587697572631282,0.09035079029052513,0.09035079029052513,0.045175395145262566,-0.18070158058105026,-0.09035079029052513,-0.24846467329894412,-0.20328927815368156,-0.24113935657886418,-0.1355261854357877,0.18070158058105026,0.1355261854357877,-0.045175395145262566,0.045175395145262566,0.06776309271789385,-0.2710523708715754,-0.18070158058105026,-0.1355261854357877,-0.045175395145262566,0.022587697572631283,0.06776309271789385,-0.22587697572631282,-0.18070158058105026,-0.09035079029052513,-0.18070158058105026,-0.11293848786315641,0.31622776601683794,-0.09035079029052513,0.31622776601683794,1.0,-0.24846467329894412,0.045175395145262566,-0.06776309271789385,0.06776309271789385,-0.2936400684442067,-0.2936400684442067,-0.09035079029052513,-0.2936400684442067,-0.2936400684442067,-0.2710523708715754,-0.2936400684442067,-0.31622776601683794,-0.31622776601683794
asset_dispersion_kelly_fraction,-0.4965428074114406,-0.6143451786890506,0.4378918941883432,-0.09502137193574843,-0.4019704433497537,0.6566502463054187,0.6044334975369459,0.0896551724137931,0.5458128078817734,0.5857142857142857,-0.19950738916256158,-0.48115300795020843,0.43349753694581283,0.6950738916256157,0.5827586206896552,0.4378918941883432,0.5699507389162561,0.4482758620689655,0.5413793103448276,0.5605911330049261,-0.358128078817734,-0.28472906403940884,-0.41576354679802957,0.025123152709359605,0.02315270935960591,0.21182266009852216,0.4522167487684729,0.5790394787008117,0.3443349753694581,-0.20541871921182267,-0.274384236453202,-0.3935960591133005,-0.012807881773399015,0.0024630541871921183,-0.007881773399014778,0.20541871921182267,0.274384236453202,-0.3935960591133005,-0.08669950738916256,-0.15270935960591134,0.3536945812807882,0.7088669950738916,0.6763546798029557,0.7187192118226601,0.11625615763546798,-0.8773399014778325,0.12019704433497537,-0.9926108374384236,-0.24846467329894412,1.0,-0.1330049261083744,-0.13497536945812807,-0.22758620689655173,0.4665024630541872,0.4665024630541872,0.24334975369458128,0.4354679802955665,0.4354679802955665,0.37783251231527093,0.6059113300492611,0.4399014778325123,0.5241379310344828
asset_mean_signal_quality,0.39200747953534787,0.4159247571465019,-0.23525043251607797,0.24511194806153289,-0.16206896551724137,-0.5394088669950738,-0.4463054187192118,-0.44532019704433495,0.21133004926108373,0.13054187192118227,0.32413793103448274,-0.25080069743641176,0.27241379310344827,0.10344827586206896,0.10344827586206896,-0.23525043251607797,0.2123152709359606,0.20098522167487684,0.22167487684729065,0.15073891625615762,0.26354679802955666,0.2793103448275862,0.3610837438423645,-0.506896551724138,-0.5354679802955665,-0.2187192118226601,0.3226600985221675,0.31110916542051265,0.4438423645320197,0.6990147783251232,0.7788177339901478,-0.16157635467980297,0.10344827586206896,0.16896551724137931,0.12660098522167487,-0.6990147783251232,-0.7788177339901478,-0.16157635467980297,0.5088669950738917,0.541871921182266,-0.32068965517241377,-0.5024630541871922,-0.5975369458128079,-0.2413793103448276,-0.2561576354679803,0.13399014778325122,-0.24088669950738917,0.11379310344827587,0.045175395145262566,-0.1330049261083744,1.0,0.6443349753694582,0.06945812807881774,0.20886699507389161,0.20886699507389161,0.08177339901477833,0.23054187192118228,0.23054187192118228,0.2019704433497537,0.21970443349753693,0.2334975369458128,-0.02315270935960591
asset_median_signal_quality,0.24988921235142172,0.3529216983958376,-0.3400649816569048,0.13740306339572714,0.013793103448275862,-0.49901477832512314,-0.42266009852216746,-0.44679802955665027,-0.1399014778325123,-0.13793103448275862,0.04926108374384237,0.09435821917303114,0.00541871921182266,0.052216748768472904,-0.10788177339901478,-0.3400649816569048,-0.11280788177339901,-0.0980295566502463,-0.02561576354679803,-0.03940886699507389,0.23251231527093597,0.2832512315270936,0.23054187192118228,-0.41625615763546797,-0.45714285714285713,-0.25911330049261083,-0.016748768472906402,0.01217865060364996,0.12266009852216748,0.6640394088669951,0.6492610837438424,-0.32315270935960594,0.3399014778325123,0.3876847290640394,0.025123152709359605,-0.6640394088669951,-0.6492610837438424,-0.32315270935960594,0.7064039408866996,0.722167487684729,-0.45369458128078816,-0.3980295566502463,-0.44433497536945815,-0.26798029556650244,0.29901477832512313,0.1935960591133005,0.31822660098522165,0.13793103448275862,-0.06776309271789385,-0.13497536945812807,0.6443349753694582,1.0,-0.03300492610837438,-0.2738916256157635,-0.2738916256157635,-0.28078817733990147,-0.22512315270935962,-0.22512315270935962,-0.2374384236453202,-0.11182266009852217,-0.22660098522167488,-0.006896551724137931
asset_dispersion_signal_quality,0.38503845767694167,0.3333149373738466,-0.08851006371892042,0.5933436804397019,0.09359605911330049,-0.2413793103448276,-0.3310344827586207,-0.5610837438423645,-0.1477832512315271,-0.17438423645320197,0.6285714285714286,0.12195122321318647,-0.11970443349753694,-0.11280788177339901,-0.10049261083743842,-0.08851006371892042,-0.13004926108374384,-0.16108374384236454,-0.15123152709359605,-0.14088669950738916,0.2044334975369458,0.11527093596059114,0.5044334975369458,-0.5024630541871922,-0.4807881773399015,0.02167487684729064,-0.07192118226600985,-0.033214501646318076,0.035467980295566505,0.17192118226600986,0.20788177339901479,0.2665024630541872,0.11970443349753694,0.09261083743842365,0.10591133004926108,-0.17192118226600986,-0.20788177339901479,0.2665024630541872,0.23054187192118228,0.20886699507389161,-0.07438423645320197,-0.17783251231527095,-0.22955665024630542,-0.1724137931034483,0.07044334975369458,0.15566502463054188,0.05517241379310345,0.19901477832512315,0.06776309271789385,-0.22758620689655173,0.06945812807881774,-0.03300492610837438,1.0,-0.21083743842364533,-0.21083743842364533,-0.30098522167487685,-0.20147783251231527,-0.20147783251231527,-0.2729064039408867,-0.12266009852216748,-0.1935960591133005,0.1103448275862069
cvar_model,-0.32903738917189196,-0.45644539659194994,0.3591645217225666,-0.06154793409474615,-0.7088669950738916,0.46108374384236456,0.45123152709359604,0.2881773399014778,0.8403940886699507,0.8039408866995074,0.022167487684729065,-0.8861788886824883,0.7891625615763547,0.3216748768472906,0.7216748768472906,0.3591645217225666,0.8167487684729065,0.8325123152709359,0.7438423645320197,0.6995073891625616,-0.21330049261083744,-0.16798029556650246,-0.3729064039408867,0.17536945812807883,0.14433497536945813,0.24532019704433497,0.7374384236453202,0.7285047361092432,0.6093596059113301,-0.19704433497536947,-0.1566502463054187,-0.006896551724137931,-0.21379310344827587,-0.17832512315270935,0.07586206896551724,0.19704433497536947,0.1566502463054187,-0.006896551724137931,-0.1310344827586207,-0.19310344827586207,0.4182266009852217,0.3625615763546798,0.27586206896551724,0.505911330049261,-0.42216748768472906,-0.594088669950739,-0.36798029556650247,-0.5019704433497537,-0.2936400684442067,0.4665024630541872,0.20886699507389161,-0.2738916256157635,-0.21083743842364533,1.0,1.0,0.8093069140674195,0.9952562864699215,0.9952562864699215,0.9386675622350027,0.7647663826035851,0.9937660047856933,0.01244000391811147
cvar_model_centered,-0.32903738917189196,-0.45644539659194994,0.3591645217225666,-0.06154793409474615,-0.7088669950738916,0.46108374384236456,0.45123152709359604,0.2881773399014778,0.8403940886699507,0.8039408866995074,0.022167487684729065,-0.8861788886824883,0.7891625615763547,0.3216748768472906,0.7216748768472906,0.3591645217225666,0.8167487684729065,0.8325123152709359,0.7438423645320197,0.6995073891625616,-0.21330049261083744,-0.16798029556650246,-0.3729064039408867,0.17536945812807883,0.14433497536945813,0.24532019704433497,0.7374384236453202,0.7285047361092432,0.6093596059113301,-0.19704433497536947,-0.1566502463054187,-0.006896551724137931,-0.21379310344827587,-0.17832512315270935,0.07586206896551724,0.19704433497536947,0.1566502463054187,-0.006896551724137931,-0.1310344827586207,-0.19310344827586207,0.4182266009852217,0.3625615763546798,0.27586206896551724,0.505911330049261,-0.42216748768472906,-0.594088669950739,-0.36798029556650247,-0.5019704433497537,-0.2936400684442067,0.4665024630541872,0.20886699507389161,-0.2738916256157635,-0.21083743842364533,1.0,1.0,0.8093069140674195,0.9952562864699215,0.9952562864699215,0.9386675622350027,0.7647663826035851,0.9937660047856933,0.01244000391811147
cvar_model_raw,-0.08039264500947134,-0.18587209448847447,0.2799713068161641,-0.04778063304723714,-0.2935960591133005,0.22019704433497536,0.15566502463054188,0.28916256157635467,0.42167487684729066,0.4,0.12660098522167487,-0.4924858488952722,0.38620689655172413,0.12807881773399016,0.2689655172413793,0.2799713068161641,0.3689655172413793,0.44482758620689655,0.28472906403940884,0.22216748768472908,0.11773399014778325,0.16403940886699508,-0.2231527093596059,0.25073891625615763,0.22955665024630542,0.2399014778325123,0.3187192118226601,0.26018026289615825,0.1793103448275862,-0.20492610837438424,-0.19064039408866995,-0.09852216748768473,-0.30147783251231525,-0.25517241379310346,0.16354679802955666,0.20492610837438424,0.19064039408866995,-0.09852216748768473,-0.1980295566502463,-0.24679802955665026,0.44187192118226604,0.16108374384236454,0.1876847290640394,0.22216748768472908,-0.31182266009852216,-0.39064039408866996,-0.27783251231527095,-0.23842364532019705,-0.09035079029052513,0.24334975369458128,0.08177339901477833,-0.28078817733990147,-0.30098522167487685,0.8093069140674195,0.8093069140674195,1.0,0.8097057218420721,0.8097057218420721,0.9395911170815667,0.30072205197095,0.7965450652785357,-0.11461564414840936
cdar_model,-0.3282907082584913,-0.4389300234123047,0.33400902992876813,-0.0696463464756338,-0.7433497536945812,0.432512315270936,0.41379310344827586,0.26403940886699506,0.8428571428571429,0.7975369458128079,0.00935960591133005,-0.9026854178850813,0.8192118226600985,0.2935960591133005,0.712807881773399,0.33400902992876813,0.812807881773399,0.8576354679802956,0.7433497536945812,0.6931034482758621,-0.20344827586206896,-0.15467980295566502,-0.3699507389162562,0.1625615763546798,0.1270935960591133,0.24630541871921183,0.758128078817734,0.7462191369872794,0.6206896551724138,-0.18472906403940886,-0.14729064039408868,-0.002955665024630542,-0.2334975369458128,-0.19507389162561575,0.09458128078817735,0.18472906403940886,0.14729064039408868,-0.002955665024630542,-0.08029556650246306,-0.14630541871921182,0.4088669950738916,0.3443349753694581,0.2536945812807882,0.49507389162561577,-0.3724137931034483,-0.5704433497536946,-0.3137931034482759,-0.4724137931034483,-0.2936400684442067,0.4354679802955665,0.23054187192118228,-0.22512315270935962,-0.20147783251231527,0.9952562864699215,0.9952562864699215,0.8097057218420721,1.0,1.0,0.9472104445657193,0.7594769321187188,0.9966416187397674,0.008913703594867274
cdar_model_centered,-0.3282907082584913,-0.4389300234123047,0.33400902992876813,-0.0696463464756338,-0.7433497536945812,0.432512315270936,0.41379310344827586,0.26403940886699506,0.8428571428571429,0.7975369458128079,0.00935960591133005,-0.9026854178850813,0.8192118226600985,0.2935960591133005,0.712807881773399,0.33400902992876813,0.812807881773399,0.8576354679802956,0.7433497536945812,0.6931034482758621,-0.20344827586206896,-0.15467980295566502,-0.3699507389162562,0.1625615763546798,0.1270935960591133,0.24630541871921183,0.758128078817734,0.7462191369872794,0.6206896551724138,-0.18472906403940886,-0.14729064039408868,-0.002955665024630542,-0.2334975369458128,-0.19507389162561575,0.09458128078817735,0.18472906403940886,0.14729064039408868,-0.002955665024630542,-0.08029556650246306,-0.14630541871921182,0.4088669950738916,0.3443349753694581,0.2536945812807882,0.49507389162561577,-0.3724137931034483,-0.5704433497536946,-0.3137931034482759,-0.4724137931034483,-0.2936400684442067,0.4354679802955665,0.23054187192118228,-0.22512315270935962,-0.20147783251231527,0.9952562864699215,0.9952562864699215,0.8097057218420721,1.0,1.0,0.9472104445657193,0.7594769321187188,0.9966416187397674,0.008913703594867274
cdar_model_raw,-0.27876087433624736,-0.38638390387336885,0.3079218532537179,-0.09043227158657877,-0.674384236453202,0.3807881773399015,0.3472906403940887,0.31576354679802954,0.7788177339901478,0.7359605911330049,0.023645320197044337,-0.8494703386647817,0.7719211822660098,0.2354679802955665,0.6177339901477833,0.3079218532537179,0.732512315270936,0.8098522167487685,0.6660098522167488,0.5990147783251232,-0.11625615763546798,-0.0665024630541872,-0.3354679802955665,0.2315270935960591,0.1935960591133005,0.25566502463054186,0.680295566502463,0.6413166692876582,0.5192118226600986,-0.21133004926108373,-0.17980295566502463,-0.01083743842364532,-0.2773399014778325,-0.23103448275862068,0.13349753694581282,0.21133004926108373,0.17980295566502463,-0.01083743842364532,-0.12364532019704433,-0.1891625615763547,0.4413793103448276,0.28620689655172415,0.22167487684729065,0.41724137931034483,-0.3724137931034483,-0.5261083743842364,-0.3133004926108374,-0.4068965517241379,-0.2710523708715754,0.37783251231527093,0.2019704433497537,-0.2374384236453202,-0.2729064039408867,0.9386675622350027,0.9386675622350027,0.9395911170815667,0.9472104445657193,0.9472104445657193,1.0,0.5534822215692037,0.9367784727761219,-0.06378903146461183
forecast_portfolio_scenario_mean,-0.41440790693736773,-0.5348724406799138,0.3493818304694227,-0.043731426856793314,-0.7679802955665025,0.5738916256157636,0.548768472906404,0.12019704433497537,0.929064039408867,0.9054187192118227,-0.05270935960591133,-0.92732202863522,0.8344827586206897,0.49852216748768474,0.8517241379310345,0.3493818304694227,0.9241379310344827,0.8330049261083744,0.8517241379310345,0.8310344827586207,-0.3310344827586207,-0.26354679802955666,-0.35467980295566504,0.0004926108374384236,-0.017733990147783252,0.19556650246305418,0.7068965517241379,0.8076659650329678,0.6172413793103448,-0.10640394088669951,-0.09852216748768473,-0.0645320197044335,-0.09950738916256158,-0.0812807881773399,0.09113300492610837,0.10640394088669951,0.09852216748768473,-0.0645320197044335,-0.02413793103448276,-0.07832512315270936,0.32610837438423645,0.503448275862069,0.3694581280788177,0.6640394088669951,-0.37389162561576356,-0.677832512315271,-0.3354679802955665,-0.6379310344827587,-0.2936400684442067,0.6059113300492611,0.21970443349753693,-0.11182266009852217,-0.12266009852216748,0.7647663826035851,0.7647663826035851,0.30072205197095,0.7594769321187188,0.7594769321187188,0.5534822215692037,1.0,0.7737500524747072,0.15947802048301607
vol_model,-0.33028185736089305,-0.4399757173334775,0.33400902992876813,-0.07666497053906976,-0.7423645320197044,0.43349753694581283,0.41083743842364534,0.26798029556650244,0.8477832512315271,0.8009852216748768,0.008866995073891626,-0.9026854178850813,0.8236453201970443,0.296551724137931,0.7113300492610838,0.33400902992876813,0.8167487684729065,0.8566502463054187,0.7458128078817734,0.6916256157635468,-0.21133004926108373,-0.16502463054187191,-0.3605911330049261,0.15467980295566502,0.11822660098522167,0.2438423645320197,0.7620689655172413,0.7467727120147181,0.6177339901477833,-0.18719211822660098,-0.1458128078817734,0.0024630541871921183,-0.24679802955665026,-0.20541871921182267,0.10738916256157635,0.18719211822660098,0.1458128078817734,0.0024630541871921183,-0.07832512315270936,-0.14187192118226602,0.39113300492610836,0.34285714285714286,0.24926108374384237,0.49261083743842365,-0.37142857142857144,-0.5704433497536946,-0.3187192118226601,-0.4793103448275862,-0.31622776601683794,0.4399014778325123,0.2334975369458128,-0.22660098522167488,-0.1935960591133005,0.9937660047856933,0.9937660047856933,0.7965450652785357,0.9966416187397674,0.9966416187397674,0.9367784727761219,0.7737500524747072,1.0,0.027394129362980378
selected_alpha,-0.14734503357773074,-0.17907508400085093,0.09549770032830888,-0.0005398941587258434,0.012807881773399015,0.21970443349753693,0.13448275862068965,-0.08620689655172414,0.23940886699507388,0.1413793103448276,-0.06551724137931035,-0.2591771450914589,0.06798029556650247,0.6206896551724138,0.09950738916256158,0.09549770032830888,0.2438423645320197,0.09704433497536946,0.06206896551724138,0.06403940886699508,-0.12807881773399016,-0.13645320197044336,-0.026108374384236452,-0.10492610837438424,-0.13349753694581282,0.01083743842364532,0.32807881773399017,0.5317088138548085,0.3374384236453202,-0.30935960591133005,-0.22857142857142856,0.25073891625615763,-0.1394088669950739,-0.14679802955665025,0.4665024630541872,0.30935960591133005,0.22857142857142856,0.25073891625615763,-0.2103448275862069,-0.2665024630541872,0.20344827586206896,0.2916256157635468,0.2896551724137931,0.21182266009852216,-0.18226600985221675,-0.6423645320197044,-0.1438423645320197,-0.5684729064039409,-0.31622776601683794,0.5241379310344828,-0.02315270935960591,-0.006896551724137931,0.1103448275862069,0.01244000391811147,0.01244000391811147,-0.11461564414840936,0.008913703594867274,0.008913703594867274,-0.06378903146461183,0.15947802048301607,0.027394129362980378,1.0
