rep,base_mean,scaled_mean
0,0.0019306495322920958,0.0018616158925311957
1,-6.166094913853192e-05,0.00025696807029642894
2,0.0014873548517833099,0.001460652180445223
3,-0.0022328448966555127,-0.002326782598933084
4,-0.0013114775940658906,-0.000924761252257078
5,-0.0009034597059144826,-0.0008166651733389419
6,-0.0009586826710859932,-0.0011578927847430754
7,0.001113949942818055,0.0014102809659088467
8,0.0020419632060841007,0.0020562479116391264
9,0.0012190156691248037,0.0015191112909378834
10,0.0005317428787987697,0.0006673933009020497
11,0.0008087294095902732,0.0008432755541364415
12,-0.000816398542934275,-0.0007185730442018759
13,0.00028033027810389866,-2.9755944590414935e-05
14,0.001049359204343875,0.0008806640523504568
15,0.003766561628229052,0.0033397573641826273
16,-0.00041994257320435033,-0.0003557589696858175
17,0.0021240803487095235,0.0017503428732201115
18,-0.002731733690142064,-0.0030185021238201284
19,-0.0006353374051552968,-0.0003585358032758396
20,-0.0011087329445646059,-0.0009671415542597679
21,-8.35578048656711e-05,0.00023395887539673366
22,0.006576148519445078,0.006519094469413367
23,0.0003912825412089356,0.0005915338353889477
24,-0.0023846215003507963,-0.002529618891609708
25,-0.0008166951299547834,-0.0009201002130133385
26,0.0015428381942581152,0.0015367342775919255
27,0.0004966149061965081,0.0009424272087916488
28,-0.0017202683595054743,-0.0015099667829056855
29,0.00043074696800128506,0.0006440662350793374
30,-0.006596099846188259,-0.006153295621443205
31,0.000167113338512311,1.0365534036514227e-05
32,0.006267655104329593,0.0052929131011341035
33,0.0004365890024130292,0.0004751499561343097
34,-0.0033015008894353133,-0.0025533318911484327
35,0.0012128433273427416,0.001272656130153761
36,-0.00015592624573903472,8.801432779281789e-05
37,2.888962214589144e-07,0.00020555720997623335
38,-0.0002444425960094909,-0.000454084020916556
39,-0.002185009196310298,-0.0023647999835000807
40,0.001889976919663781,0.0021384174738794835
41,-0.001867889176991977,-0.001960293198591779
42,-0.000890843080606397,-0.0006503376119984791
43,0.004489422262029098,0.004334676079471017
44,0.0019494297432545002,0.002036787516098135
45,-0.004281548853800501,-0.0043124033646109484
46,-0.0018838236556346466,-0.0018303676892267664
47,-0.0010191406891203506,-0.0011841289885368964
48,0.00403891379168264,0.0037142413315067076
49,-0.00321871409878464,-0.0022987568925707763
50,0.0014437941895730296,0.0008214351115334623
51,0.0008454801959281648,0.0005833057821123762
52,0.00044045321030609496,-0.00023012100642095861
53,0.002470409205604135,0.0019987941104929563
54,-0.005514992502383371,-0.005567557213993871
55,0.001264719025929072,0.0016021414751116955
56,-0.0002015008545191554,-0.00013019012572351902
57,-0.0005523490814323147,-0.0008774261445652377
58,0.0014304270025922007,0.0014575080423304616
59,-0.001360629746190404,-0.0010603588561774076
60,-0.0014620684421406923,-0.0010340906810245717
61,-0.0015157399536141777,-0.0016635098672270836
62,0.002812329119531079,0.0019607703802441284
63,-0.006879957965538168,-0.0065930792350174195
64,0.00157756322660917,0.001821298835771733
65,0.0025351640139608606,0.0026781340408620078
66,-0.0014812809092732502,-0.001468892539231753
67,0.0011031601469837645,0.0007752479281615857
68,-0.0010346592382521297,-0.0008586489534382076
69,0.0007336492276288303,0.0006003723531141201
70,0.0034102644260122802,0.0028379337569673694
71,0.006411142507972782,0.005963188438060661
72,0.003079826187709876,0.0028508432758777317
73,0.009244661056167976,0.009008489023858167
74,-0.003464175079255182,-0.0032157935667653866
75,0.0008334036991218283,0.0004668645992943437
76,0.0008523115876910807,0.0008352561690093688
77,0.005499726642924994,0.005336942531285988
78,-0.0020282452868323406,-0.0019536011413932384
79,0.000600912272901844,0.00047033731745368555
80,0.00023378500992903082,0.00022141233279469397
81,-0.005100264242838103,-0.004681544982532846
82,0.00032958611009704496,0.0003993773029122427
83,0.002954645265746859,0.00272341669505208
84,-0.00287027687754485,-0.0027230504959894746
85,-0.0038980384906070567,-0.003906953085628591
86,0.004970147959719262,0.005025070336511387
87,-0.003636398910591148,-0.003237544876417339
88,-0.0023384574184319024,-0.0023945211963842645
89,0.0014416027596231154,0.0013564605055286717
90,0.0013726391883367986,0.0009812864029674685
91,-0.0018565215135087287,-0.001956484445998128
92,0.001999868394693942,0.0018752161196115735
93,0.0025614429716588143,0.0025215192352280105
94,-0.003530585068116712,-0.003119035533797926
95,-0.002172159444386096,-0.0019892953726811696
96,0.0037307346880443896,0.003396342685513266
97,0.0029223616232830064,0.0026477734047633365
98,0.0033642162509295113,0.003347122266474159
99,-0.0030605143426986896,-0.0031119001095096526
100,-0.0008730696046213663,-0.0006274712792028113
101,-1.891129929850913e-05,0.0002335431055953357
102,0.0008728688801453487,0.001597890118775323
103,0.0005952696665821323,0.00044389036865803775
104,-0.0007167960625881462,-0.0007903850420615807
105,0.0036443324712311757,0.0029562751840839963
106,-0.0020407401688296144,-0.0020476409022787308
107,0.0003822732059435486,0.00048623017518659704
108,-0.0009758324971763574,-0.0007241209760991147
109,-0.0018469937877319746,-0.002236943896735439
110,0.0007023738092272769,0.0010046005185768484
111,-0.005994745901179175,-0.005474842059197571
112,0.0006247260391181061,0.00024487385018964085
113,-0.0029299139622638503,-0.0027856928076160654
114,-0.0035432322958369998,-0.003377649168405722
115,0.002886599989576838,0.0029315159634997314
116,-0.002233337505461343,-0.0021947340344780444
117,0.003824345494095382,0.0031742899459113257
118,0.0018088619680690123,0.001614965657205138
119,-0.0018587920195519898,-0.0023727752007418885
120,0.0024643266820420706,0.002563337695238526
121,0.001623131808306965,0.0011309701154521446
122,-0.002682940467068692,-0.0020351596621378484
123,0.0020188456527514944,0.0021912864936774737
124,-4.459582500635472e-05,-0.000257204091283569
125,0.0022855244097176237,0.0018923120550206065
126,-0.0018288915452119759,-0.0019123424273325318
127,0.0031819194087731504,0.0033568256343558625
128,0.008766975165308895,0.0076775853630316
129,0.004130877988712603,0.0038492859993062623
130,0.005388288256456521,0.004940298832350857
131,-0.0012448502641976766,-0.0009040302615673431
132,0.0009997769091720156,0.0010380146436916784
133,0.003339026828694469,0.003039956845320217
134,0.000645547797160204,0.00051233676394285
135,0.0035328148330587023,0.0031535244638129204
136,-0.004396000085784654,-0.004237789865501106
137,-0.0007595104064923486,-0.00046034542054024984
138,-0.002965639705962751,-0.002257369379518673
139,0.003642471340939757,0.003106930155515401
140,-0.00012359466496814677,0.00032729760648537906
141,-0.00043212547554365724,-0.000641635771220395
142,-0.001874189888386948,-0.0017854895140601275
143,0.0016247772743904854,0.0016203048467200208
144,0.0010983649812911771,0.0008241948089991841
145,0.0005795921316814842,0.0004763873433200084
146,0.005860526046274838,0.004934822779832315
147,0.003570584888178922,0.003577336889615527
148,0.0011714392662571804,0.0011894851928949087
149,0.0036513969057141277,0.0026820545362058875
150,-0.001534068078618988,-0.0013743437289567154
151,0.001760665766132895,0.0015187456269339372
152,-0.001367116101778946,-0.0010916630682394049
153,-0.0039124215197895666,-0.0036862292806150603
154,-5.3812131394912616e-05,0.00010950354100561754
155,-0.0016535165329134257,-0.001492232794510767
156,-0.0008604969412893663,-0.0008013922902291409
157,-0.0021730643699180165,-0.002028794467020645
158,0.002042506052558344,0.0019223523484795527
159,-0.0018842389169004925,-0.001955080750799269
160,0.002823121561708057,0.0029303485389217897
161,-0.0032282029772740086,-0.0034167537889053536
162,0.0006288007595943149,0.00042244174626602626
163,-0.00015245070731037297,-0.0001564534380488461
164,0.001461602205514978,0.00163344809185409
165,-0.003678613659510725,-0.0037265948838513313
166,0.0007948236269549932,0.0011505822617210897
167,-0.0012387425952656856,-0.0011224760638306654
168,-0.0011612424325588662,-0.00113549316382039
169,-0.0048630163061110935,-0.004989604450781776
170,0.004118859588794267,0.004171463286207111
171,-0.0015944260617871337,-0.00137388275018781
172,-0.0008535192841611985,-0.001200554257453312
173,0.006715688891988562,0.005789752115851956
174,-0.0036463162189876207,-0.0037710643153918266
175,-0.005804920407167913,-0.005548579694231447
176,-0.003927912339199564,-0.0038009849312717163
177,0.0020964015438468676,0.0020029597118772506
178,-0.001114370185911546,-0.0011100804471470083
179,-0.0031248124507098894,-0.003245569016844455
180,0.0011619303708563168,0.0011529582798810293
181,-0.006695090396899043,-0.006650921842347689
182,0.0027471699959850282,0.002632629918935457
183,-0.0032161825275530045,-0.0029162741321842687
184,-0.0011566859900935702,-0.0011751659567415757
185,0.0038973549733215674,0.003462387318422843
186,-0.003152998649878556,-0.0031514115482901535
187,-0.0029085064811476295,-0.002885563487223175
188,0.003570955243780166,0.0032398501312773257
189,0.002369364999175656,0.0019317730106405185
190,0.0031636335226778996,0.0027433710181858527
191,-0.002516185262789663,-0.0025085191231770305
192,-0.0022699170161066483,-0.0022301176507527913
193,0.0013258836472097634,0.0010986070259079346
194,-0.005407194361736203,-0.004633737009514548
195,-0.0017706777018687842,-0.0020486680772843816
196,-0.0013175222213020585,-0.001166697476558959
197,0.0021599515660578232,0.0020374696599683895
198,-0.004029045907463108,-0.0034556923927217217
199,-0.0032558405772511335,-0.0034674959397067995
200,-0.0018477937141659524,-0.002313843799860468
201,0.0016040144829150274,0.001469479812779957
202,-0.0023045217610679065,-0.002352978011115512
203,-0.0035668438242534963,-0.003295178360036466
204,0.0015903337862754737,0.0015843326016816166
205,0.002904523502760892,0.0023267708168053496
206,0.0013076978390026079,0.0012968774445946873
207,0.0016948982166829366,0.0013557460204408384
208,-0.00015561560005147333,3.1927154253231906e-05
209,0.0021032776479221467,0.0025362672156382456
210,-0.0001961367466620046,-0.00013401927232196747
211,-0.0003572926353084419,-0.000171819527120765
212,-0.00016920148794929795,-8.461547442979568e-06
213,0.0005420038770923481,0.0003670036371116356
214,-0.0018477728361296322,-0.0019287100314714534
215,-0.0035296417099492778,-0.0034785462608541355
216,0.001032172472775718,0.0009467763957621929
217,-0.0032539578681009887,-0.0027905656452197887
218,0.0010314500113373299,0.0010761415476669995
219,0.002323249236305936,0.0018366205775136445
220,-0.0012638742533497517,-0.0015372808105706365
221,-0.0003939079598772537,-0.0004328592498262985
222,0.0014829839149266468,0.0014062640920933925
223,-0.0022260007597735927,-0.0019300299963540847
224,-0.0036150027779498347,-0.003441493059379683
225,0.0007795970759122471,0.0007327608125682146
226,-0.0010604111880124258,-0.0009110406614525952
227,0.002108820311082729,0.0018726106112260125
228,0.0022007165984970134,0.002580518230528877
229,-0.003643437415920346,-0.0037227599576130756
230,0.0028841987523596764,0.0024790678911626703
231,-0.0027889298448850186,-0.002651907420285723
232,0.0036507502679861896,0.003448416330498218
233,-0.0022780880325593477,-0.002106986352539526
234,0.0006090175913862671,0.0002295848615619116
235,0.0033452879932454643,0.0030998481449909625
236,0.006189338240817979,0.0059068217558530586
237,0.005147498023760677,0.004830865943023495
238,8.92448329036862e-05,-0.0005021908315940343
239,0.0004368777871483479,0.0005685533634216347
240,-0.004427908575837171,-0.004478080550108485
241,-0.0008249264897148636,-0.0007352598337608
242,0.0009120300691195352,0.001346853359295514
243,-0.001121348082393777,-0.0007150911989261737
244,0.002960886284155093,0.002669885149543307
245,0.0012662470295868706,0.0017016692268903776
246,-0.007134537673278363,-0.007089163973534503
247,0.0002709949167612848,0.0001680239710190653
248,0.002501574520527316,0.002418357590758685
249,-0.0016853255764503925,-0.0012719155861608703
250,-6.613833889136635e-05,-0.0001263081484879025
251,-0.004639100455004862,-0.004489948434186462
252,-0.0002525506490198054,-0.0002135176105645667
253,-0.0031063504850089,-0.0028753031313480887
254,-0.0015313674808627245,-0.0014749986358975381
255,0.003551912268787687,0.0038530643069074845
256,-0.0011070618194116049,-0.0012338346239577902
257,0.0007494173358366816,0.0006652557576089162
258,0.0016584726100902145,0.0013212191323094277
259,0.0061453694082567656,0.005558157099408229
260,-0.002297336564021568,-0.0020890549315217433
261,-0.0012107869013374092,-0.0014243845506345678
262,-0.0032637569595744343,-0.0029806980481580075
263,0.0012749902471803688,0.0013400046965792816
264,-0.0013118855022264397,-0.0007534130434827828
265,-0.00028231763797630625,-5.987245443038944e-05
266,-0.005560941916077882,-0.005453627229517349
267,0.00021290262663380317,-0.0005145393043682514
268,0.0031434033382181517,0.0025919961706057015
269,0.0002746172791650992,0.00021684585355957587
270,0.00017503035862399263,5.43088164597265e-05
271,-0.005813888358773363,-0.005609750087485604
272,0.0018621081538953738,0.0017662222009516251
273,-0.0008525120147865624,-0.000752802492188489
274,-0.0002283322582265736,-0.0002621398322733138
275,-0.0026051655151346997,-0.0018830290205544941
276,-0.0014639301775759648,-0.0014486751165034607
277,0.00329947594596932,0.003752631512994025
278,0.0017767192613233995,0.0016643705561807
279,0.002446100627197079,0.0025209675814974034
280,0.004986221985684816,0.005147254847224866
281,-0.0005647614952810467,-0.0006994487724726933
282,-0.0016687565136224455,-0.0012423063171809665
283,-0.0017741191713062311,-0.0016500943093173024
284,-0.005735168448497997,-0.005746308152613981
285,0.0012995963216342412,0.0012284104753775098
286,0.003891837482148156,0.0033653144019296453
287,-0.0014591142114086222,-0.0015174903455074285
288,-0.002102101777985678,-0.002005135194997329
289,0.00042808713212852086,0.0005300543991214215
290,0.0036865568653291795,0.0035391158928147187
291,-0.001870117799936775,-0.0014946473869647443
292,0.006074623721935057,0.006093096090532218
293,-0.0024643143188641686,-0.0021028055391908093
294,-0.0016971604689477535,-0.001556732667597686
295,0.0009311957475904051,0.0007234568981967267
296,-0.0008219037342261864,-0.0006033479918157868
297,0.0014532602434210006,0.001828320345878725
298,0.0023046435856803834,0.002321424504204374
299,3.1423020487180957e-06,-2.936283893750425e-05
300,0.0006380212867795515,0.0006502441495221167
301,-0.003634900044240017,-0.00343684582061211
302,0.0065498707711908,0.006426860096552818
303,0.0031274218804254604,0.003080441310339426
304,-0.0018113595295425925,-0.0014558935513517164
305,0.0030992647548714115,0.00279152221674351
306,0.0019762317049205036,0.002004865846926642
307,-0.0025875322357686932,-0.002624936989927334
308,0.005165570791092778,0.005400967323058115
309,0.001575532089911519,0.001433466576808068
310,0.003412196531977458,0.003549089006950382
311,0.001117811708428069,0.0012548781269665459
312,-0.003026485383349502,-0.002414888970205566
313,-0.006353376552313459,-0.005538403196768871
314,0.00943909475838986,0.009002294983162325
315,0.0038026587044460935,0.0037982160808868195
316,0.00198931462470991,0.0022352807566559207
317,0.0031604473455833938,0.0032585508274312514
318,-0.004056083154293685,-0.00403458150927683
319,0.005553140660819529,0.005208940424696239
320,0.0013008882404668294,0.0011441636301267083
321,0.003604660430211892,0.003080115731367395
322,0.003193753331593489,0.0034134162995928777
323,0.002451962614552984,0.002718230251617013
324,-0.0012279991081754623,-0.0011528901330812096
325,-0.0035908952812970375,-0.0032099344007328495
326,0.005905471352392793,0.005277481977072381
327,0.005700371566312154,0.005431397102576096
328,6.362218309444291e-05,0.0003351308067771215
329,0.0036068107585401016,0.003639873747762285
330,0.0018245384178576642,0.0019097873318343684
331,0.0007614545528380547,0.0008480054771448608
332,0.0073995280791059916,0.007127049695919084
333,-0.008996199935815059,-0.008629582812264568
334,-0.006536202764336838,-0.006319314578954708
335,-0.0008835799057533715,-0.0012578602322041203
336,0.004567544342233066,0.0038631761254366
337,-0.0016360296575394727,-0.0015685279748375784
338,-0.0023682137098407297,-0.0022002246846612684
339,-0.0004950636804172218,-0.0005695768024313508
340,-0.00714320239837043,-0.006422269857396652
341,0.007666518251958882,0.007497598426545994
342,-0.0013696413408201074,-0.0014294533962416977
343,0.00197592696376481,0.002262874494070524
344,0.0004046684152452635,0.0003146624828447026
345,-0.0013692261474195192,-0.0004911602961992669
346,0.0018485489297740453,0.0012609892877139756
347,-0.00307304876860285,-0.0032093055604511594
348,-0.0009138611978824124,-0.0005318568081972702
349,-0.0019361468599913432,-0.001821775965502615
350,-0.0014786292667863658,-0.0013149771714026737
351,-0.004865808048249748,-0.004657709613002315
352,0.003991835523385293,0.003624712308584795
353,-0.000524179817572471,-0.0006952363411896749
354,-0.004020575034477132,-0.003949557559054758
355,0.00020295004896632841,0.00038619323073879266
356,-0.0006760206437256203,-0.0007548009345431598
357,0.00038638155585389236,0.0008769499381037508
358,0.00034365258293058267,-3.601307897399788e-05
359,-0.005261668977456807,-0.004593207207546524
360,-0.0010532873124075985,-0.0010343618994134401
361,-0.0004203258821718813,-0.0005126766996420657
362,0.002411496523580636,0.0023436857943873986
363,0.0015663326394985417,0.002091352448015232
364,-0.0005582399529086532,-0.0005470985230779153
365,0.0016102290403282257,0.0015730260788808725
366,-0.0025256322832119702,-0.002683111761338795
367,0.0020773096260324913,0.0018988518803137895
368,0.0033521890382261425,0.0032672629245119713
369,0.003858098738050825,0.004002229271535721
370,0.00540519466533776,0.005403898928976515
371,-0.001333639835134586,-0.0012479411928240024
372,0.0001959067448386636,0.0001616669282737748
373,-0.0008912317694334074,-0.0008313247754331284
374,0.003852298093629212,0.003229600315972767
375,-0.0009740843724897145,-0.0011648824968365375
376,0.004404928467217245,0.003986581111437335
377,-0.0005132973281461457,-3.394294097280623e-05
378,-0.001741163681302168,-0.0015232565620269373
379,-0.0003018416620170499,-0.0003282881999816081
380,-0.0017281868679532727,-0.0018576560586980996
381,0.00427592735057314,0.0033710377590789172
382,-0.00026265210987984073,0.0003128485268957428
383,0.0003252605720282469,0.000253843330558255
384,0.0015528015945157252,0.0017093227843574094
385,0.004458310423551238,0.004050105182233358
386,-0.0021769445373395163,-0.0021466033743927993
387,-0.0011402648191291271,-0.0009145684286465985
388,-0.0004283818596491628,-0.0005554472543832423
389,-0.0021818909658859994,-0.0016985483512188192
390,0.0006954398347229255,0.0005019899862436192
391,-0.0037439332147331567,-0.00335687158506058
392,0.0014928298447946446,0.001297791030180839
393,-0.00017110660306845685,-0.0004329609719228594
394,0.003403996520901124,0.003350482415491205
395,0.002260587569339566,0.0020368268124565194
396,-0.00249604087675777,-0.00215940366546885
397,0.001927197971865405,0.0018073116665651126
398,0.00343849486882649,0.002929192298300825
399,-0.0025734340534964055,-0.0027790501952666352
400,0.002774136697024465,0.002273047552051165
401,0.001732489400812373,0.0015632932945314503
402,-0.0019757535531574684,-0.001757154279142738
403,-0.0016145510609546286,-0.0013765043992575504
404,0.0033065927529759595,0.0035203812646389006
405,0.005151959575973497,0.004694370360954476
406,-0.0012477564949744347,-0.0011541175103724085
407,0.00023848552041199036,-0.0005702943618710787
408,0.002917969234455798,0.0025633286854726003
409,-0.004423948770188278,-0.003927947759946737
410,0.005116434727722604,0.004819587849358833
411,-0.0022050209604751805,-0.001969637394511325
412,-0.0008772810674878467,-0.0007909151342156947
413,0.0010655370673510437,0.001002530266222039
414,0.0004614172989929632,0.0006888905655454925
415,0.0033166139089876355,0.0029486316333886837
416,-0.0007573707503271283,-0.001171801007100879
417,0.006030246971089338,0.005767663233845739
418,-0.0013025483238952326,-0.0009082128715508838
419,0.00362000540216657,0.003299877842127042
420,0.002815549181974709,0.002536936655193505
421,-0.0029275965555971475,-0.0028717228389452416
422,0.003347483531056445,0.00325373130429541
423,0.0011972117233926404,0.000911525552654426
424,-0.003160849725752187,-0.002838857686670802
425,-0.0031152981877450845,-0.0032069549764808976
426,0.0016180912448718289,0.0016640586607564773
427,0.0006214834146251941,2.5105375008416465e-05
428,-0.004577209011576293,-0.004417603738038734
429,-0.0036953178012474443,-0.0029135311184096376
430,0.00044932586377980163,0.00014196617829001116
431,-0.0025301073099533236,-0.0027107536550360846
432,-0.0028973676876988632,-0.002983142547456022
433,-0.002293196225420795,-0.001989625484726572
434,0.0021727492441143354,0.0012123717642510906
435,0.002195601585015332,0.0016967132339347798
436,-0.0006403813748525679,-0.00041273713505825477
437,-0.006040922332016225,-0.005907847779973408
438,-0.0011732048021636237,-0.0008338136610147763
439,0.00031547495906599274,0.00030739909679541085
440,-0.00655620399405001,-0.006434171588336642
441,-0.0006436914122331781,-0.0005833805343168634
442,-0.0015648589149128138,-0.0008930813964176504
443,0.0018740195376224893,0.0021864453658354357
444,-0.0017286653980792017,-0.0018364136371501953
445,0.0016334135024475172,0.001838568567828527
446,-0.0027856461571480313,-0.0025996893134187732
447,0.0011229774823473101,0.0013373380280936459
448,0.001160266880835086,0.0011470220387338906
449,-0.0030594301370972373,-0.002697452598822133
450,0.004803314672954526,0.00417723765737029
451,-0.0027753084406810643,-0.0024504776679881604
452,0.0015563492516989914,0.0015837567272476926
453,0.0021915098429230754,0.0021794112682811495
454,-0.001361473156918283,-0.001264796380482276
455,5.869342411360714e-05,-0.00010751730947436946
456,0.00021836368719418007,-2.9135315816052825e-05
457,-0.0010379688424793372,-0.001095757127370024
458,-0.006534496461941062,-0.005997531785678339
459,-0.005465651972441607,-0.00480331160690213
460,-0.0017818091637228214,-0.0015243045086078134
461,0.0002966173883066121,0.00040945901051117075
462,0.0004136905978603195,-9.497747772423866e-05
463,0.005575874140528135,0.005165796607599947
464,0.006537208532946466,0.006552726840978109
465,4.668846296368619e-05,0.00026117088047547245
466,0.002185825801021943,0.002110065797492232
467,-0.0004946409847380796,-0.00030482254365174705
468,0.004962327083634424,0.004647515893814213
469,0.0008793181920236465,0.0010124824722091252
470,0.001687290802043182,0.0012025570666906336
471,0.0002365044755337177,0.0005081657677917159
472,0.0006626092505116671,0.0007594926022825116
473,-0.00033078617194506817,-0.000715226084770383
474,-0.0047538936316876374,-0.004717614053302005
475,-0.0004078730052514739,-0.00042150304661508093
476,-0.003795988347037579,-0.0036017992304785726
477,0.007940060541332712,0.007645735257539587
478,0.0036130307180775156,0.003649182610980854
479,-0.005602406011569838,-0.004647890158112976
480,-0.0031346754214512853,-0.002712472988673718
481,0.00041338628509881507,0.0004225756487686234
482,-0.0013346867459009494,-0.001204731273277344
483,-0.0028225864505716796,-0.002451593168531678
484,0.0005089445846144723,0.00022155467593681282
485,0.002458664527584142,0.0023999643082265776
486,0.004618004312119533,0.0035744123792556992
487,0.0025048476058712596,0.002146079821545272
488,0.00010382113473785872,6.853761489618762e-05
489,0.0007482237641538097,0.0008642197293689116
490,-0.003284918605243103,-0.003147617202461765
491,0.0011767550538588354,0.0012079870370467261
492,-0.001663842150989805,-0.0013595916386933088
493,-0.0012959986929044313,-0.001265936673320873
494,0.0038973770540481844,0.003626297940203908
495,0.0022922006091011565,0.002368782261560635
496,0.0015088453015002026,0.0012462008967592682
497,0.0018829758270029378,0.0019494055126782826
498,0.0003863023066918063,0.000118350628633239
499,-0.0015260661336263625,-0.0014259188499435107
