date,cvar_model,vol_model,cvar_model_raw,cvar_model_centered,port_mean,forecast_cvar_level,beta_t,lambda_t,n_assets,n_obs,cov_cond,eff_rank,alpha_exec,turnover_target_l1,turnover_exec_l1,n_held_target,n_held_exec,lp_success,lp_alpha_level,lp_budget,lp_cvar_ew,lp_cvar_at_solution,lp_slack,lp_binding,lp_dual_min,lp_shadow_price,lp_objective_return,lp_turnover_target_l1,lp_n_assets,lp_n_scenarios
2019-02-01,0.020487348106511177,0.009978002013357147,0.011991687336314748,0.020487348106511177,0.00849566077019643,0.95,0.9621335026128363,0.01,211,752,16435.018607877908,3.35709522240237,0.5,1.9905213270142181,0.9952606635071091,1,211,True,0.9621335026128363,0.013966541818637476,0.013966541818637476,0.01384828109727435,0.00011826072136312572,False,-0.0,0.0,0.0003747093151543859,0.009478672985777453,211,5000
2019-03-01,0.009270931114648672,0.004494667306713033,0.004296735691388139,0.009270931114648672,0.004974195423260532,0.95,0.9330257211249643,0.012052862223103944,213,754,15214.40679167914,3.41705351467066,0.47906015419783665,1.76,0.8431458713881925,9,9,True,0.9330257211249643,0.011913164357001266,0.011913164357001266,0.003764002802424852,0.008149161554576415,False,-0.0,0.0,0.0049741954232605315,1.7600000000000002,213,5000
2019-04-01,0.009255747693487866,0.0044679548772220785,0.004564463600643486,0.009255747693487866,0.00469128409284438,0.95,0.9280279536162312,0.012734025743343603,216,753,14690.87522450789,3.5038845901326128,0.503660726937126,0.0,0.0,9,9,True,0.9280279536162312,0.01140924354162804,0.01140924354162804,0.0038556901115402394,0.0075535534300878015,False,-0.0,0.0,0.004691284092844374,0.0,216,5000
2019-05-01,0.009147163536923962,0.004381553464169468,0.0050849125440939605,0.009147163536923962,0.004062250992830002,0.95,0.9241015103639024,0.013296069682896837,217,751,14497.036921795763,3.511671309260936,0.5072485872371821,0.0,0.0,9,9,True,0.9241015103639024,0.011244023746976922,0.011244023746976922,0.004266519645544681,0.006977504101432241,False,-0.0,0.0,0.004062250992830007,0.0,217,5000
2019-06-03,0.009097176681300596,0.004403679412687041,0.00548675502971298,0.009097176681300596,0.0036104216515876163,0.95,0.9365317549999317,0.011596876423261036,217,752,13963.098388688448,3.555384404650876,0.521418248243719,0.0,0.0,9,9,True,0.9365317549999317,0.011597729837247437,0.011597729837247437,0.005011381347111736,0.006586348490135702,False,-0.0,0.0,0.0036104216515876145,0.0,217,5000
2019-07-01,0.008983612901308087,0.004448338267683238,0.005663648095923114,0.008983612901308087,0.0033199648053849726,0.95,0.9523518956377869,0.01,217,753,14537.280681648597,3.4752525413543593,0.5141676809599366,0.0,0.0,9,9,True,0.9523518956377869,0.012572498707805826,0.012572498707805826,0.005747793065120068,0.006824705642685757,False,-0.0,0.0,0.0033199648053849713,0.0,217,5000
2019-08-01,0.009164006903953003,0.004480910128551893,0.00625939783623361,0.009164006903953003,0.0029046090677193933,0.95,0.9359243455638653,0.011674620431332168,218,751,14337.12392155274,3.602196535842024,0.5068240711503786,0.0,0.0,9,9,True,0.9359243455638653,0.01146758937648731,0.01146758937648731,0.005790300733792011,0.0056772886426953,False,-0.0,0.0,0.002904609067719397,0.0,218,5000
2019-09-03,0.009279763897914652,0.004516613283966104,0.006160523514562616,0.009279763897914652,0.0031192403833520373,0.95,0.9339836590814258,0.011926524187811531,219,753,14159.09787375918,3.6503127472743344,0.5090883325097558,0.0,0.0,9,9,True,0.9339836590814258,0.01102209379542273,0.01102209379542273,0.005631343359001862,0.005390750436420868,False,-0.0,0.0,0.0031192403833520395,0.0,219,5000
2019-10-01,0.009276557463618126,0.004527045143629884,0.0062659206071733085,0.009276557463618126,0.003010636856444818,0.95,0.9308855710955031,0.012339972759063837,221,752,15073.062676273625,3.497737556080516,0.5099860048606191,0.0,0.0,9,9,True,0.9308855710955031,0.011707269907335251,0.011707269907335251,0.005639611309389717,0.006067658597945534,False,-0.0,0.0,0.0030106368564448167,0.0,221,5000
2019-11-01,0.009062068402264603,0.004437161955815648,0.006067149850761442,0.009062068402264603,0.002994918551503163,0.95,0.9312477602928518,0.01229090711160807,222,751,15066.340542638658,3.487416082108272,0.5114073239867905,0.0,0.0,9,9,True,0.9312477602928518,0.011471676774348646,0.011471676774348646,0.00544175561165145,0.006029921162697196,False,-0.0,0.0,0.0029949185515031618,0.0,222,5000
2019-12-02,0.009139743727802217,0.004393694083321234,0.006843708928994081,0.009139743727802217,0.0022960347988081335,0.95,0.9258461813949337,0.013043332682413153,222,753,15886.6019959418,3.436057598846828,0.5101361561163616,0.0,0.0,9,9,True,0.9258461813949337,0.01131006087732685,0.01131006087732685,0.00602719606975745,0.0052828648075694,False,-0.0,0.0,0.0022960347988081327,0.0,222,5000
2020-01-02,0.008811959166370854,0.004299836417793482,0.007094170750745789,0.008811959166370854,0.0017177884156250657,0.95,0.9216942668137547,0.013652848184127861,223,752,16699.865077185164,3.3702387074979314,0.5112109754872328,0.0,0.0,9,9,True,0.9216942668137547,0.010904674063674277,0.010904674063674277,0.006267321727040707,0.00463735233663357,False,-0.0,0.0,0.0017177884156250646,0.0,223,5000
2020-02-03,0.008730919898553409,0.004254012674167,0.008144368442956743,0.008730919898553409,0.0005865514555966659,0.95,0.9203432119493339,0.013857266631127128,224,752,17030.990721225917,3.3419813190696295,0.5063582242595176,0.0,0.0,9,9,True,0.9203432119493339,0.010254853904888507,0.010254853904888507,0.007327316944994669,0.0029275369598938386,False,-0.0,0.0,0.0005865514555966659,0.0,224,5000
2020-03-02,0.009110269976827614,0.004416214788534444,0.006951352334407069,0.009110269976827614,0.002158917642420545,0.95,0.9233073860597885,0.013412724505394713,223,753,17556.4373137298,3.2780688065225414,0.5100519268140868,0.24,0.12241246243538084,9,10,True,0.9233073860597885,0.011015985874678497,0.011015985874678497,0.006111501271990512,0.004904484602687985,False,-0.0,0.0,0.0021589176424205445,0.12,223,5000
2020-04-01,0.009452195659552624,0.00456412637383698,0.006880879774234032,0.009452195659552624,0.0025713158853185917,0.95,0.9598501802763137,0.01,226,753,18237.64077376728,3.198470971422455,0.5112081670122217,0.0,0.0,9,9,True,0.9598501802763137,0.01295321701688029,0.01295321701688029,0.007324380479770415,0.005628836537109875,False,-0.0,0.0,0.0025713158853185895,0.0,226,5000
2020-05-01,0.012079626053142754,0.005930638739564039,0.009088498892148165,0.012079626053142754,0.002991127160994591,0.95,0.9725252205499366,0.01,225,752,16826.705802231838,2.8746661584725923,0.5034263056548243,0.0,0.0,9,9,True,0.9725252205499366,0.0170755436901153,0.0170755436901153,0.010488446435185844,0.006587097254929456,False,-0.0,0.0,0.002991127160994595,0.0,225,5000
2020-06-01,0.013633980595503565,0.0066793476941483625,0.009837710201456457,0.013633980595503565,0.0037962703940471088,0.95,0.9551758706316487,0.01,227,754,19598.82619372997,2.699125439154791,0.48573436576193096,0.0,0.0,9,9,True,0.9551758706316487,0.01688348292080437,0.01688348292080437,0.010123315428302557,0.006760167492501811,False,-0.0,0.0,0.003796270394047106,0.0,227,5000
2020-07-01,0.014289754609111404,0.006969974796118169,0.01109442499589077,0.014289754609111404,0.0031953296132206334,0.95,0.9430680496634173,0.0107923391740502,226,752,20689.448566964653,2.6765996260953555,0.48599024612484193,0.0,0.0,9,9,True,0.9430680496634173,0.01684946495808764,0.01684946495808764,0.01072462538249772,0.006124839575589918,False,-0.0,0.0,0.003195329613220631,0.0,226,5000
2020-08-03,0.014753835999456132,0.00719935839566866,0.01181783150657241,0.014753835999456132,0.002936004492883724,0.95,0.9416959629739845,0.010956462888500723,229,752,22523.865394484506,2.6510360650641736,0.4964669427795902,0.0,0.0,9,9,True,0.9416959629739845,0.017238564740292225,0.017238564740292225,0.01140603487135722,0.005832529868935005,False,-0.0,0.0,0.002936004492883723,0.0,229,5000
2020-09-01,0.015194924882680977,0.00724942868189995,0.012886721962026598,0.015194924882680977,0.002308202920654381,0.95,0.9311790241640749,0.012300203748860972,231,754,23362.89903251732,2.6564821377402454,0.5127878849010347,0.0,0.0,9,9,True,0.9311790241640749,0.016963786052838607,0.016963786052838607,0.011900215643792893,0.005063570409045714,False,-0.0,0.0,0.002308202920654384,0.0,231,5000
2020-10-01,0.015411119916675759,0.007442078011214094,0.014125979075657541,0.015411119916675759,0.001285140841018218,0.95,0.929142733679149,0.012578827237007451,231,752,23117.46047575442,2.7063487169559632,0.5220568501722809,0.0,0.0,9,9,True,0.929142733679149,0.016878211953238305,0.016878211953238305,0.013037740286966533,0.003840471666271772,False,-0.0,0.0,0.0012851408410182142,0.0,231,5000
2020-11-02,0.019433086313893247,0.009415994266082606,0.01653953498443426,0.019433086313893247,0.0028935513294589825,0.95,0.9311782052322208,0.012300314552675322,230,753,23657.706673549957,2.6769108121276317,0.5095119627310865,0.24,0.12228287105546075,9,10,True,0.9311782052322208,0.01789554230834176,0.01789554230834176,0.015194468963078874,0.0027010733452628843,False,-0.0,0.0,0.0028935513294589908,0.12,230,5000
2020-12-01,0.01983748936338069,0.009634643303065092,0.016401802018238338,0.01983748936338069,0.0034356873451423524,0.95,0.9342136922749437,0.011896383875978878,230,753,24389.588891475974,2.6575775500460375,0.5121609144484222,0.0,0.0,9,9,True,0.9342136922749437,0.01858874408595821,0.01858874408595821,0.015222089224802423,0.0033666548611557875,False,-0.0,0.0,0.0034356873451423416,0.0,230,5000
2021-01-04,0.01985524309205981,0.009473059777894269,0.015575287584834339,0.01985524309205981,0.004279955507225469,0.95,0.9237875414087551,0.013342069154572582,231,752,25736.930381421847,2.6698121552073313,0.5081232488206925,0.0,0.0,9,9,True,0.9237875414087551,0.01784442586695757,0.01784442586695757,0.013824608886071909,0.00401981698088566,False,-0.0,0.0,0.004279955507225473,0.0,231,5000
2021-02-01,0.020185030482655932,0.009772626983036938,0.01669903642699979,0.020185030482655932,0.0034859940556561412,0.95,0.9177277578883783,0.014261730431005752,230,754,25967.94231546524,2.683245092287044,0.5177822417104169,0.0,0.0,9,9,True,0.9177277578883783,0.01787151481535041,0.01787151481535041,0.014490238381758301,0.003381276433592109,False,-0.0,0.0,0.003485994055656147,0.0,230,5000
2021-03-01,0.024738938422975906,0.01184368247596958,0.015179956306048355,0.024738938422975906,0.009558982116927552,0.95,0.9206412856140352,0.01381190568800692,231,752,26372.57288748754,2.6851534732574285,0.5251694498281213,0.48,0.2520813359174982,9,11,True,0.9206412856140352,0.018064488981981364,0.018064488981981364,0.012744026374051127,0.005320462607930237,False,-0.0,0.0,0.009558982116927545,0.36,231,5000
2021-04-01,0.028622024581047525,0.014177128079993948,0.01689931257186805,0.028622024581047525,0.011722712009179478,0.95,0.9436959470317845,0.010718054710939735,235,752,22228.60216691103,2.7316186034414187,0.5270696065174848,0.32000000000000006,0.16866227408559517,9,11,True,0.9436959470317845,0.018846242020788325,0.018846242020788325,0.01626376584728234,0.002582476173505984,False,-0.0,0.0,0.011722712009179494,0.32000000000000006,235,5000
2021-05-03,0.029514635489273845,0.014494178485165663,0.021005669187787283,0.029514635489273845,0.008508966301486558,0.95,0.9509535142405776,0.01,240,753,26206.531245822345,2.8051871516507436,0.5238519242448617,0.0,0.0,9,9,True,0.9509535142405776,0.01911340193825288,0.01911340193825288,0.019113401938252922,-4.163336342344337e-17,True,-0.8287970461843225,0.8287970461843225,0.00921985945064093,0.22664832970238097,240,5000
2021-06-01,0.02824405708183886,0.01346793090940664,0.020134932243091777,0.02824405708183886,0.00810912483874708,0.95,0.9546324438834087,0.01,239,754,25459.152899986846,2.8436354373711494,0.504669185524833,0.36112045399433435,0.1822463653936786,12,12,True,0.9546324438834087,0.020661727958450296,0.020661727958450296,0.020661727958450248,4.85722573273506e-17,True,-1.0425923482089061,1.0425923482089061,0.00812240889543597,0.36452713427931605,239,5000
2021-07-01,0.02623546429379161,0.012965073726914196,0.019368502063461242,0.02623546429379161,0.006866962230330364,0.95,0.9587776459801075,0.01,242,752,25661.735842631508,2.831456985120293,0.4794906040977299,0.06772796577510709,0.03247492322381648,12,12,True,0.9587776459801075,0.020393973645082053,0.020393973645082053,0.0203939736450821,-4.85722573273506e-17,True,-1.0299910449569372,1.0299910449569372,0.006866962230330358,0.06772796577510709,242,5000
2021-08-02,0.0252459360179322,0.012406336430626564,0.020138956718595287,0.0252459360179322,0.005106979299336919,0.95,0.935810623966619,0.01168923379093646,242,752,25524.38386687056,2.8270149338489317,0.4972287989641852,0.10534914959068598,0.05238263112287506,11,12,True,0.935810623966619,0.018936252538234194,0.018936252538234194,0.018936252538234086,1.0755285551056204e-16,True,-1.1687033825133395,1.1687033825133395,0.005106979299336923,0.10534914959068598,242,5000
2021-09-01,0.024934529904952693,0.012245221980720648,0.019804291414202244,0.024934529904952693,0.005130238490750451,0.95,0.947811535644493,0.010243652043529483,244,752,26428.049654810136,2.895737498747001,0.5074891292519005,0.05559554817906759,0.02821413633567709,12,12,True,0.947811535644493,0.019599640491314244,0.019599640491314244,0.019599640491314265,-2.0816681711721685e-17,True,-0.706266016338922,0.706266016338922,0.005130238490750448,0.05559554817906759,244,5000
2021-10-01,0.02578169562927504,0.012578472583684008,0.020566657620209938,0.02578169562927504,0.005215038009065103,0.95,0.9402965578947673,0.011126425516427126,246,751,27000.783441653974,2.9392553497347906,0.5115178792139085,0.15350886485634263,0.07852252899185086,12,13,True,0.9402965578947673,0.019634992492828015,0.019634992492828015,0.019634992492828077,-6.245004513516506e-17,True,-0.4875985847633334,0.4875985847633334,0.0052150380090651045,0.15350886485634263,246,5000
2021-11-01,0.023860818508998106,0.011484309623589456,0.01950623207910725,0.023860818508998106,0.004354586429890855,0.95,0.9571552243686825,0.01,247,753,27880.67974806771,2.963253031576738,0.5109608757849387,0.167128996458508,0.0853963783994972,13,14,True,0.9571552243686825,0.020266179146825263,0.020266179146825263,0.020266179146825204,5.898059818321144e-17,True,-0.5103355026498002,0.5103355026498002,0.004354212017992822,0.16194621832469352,247,5000
2021-12-01,0.02330344314010793,0.011284477641010903,0.019656741860166495,0.02330344314010793,0.0036467012799414377,0.95,0.9402876426238758,0.011127516716004988,248,751,27289.732122146437,3.0147107783821108,0.4990711510060217,0.05991958137045238,0.029904134442350638,14,14,True,0.9402876426238758,0.018825163471339973,0.018825163471339973,0.018825163471340067,-9.367506770274758e-17,True,-0.47366214277986796,0.47366214277986796,0.0036467012799414407,0.05991958137045238,248,5000
2022-01-03,0.022638872841375626,0.011053643724061295,0.01806171597258149,0.022638872841375626,0.0045771568687941406,0.95,0.9553558610666442,0.01,252,751,27311.01180009351,3.138199863945498,0.5099532772045109,0.0,0.0,14,14,True,0.9553558610666442,0.018967526522102447,0.018967526522102447,0.01859408923190996,0.0003734372901924854,False,-0.0,0.0,0.004577156868794134,0.0,252,5000
2022-02-01,0.023839836908904663,0.011661506981962623,0.018987246320669643,0.023839836908904663,0.0048525905882350175,0.95,0.9537556890781693,0.01,250,752,25888.927260454482,3.1372513449970687,0.5053496369881622,0.1472998778104408,0.0744379397799069,15,15,True,0.9537556890781693,0.01935161292297128,0.01935161292297128,0.01935161292297134,-5.898059818321144e-17,True,-0.12058112471038065,0.12058112471038065,0.004852590588235015,0.1472998778104408,250,5000
2022-03-01,0.02205911795897179,0.010672513492313926,0.01829787136036793,0.02205911795897179,0.003761246598603864,0.95,0.9686944815545222,0.01,245,751,25349.435781461045,3.120651432582077,0.5047274286297146,0.4668561150546484,0.23563508649159093,13,17,True,0.9686944815545222,0.02032347588302033,0.02032347588302033,0.020323475883020355,-2.42861286636753e-17,True,-0.3522874345534405,0.3522874345534405,0.003761246598603863,0.3468561150546485,245,5000
2022-04-01,0.022327219662283647,0.010866685234545969,0.018421720045935723,0.022327219662283647,0.003905499616347921,0.95,0.9590968464606604,0.01,247,751,25610.315214742473,3.0735360540513987,0.48407189293114905,0.0,0.0,13,13,True,0.9590968464606604,0.019724080589062873,0.019724080589062873,0.019321281715472694,0.0004027988735901787,False,-0.0,0.0,0.0039054996163479213,0.0,247,5000
2022-05-02,0.023297901295158012,0.011287996918720667,0.01789584911295573,0.023297901295158012,0.005402052182202282,0.95,0.9514505866320875,0.01,248,753,25044.69975444765,3.0874353203244858,0.4949915634366919,0.0,0.0,13,13,True,0.9514505866320875,0.020077015358407824,0.020077015358407824,0.0180328416842852,0.0020441736741226256,False,-0.0,0.0,0.005402052182202284,2.7755575615628914e-17,248,5000
2022-06-01,0.022119105725750144,0.01082092094629407,0.017193535964369566,0.022119105725750144,0.00492556976138058,0.95,0.9661527930482912,0.01,247,752,24903.025525224177,3.102521824232175,0.49799641711199905,2.7755575615628914e-17,1.3877787807814457e-17,13,13,True,0.9661527930482912,0.02129722450652538,0.02129722450652538,0.018981794042208174,0.0023154304643172065,False,-0.0,0.0,0.0049255697613805735,2.7755575615628914e-17,247,5000
2022-07-01,0.02346946647886496,0.011284316618616196,0.018667818995949333,0.02346946647886496,0.004801647482915625,0.95,0.9566523969066675,0.01,248,751,25853.71851943609,3.0619023188321086,0.49619741506368986,0.0,0.0,13,13,True,0.9566523969066675,0.021623666728802848,0.021623666728802848,0.019302568914175307,0.00232109781462754,False,-0.0,0.0,0.00480164748291562,0.0,248,5000
2022-08-01,0.02679302400355833,0.013132235908284414,0.02091879419029813,0.02679302400355833,0.005874229813260199,0.95,0.9704433926565866,0.01,242,752,26331.66782874465,2.9406209273759836,0.5031365219394024,0.38178055643737385,0.19208774130999,13,15,True,0.9704433926565866,0.023758906668351332,0.023758906668351332,0.023758906668351298,3.469446951953614e-17,True,-0.21677039393466835,0.21677039393466835,0.005874229813260197,0.23380152093105588,242,5000
2022-09-01,0.02857652640237156,0.013913842909057991,0.02070236751013016,0.02857652640237156,0.0078741588922414,0.95,0.9527976850230726,0.01,245,750,26937.993473334915,2.9755489496023078,0.48122481941180667,0.1541775145752622,0.07419404660884174,12,13,True,0.9527976850230726,0.021835901895354077,0.021835901895354077,0.02104914470875238,0.0007867571866016984,False,-0.0,0.0,0.007874158892241407,0.1541775145752622,245,5000
2022-10-03,0.028555004920823957,0.013923854141750748,0.020584239391378056,0.028555004920823957,0.007970765529445898,0.95,0.9602435423969878,0.01,245,751,20607.055633208132,2.9866612288106476,0.4971760020679103,0.0,0.0,12,12,True,0.9602435423969878,0.02257806716151603,0.02257806716151603,0.021884271990448546,0.0006937951710674836,False,-0.0,0.0,0.0079707655294459,2.7755575615628914e-17,245,5000
2022-11-01,0.02857755569616128,0.013911808863281272,0.020959037263334413,0.02857755569616128,0.007618518432826866,0.95,0.9675963188417972,0.01,243,752,20216.88448382679,3.0422102920428133,0.4883616432740151,0.0,0.0,12,12,True,0.9675963188417972,0.024359624963645524,0.024359624963645524,0.02330360731301331,0.0010560176506322141,False,-0.0,0.0,0.0076185184328268684,0.0,243,5000
2022-12-01,0.029063735961592712,0.014151860387721387,0.022940367163207614,0.029063735961592712,0.006123368798385097,0.95,0.9556900325259396,0.01,243,750,20046.51027853462,3.039208851139964,0.49095407895770204,0.004566404076256508,0.0022418947074072104,12,12,True,0.9556900325259396,0.02351811746874035,0.02351811746874035,0.023518117468740427,-7.632783294297951e-17,True,-0.26269910292081344,0.26269910292081344,0.006128004496159681,0.005061347804479602,243,5000
2023-01-03,0.03028766229747093,0.014946878435558185,0.022399248168974574,0.03028766229747093,0.007888414128496357,0.95,0.9439921419691164,0.010683190569006573,243,751,19902.279209501346,2.991465876289792,0.5017636582545675,0.10170047529561158,0.05102960253055433,12,13,True,0.9439921419691164,0.02303664889184222,0.02303664889184222,0.02174631660718063,0.0012903322846615911,False,-0.0,0.0,0.00788841412849636,0.10170047529561158,243,5000
2023-02-01,0.03353320905983903,0.016486314995808167,0.023692160459572884,0.03353320905983903,0.009841048600266147,0.95,0.9519635801358106,0.01,243,751,20881.007790670305,3.0091249104455757,0.5105460107236837,0.15670357662121892,0.08000438591009643,11,12,True,0.9519635801358106,0.023967758290321422,0.023967758290321422,0.023967758290321464,-4.163336342344337e-17,True,-0.03699941710511785,0.03699941710511785,0.009849910028089614,0.15697558002942208,243,5000
2023-03-01,0.03330854849713995,0.0163856749248337,0.025323240800582597,0.03330854849713995,0.007985307696557345,0.95,0.9393668640635701,0.01124079518876756,243,750,20833.356662860755,3.07268575500376,0.5120359686294325,0.0,0.0,11,11,True,0.9393668640635701,0.0225585115564805,0.0225585115564805,0.022558511556480587,-8.673617379884035e-17,True,-0.3204839680282721,0.3204839680282721,0.008296215430434451,0.06921041636152084,243,5000
2023-04-03,0.03151607599138859,0.01520612933229182,0.02281341158232865,0.03151607599138859,0.008702664409059941,0.95,0.9550650597291269,0.01,245,750,21002.569549234737,3.0580893064135006,0.506313064907341,0.13847044578020834,0.07010939580206307,11,12,True,0.9550650597291269,0.02349931447640457,0.02349931447640457,0.023499314476404607,-3.8163916471489756e-17,True,-0.48273059125206935,0.48273059125206935,0.008702664409059953,0.13847044578020834,245,5000
2023-05-01,0.02803280643444023,0.013603598782881483,0.022808993957661946,0.02803280643444023,0.005223812476778284,0.95,0.9525067049154384,0.01,244,751,22392.950173944955,3.3012503222725966,0.4906177846941399,0.0,0.0,11,11,True,0.9525067049154384,0.020462382041065243,0.020462382041065243,0.020462382041065284,-4.163336342344337e-17,True,-0.31938532776515854,0.31938532776515854,0.005244052113357766,0.08603545059605772,244,5000
2023-06-01,0.02342462130946344,0.011221591405135798,0.01868852163064123,0.02342462130946344,0.00473609967882221,0.95,0.9462081192726434,0.010425928005059615,245,749,22960.693237373365,3.476979769758223,0.499720601918491,0.3399047954005761,0.16985742895255737,12,14,True,0.9462081192726434,0.01832645950692108,0.01832645950692108,0.01832645950692113,-4.85722573273506e-17,True,-0.5418072892033324,0.5418072892033324,0.0047360996788222125,0.33990479540057605,245,5000
2023-07-03,0.021743078673742318,0.010750433560408066,0.01876411837577445,0.021743078673742318,0.00297896029796787,0.95,0.9535199811695834,0.01,243,751,22295.81609553901,3.4659879361431587,0.4950595160133357,0.1830872116948821,0.09063906640989948,12,13,True,0.9535199811695834,0.019087615579178985,0.019087615579178985,0.01908761557917893,5.551115123125783e-17,True,-0.34353464180438786,0.34353464180438786,0.002977519113326938,0.18270315921095828,243,5000
2023-08-01,0.021398179100135133,0.010464364341923634,0.018334762679361596,0.021398179100135133,0.0030634164207735347,0.95,0.9416064807583003,0.010967252692183616,242,750,21167.09164696608,3.525799742461122,0.4912703718687049,0.14708916349836945,0.0722605480497007,12,14,True,0.9416064807583003,0.017651357292192412,0.017651357292192412,0.01765135729219249,-7.632783294297951e-17,True,-0.48724492886921555,0.48724492886921555,0.0030634164207735334,0.14708916349836945,242,5000
2023-09-01,0.02092074459798117,0.010248054010826377,0.01688544078299075,0.02092074459798117,0.00403530381499042,0.95,0.9347297005577802,0.011829050194041431,243,748,21010.900770730455,3.518215256036871,0.5013091639201072,0.0,0.0,12,12,True,0.9347297005577802,0.017297238275319673,0.017297238275319673,0.01573960849903411,0.0015576297762855615,False,-0.0,0.0,0.004035303814990417,0.0,243,5000
2023-10-02,0.02152862431616455,0.010390837648047846,0.018651611205730025,0.02152862431616455,0.0028770131104345234,0.95,0.9472857392426866,0.010303070538304645,241,750,20840.05111222971,3.4881401468038646,0.5203699295707388,0.0,0.0,12,12,True,0.9472857392426866,0.018605274962220253,0.018605274962220253,0.018428181056567444,0.00017709390565280939,False,-0.0,0.0,0.0028770131104345256,0.0,241,5000
2023-11-01,0.02030030381123536,0.009976035260703899,0.016888814454679085,0.02030030381123536,0.003411489356556274,0.95,0.9607705721530574,0.01,240,749,20513.62568513938,3.4878097484066437,0.5161187980503684,0.0,0.0,12,12,True,0.9607705721530574,0.01825805007089512,0.01825805007089512,0.017889891878517396,0.00036815819237772524,False,-0.0,0.0,0.0034114893565562734,0.0,240,5000
2023-12-01,0.020719367273589855,0.010101348330861898,0.0181607692115916,0.020719367273589855,0.0025585980619982534,0.95,0.9699976638806541,0.01,239,749,20126.79009543198,3.4569325834152593,0.5118437848788298,0.0,0.0,12,12,True,0.9699976638806541,0.02040225866490713,0.02040225866490713,0.019958057900737076,0.0004442007641700524,False,-0.0,0.0,0.0025585980619982534,1.3877787807814457e-17,239,5000
2024-01-02,0.02045180630314133,0.010253080761417992,0.015658461807232533,0.02045180630314133,0.004793344495908795,0.95,0.9439936230018724,0.010683016526717399,240,750,19267.712268781786,3.3974367369175438,0.4956660506702443,0.24,0.11895985216085861,12,13,True,0.9439936230018724,0.01707989766778206,0.01707989766778206,0.015209122849440272,0.001870774818341787,False,-0.0,0.0,0.004793344495908793,0.24,240,5000
2024-02-01,0.022105568770890913,0.010543286800376637,0.018824020441780324,0.022105568770890913,0.003281548329110587,0.95,0.9336631735133041,0.011968643454264148,241,748,19613.160353186584,3.358735325730439,0.4973193185929817,0.005144651808004771,0.0025585347315550955,12,12,True,0.9336631735133041,0.01751161327907483,0.01751161327907483,0.017511613279074932,-1.0061396160665481e-16,True,-0.5801708677257532,0.5801708677257532,0.0033154201973043034,0.008675292831452235,241,5000
2024-03-01,0.021436531001823283,0.010453006662572092,0.018634072698095437,0.021436531001823283,0.0028024583037278496,0.95,0.9303394274894939,0.012414329256148066,239,750,19358.941234157246,3.328925522970886,0.5160696408755792,0.0,0.0,12,12,True,0.9303394274894939,0.017305725398279116,0.017305725398279116,0.017258243230677726,4.74821676013891e-05,False,-0.0,0.0,0.0028024583037278474,0.0,239,5000
2024-04-01,0.021421120327542238,0.01023340390579469,0.01841939464850826,0.021421120327542238,0.0030017256790339764,0.95,0.9265676821142567,0.012940223872534773,239,751,19959.030699835657,3.2769098347697465,0.5197222505591893,0.0,0.0,12,12,True,0.9265676821142567,0.016874798255644575,0.016874798255644575,0.016647815429806586,0.00022698282583798884,False,-0.0,0.0,0.0030017256790339777,0.0,239,5000
2024-05-01,0.0210561347855136,0.010252235339955146,0.01813994839662804,0.0210561347855136,0.0029161863888855642,0.95,0.9254202769646688,0.01310458339352599,238,749,20196.76686025947,3.2609151472830495,0.5264238905483111,0.01425349642561027,0.007503381042286204,13,13,True,0.9254202769646688,0.016435554305818088,0.016435554305818088,0.016435554305818067,2.0816681711721685e-17,True,-0.6052468472966802,0.6052468472966802,0.0029161863888855577,0.01425349642561027,238,5000
2024-06-03,0.021666875822972047,0.010297999501043351,0.017814521652674307,0.021666875822972047,0.0038523541702977352,0.95,0.9455617684743955,0.010500319022274614,239,749,20480.77330325785,3.2341891729211647,0.530898668594969,0.0,0.0,13,13,True,0.9455617684743955,0.01770885946468137,0.01770885946468137,0.017448312477164534,0.00026054698751683605,False,-0.0,0.0,0.003852354170297739,0.0,239,5000
2024-07-01,0.02110194099985576,0.010321916390232345,0.016850007471972465,0.02110194099985576,0.004251933527883296,0.95,0.9365766800362675,0.011591146948018818,238,751,20197.58746188133,3.2079571044284845,0.5283521212732645,0.0,0.0,13,13,True,0.9365766800362675,0.01703096655410582,0.01703096655410582,0.01581652052224541,0.0012144460318604076,False,-0.0,0.0,0.0042519335278832955,0.0,238,5000
2024-08-01,0.021161449397988964,0.010346008185070647,0.017263536601340296,0.021161449397988964,0.003897912796648668,0.95,0.9449568450759745,0.010570422779664166,238,749,20402.872840087697,3.2072731646589645,0.5133910698026672,0.0,0.0,13,13,True,0.9449568450759745,0.017579072383776175,0.017579072383776175,0.016842029613364923,0.0007370427704112524,False,-0.0,0.0,0.003897912796648675,6.938893903907228e-18,238,5000
2024-09-03,0.021097083338843366,0.010291531544423355,0.017460576963983145,0.021097083338843366,0.0036365063748602195,0.95,0.9366005620118902,0.011588102333571704,237,750,19782.85627876257,3.219706605368571,0.4969251980176462,0.0,0.0,13,13,True,0.9366005620118902,0.017232200335623626,0.017232200335623626,0.016392703637570078,0.0008394966980535476,False,-0.0,0.0,0.003636506374860215,6.938893903907228e-18,237,5000
2024-10-01,0.022220198909815983,0.010476945948785486,0.02033569941939007,0.022220198909815983,0.0018844994904259138,0.95,0.9479249680530772,0.010230878431001796,236,750,19754.61055743032,3.196544647169117,0.5019894307692203,0.0,0.0,13,13,True,0.9479249680530772,0.01796003290353367,0.01796003290353367,0.017960032903533703,-3.469446951953614e-17,True,-0.28334283756287465,0.28334283756287465,0.003899066039998343,0.24000000000000002,236,5000
2024-11-01,0.019888476794127755,0.00943334989131877,0.018580706493699577,0.019888476794127755,0.001307770300428177,0.95,0.9398993837716708,0.01117514226989805,234,749,19583.975751179652,3.1944554330133155,0.4948399721041692,0.3428347572550161,0.1696483417164118,15,15,True,0.9398993837716708,0.01777464909631119,0.01777464909631119,0.01777464909631128,-8.673617379884035e-17,True,-0.5171744250756795,0.5171744250756795,0.001307770300428169,0.34283475725501616,234,5000
2024-12-02,0.020049968190736855,0.00981075041503948,0.01839398088871585,0.020049968190736855,0.0016559873020210037,0.95,0.936483686518701,0.011603009931277964,237,751,19836.03649731654,3.1865091138185475,0.49867310876407056,0.23368486269094496,0.11653235694919849,15,16,True,0.936483686518701,0.017383058697479838,0.017383058697479838,0.017383058697479917,-7.979727989493313e-17,True,-0.571206534822468,0.571206534822468,0.0016559873020210016,0.23368486269094496,237,5000
2025-01-02,0.019842401499088332,0.00961383783130689,0.0167695882258177,0.019842401499088332,0.0030728132732706294,0.95,0.9306245444256052,0.01237545535711581,238,750,19274.521716657753,3.2184446021232658,0.5189817716125571,0.0,0.0,15,15,True,0.9306245444256052,0.016879265995819997,0.016879265995819997,0.015429204990289875,0.0014500610055301223,False,-0.0,0.0,0.003072813273270628,0.0,238,5000
2025-02-03,0.021176744654448073,0.01040810430734483,0.015018644843761336,0.021176744654448073,0.0061580998106867384,0.95,0.9521622677964067,0.01,240,750,19091.23578582122,3.1969033955860158,0.529877032449706,0.24,0.12717048778792941,15,16,True,0.9521622677964067,0.01713512969399612,0.01713512969399612,0.015216338915791962,0.0019187907782041574,False,-0.0,0.0,0.006158099810686743,0.24,240,5000
2025-03-03,0.021729334510815306,0.010786044763248357,0.015608904359115426,0.021729334510815306,0.0061204301516998814,0.95,0.9409449774209366,0.011047347361514002,242,751,18551.24450168249,3.1925285458433694,0.513886556722798,0.0,0.0,15,15,True,0.9409449774209366,0.017076640672503828,0.017076640672503828,0.014924098805009785,0.0021525418674940427,False,-0.0,0.0,0.006120430151699881,3.469446951953614e-18,242,5000
2025-04-01,0.021578939579295443,0.01053174733450433,0.016860425729960857,0.021578939579295443,0.004718513849334585,0.95,0.9548032722283278,0.01,239,751,17837.668257203848,3.2215715572312162,0.5261039397717002,0.029284437844490748,0.01540665812398606,14,15,True,0.9548032722283278,0.018278267164757812,0.018278267164757812,0.017786082968494116,0.0004921841962636959,False,-0.0,0.0,0.005091885971071814,0.029284437844490755,239,5000
2025-05-01,0.02083057495204338,0.010187692588341502,0.017581725291832193,0.02083057495204338,0.003248849660211188,0.95,0.9522569265501294,0.01,233,749,17771.840202385516,3.1976619299996156,0.4963072128471847,0.2931836830946813,0.14550917660899354,14,15,True,0.9522569265501294,0.017771209408785415,0.017771209408785415,0.01777120940878533,8.326672684688674e-17,True,-0.26974933545028423,0.26974933545028423,0.00324884966021119,0.2931836830946812,233,5000
2025-06-02,0.022173110675022832,0.010627024895525647,0.01767429332754412,0.022173110675022832,0.004498817347478715,0.95,0.9518148296563752,0.01,232,750,17190.438948507406,3.052354304821804,0.49493470645250753,0.0,0.0,14,14,True,0.9518148296563752,0.0183205406970084,0.0183205406970084,0.017846489377867335,0.0004740513191410639,False,-0.0,0.0,0.0044988173474787155,0.0,232,5000
2025-07-01,0.022572918416751242,0.01103013156673878,0.01769216149266832,0.022572918416751242,0.004880756924082924,0.95,0.9359782402412864,0.011667701283589842,233,750,16371.027689186065,3.120088818431442,0.4989266104205648,0.14077070274817508,0.07023424956866789,14,15,True,0.9359782402412864,0.017048944880428383,0.017048944880428383,0.016530762687092075,0.0005181821933363077,False,-0.0,0.0,0.004880756924082923,0.07038535137408752,233,5000
2025-08-01,0.025129480365104043,0.012176151409806584,0.016083198959752253,0.025129480365104043,0.009046281405351792,0.95,0.9250956908411324,0.013151456247426653,233,749,17044.668166848343,3.2759195924032043,0.514865444038226,0.24,0.12356770656917423,13,15,True,0.9250956908411324,0.01581498969243382,0.01581498969243382,0.013973353717567676,0.0018416359748661439,False,-0.0,0.0,0.009046281405351794,0.24,233,5000
2025-09-02,0.021188128377026588,0.010446265456338321,0.013100260436224012,0.021188128377026588,0.008087867940802579,0.95,0.9202198699960679,0.013876080396802746,233,751,14643.81809394092,3.3308203591802172,0.5342783054599158,0.0,0.0,13,13,True,0.9202198699960679,0.015119007058509484,0.015119007058509484,0.011179615058592014,0.00393939199991747,False,-0.0,0.0,0.008087867940802573,0.0,233,5000
2025-10-01,0.017809976670480288,0.008444421418097309,0.009250751777083807,0.017809976670480288,0.008559224893396484,0.95,0.9390945099199585,0.0112745219330624,236,749,15754.638901975275,3.2966780188364977,0.5270330174119643,0.0,0.0,13,13,True,0.9390945099199585,0.01543442533526068,0.01543442533526068,0.008481108650994263,0.006953316684266417,False,-0.0,0.0,0.008559224893396486,0.0,236,5000
2025-11-03,0.01956027163985214,0.00922991048982245,0.011914413878858839,0.01956027163985214,0.007645857760993298,0.95,0.9302936186747115,0.012420586375292317,236,749,17435.711901801584,3.2278232137696414,0.514754778165232,0.0,0.0,13,13,True,0.9302936186747115,0.01445065960936178,0.01445065960936178,0.010434422619099807,0.0040162369902619725,False,-0.0,0.0,0.007645857760993294,0.0,236,5000
2025-12-01,0.020421247001960487,0.010117260883676146,0.014747332585577087,0.020421247001960487,0.0056739144163833995,0.95,0.9419375136345007,0.010927389581002835,238,751,17788.15165806237,3.298685911527735,0.5185308943361485,0.0,0.0,13,13,True,0.9419375136345007,0.014748613098237823,0.014748613098237823,0.014148109471822132,0.0006005036264156906,False,-0.0,0.0,0.005673914416383402,6.938893903907228e-18,238,5000
