rebalance_date,history_end,train_end,validation_end,internal_test_end,history_before_decision,train_before_decision,validation_before_decision,internal_test_before_decision,nested_engine_used,no_fallback,causality_pass,full_process_pass
2019-01-02,1970-01-01 00:00:00.000000751,1970-01-01 00:00:00.000000187,1970-01-01 00:00:00.000000610,1970-01-01 00:00:00.000000751,True,True,True,True,True,True,True,True
2019-02-01,1970-01-01 00:00:00.000000772,1970-01-01 00:00:00.000000207,1970-01-01 00:00:00.000000631,1970-01-01 00:00:00.000000772,True,True,True,True,True,True,True,True
2019-03-01,1970-01-01 00:00:00.000000791,1970-01-01 00:00:00.000000226,1970-01-01 00:00:00.000000650,1970-01-01 00:00:00.000000791,True,True,True,True,True,True,True,True
2019-04-01,1970-01-01 00:00:00.000000812,1970-01-01 00:00:00.000000249,1970-01-01 00:00:00.000000671,1970-01-01 00:00:00.000000812,True,True,True,True,True,True,True,True
2019-05-01,1970-01-01 00:00:00.000000834,1970-01-01 00:00:00.000000270,1970-01-01 00:00:00.000000693,1970-01-01 00:00:00.000000834,True,True,True,True,True,True,True,True
2019-06-03,1970-01-01 00:00:00.000000856,1970-01-01 00:00:00.000000291,1970-01-01 00:00:00.000000715,1970-01-01 00:00:00.000000856,True,True,True,True,True,True,True,True
2019-07-01,1970-01-01 00:00:00.000000876,1970-01-01 00:00:00.000000313,1970-01-01 00:00:00.000000735,1970-01-01 00:00:00.000000876,True,True,True,True,True,True,True,True
2019-08-01,1970-01-01 00:00:00.000000898,1970-01-01 00:00:00.000000333,1970-01-01 00:00:00.000000757,1970-01-01 00:00:00.000000898,True,True,True,True,True,True,True,True
2019-09-03,1970-01-01 00:00:00.000000920,1970-01-01 00:00:00.000000356,1970-01-01 00:00:00.000000779,1970-01-01 00:00:00.000000920,True,True,True,True,True,True,True,True
2019-10-01,1970-01-01 00:00:00.000000940,1970-01-01 00:00:00.000000377,1970-01-01 00:00:00.000000799,1970-01-01 00:00:00.000000940,True,True,True,True,True,True,True,True
2019-11-01,1970-01-01 00:00:00.000000962,1970-01-01 00:00:00.000000397,1970-01-01 00:00:00.000000821,1970-01-01 00:00:00.000000962,True,True,True,True,True,True,True,True
2019-12-02,1970-01-01 00:00:00.000000981,1970-01-01 00:00:00.000000417,1970-01-01 00:00:00.000000840,1970-01-01 00:00:00.000000981,True,True,True,True,True,True,True,True
2020-01-02,1970-01-01 00:00:00.000001002,1970-01-01 00:00:00.000000438,1970-01-01 00:00:00.000000861,1970-01-01 00:00:00.000001002,True,True,True,True,True,True,True,True
2020-02-03,1970-01-01 00:00:00.000001023,1970-01-01 00:00:00.000000458,1970-01-01 00:00:00.000000882,1970-01-01 00:00:00.000001023,True,True,True,True,True,True,True,True
2020-03-02,1970-01-01 00:00:00.000001042,1970-01-01 00:00:00.000000477,1970-01-01 00:00:00.000000901,1970-01-01 00:00:00.000001042,True,True,True,True,True,True,True,True
2020-04-01,1970-01-01 00:00:00.000001064,1970-01-01 00:00:00.000000500,1970-01-01 00:00:00.000000923,1970-01-01 00:00:00.000001064,True,True,True,True,True,True,True,True
2020-05-01,1970-01-01 00:00:00.000001086,1970-01-01 00:00:00.000000521,1970-01-01 00:00:00.000000945,1970-01-01 00:00:00.000001086,True,True,True,True,True,True,True,True
2020-06-01,1970-01-01 00:00:00.000001106,1970-01-01 00:00:00.000000542,1970-01-01 00:00:00.000000965,1970-01-01 00:00:00.000001106,True,True,True,True,True,True,True,True
2020-07-01,1970-01-01 00:00:00.000001128,1970-01-01 00:00:00.000000564,1970-01-01 00:00:00.000000987,1970-01-01 00:00:00.000001128,True,True,True,True,True,True,True,True
2020-08-03,1970-01-01 00:00:00.000001150,1970-01-01 00:00:00.000000585,1970-01-01 00:00:00.000001009,1970-01-01 00:00:00.000001150,True,True,True,True,True,True,True,True
2020-09-01,1970-01-01 00:00:00.000001171,1970-01-01 00:00:00.000000607,1970-01-01 00:00:00.000001030,1970-01-01 00:00:00.000001171,True,True,True,True,True,True,True,True
2020-10-01,1970-01-01 00:00:00.000001192,1970-01-01 00:00:00.000000627,1970-01-01 00:00:00.000001051,1970-01-01 00:00:00.000001192,True,True,True,True,True,True,True,True
2020-11-02,1970-01-01 00:00:00.000001213,1970-01-01 00:00:00.000000648,1970-01-01 00:00:00.000001072,1970-01-01 00:00:00.000001213,True,True,True,True,True,True,True,True
2020-12-01,1970-01-01 00:00:00.000001232,1970-01-01 00:00:00.000000668,1970-01-01 00:00:00.000001091,1970-01-01 00:00:00.000001232,True,True,True,True,True,True,True,True
2021-01-04,1970-01-01 00:00:00.000001254,1970-01-01 00:00:00.000000689,1970-01-01 00:00:00.000001113,1970-01-01 00:00:00.000001254,True,True,True,True,True,True,True,True
2021-02-01,1970-01-01 00:00:00.000001273,1970-01-01 00:00:00.000000709,1970-01-01 00:00:00.000001132,1970-01-01 00:00:00.000001273,True,True,True,True,True,True,True,True
2021-03-01,1970-01-01 00:00:00.000001292,1970-01-01 00:00:00.000000728,1970-01-01 00:00:00.000001151,1970-01-01 00:00:00.000001292,True,True,True,True,True,True,True,True
2021-04-01,1970-01-01 00:00:00.000001315,1970-01-01 00:00:00.000000750,1970-01-01 00:00:00.000001174,1970-01-01 00:00:00.000001315,True,True,True,True,True,True,True,True
2021-05-03,1970-01-01 00:00:00.000001337,1970-01-01 00:00:00.000000772,1970-01-01 00:00:00.000001196,1970-01-01 00:00:00.000001337,True,True,True,True,True,True,True,True
2021-06-01,1970-01-01 00:00:00.000001357,1970-01-01 00:00:00.000000793,1970-01-01 00:00:00.000001216,1970-01-01 00:00:00.000001357,True,True,True,True,True,True,True,True
2021-07-01,1970-01-01 00:00:00.000001378,1970-01-01 00:00:00.000000814,1970-01-01 00:00:00.000001237,1970-01-01 00:00:00.000001378,True,True,True,True,True,True,True,True
2021-08-02,1970-01-01 00:00:00.000001399,1970-01-01 00:00:00.000000835,1970-01-01 00:00:00.000001258,1970-01-01 00:00:00.000001399,True,True,True,True,True,True,True,True
2021-09-01,1970-01-01 00:00:00.000001421,1970-01-01 00:00:00.000000858,1970-01-01 00:00:00.000001280,1970-01-01 00:00:00.000001421,True,True,True,True,True,True,True,True
2021-10-01,1970-01-01 00:00:00.000001442,1970-01-01 00:00:00.000000877,1970-01-01 00:00:00.000001301,1970-01-01 00:00:00.000001442,True,True,True,True,True,True,True,True
2021-11-01,1970-01-01 00:00:00.000001462,1970-01-01 00:00:00.000000899,1970-01-01 00:00:00.000001321,1970-01-01 00:00:00.000001462,True,True,True,True,True,True,True,True
2021-12-01,1970-01-01 00:00:00.000001482,1970-01-01 00:00:00.000000919,1970-01-01 00:00:00.000001341,1970-01-01 00:00:00.000001482,True,True,True,True,True,True,True,True
2022-01-03,1970-01-01 00:00:00.000001503,1970-01-01 00:00:00.000000939,1970-01-01 00:00:00.000001362,1970-01-01 00:00:00.000001503,True,True,True,True,True,True,True,True
2022-02-01,1970-01-01 00:00:00.000001523,1970-01-01 00:00:00.000000960,1970-01-01 00:00:00.000001382,1970-01-01 00:00:00.000001523,True,True,True,True,True,True,True,True
2022-03-01,1970-01-01 00:00:00.000001542,1970-01-01 00:00:00.000000979,1970-01-01 00:00:00.000001401,1970-01-01 00:00:00.000001542,True,True,True,True,True,True,True,True
2022-04-01,1970-01-01 00:00:00.000001565,1970-01-01 00:00:00.000001000,1970-01-01 00:00:00.000001424,1970-01-01 00:00:00.000001565,True,True,True,True,True,True,True,True
2022-05-02,1970-01-01 00:00:00.000001586,1970-01-01 00:00:00.000001022,1970-01-01 00:00:00.000001445,1970-01-01 00:00:00.000001586,True,True,True,True,True,True,True,True
2022-06-01,1970-01-01 00:00:00.000001607,1970-01-01 00:00:00.000001044,1970-01-01 00:00:00.000001466,1970-01-01 00:00:00.000001607,True,True,True,True,True,True,True,True
2022-07-01,1970-01-01 00:00:00.000001628,1970-01-01 00:00:00.000001064,1970-01-01 00:00:00.000001487,1970-01-01 00:00:00.000001628,True,True,True,True,True,True,True,True
2022-08-01,1970-01-01 00:00:00.000001648,1970-01-01 00:00:00.000001085,1970-01-01 00:00:00.000001507,1970-01-01 00:00:00.000001648,True,True,True,True,True,True,True,True
2022-09-01,1970-01-01 00:00:00.000001671,1970-01-01 00:00:00.000001108,1970-01-01 00:00:00.000001530,1970-01-01 00:00:00.000001671,True,True,True,True,True,True,True,True
2022-10-03,1970-01-01 00:00:00.000001692,1970-01-01 00:00:00.000001128,1970-01-01 00:00:00.000001551,1970-01-01 00:00:00.000001692,True,True,True,True,True,True,True,True
2022-11-01,1970-01-01 00:00:00.000001712,1970-01-01 00:00:00.000001149,1970-01-01 00:00:00.000001571,1970-01-01 00:00:00.000001712,True,True,True,True,True,True,True,True
2022-12-01,1970-01-01 00:00:00.000001732,1970-01-01 00:00:00.000001169,1970-01-01 00:00:00.000001591,1970-01-01 00:00:00.000001732,True,True,True,True,True,True,True,True
2023-01-03,1970-01-01 00:00:00.000001753,1970-01-01 00:00:00.000001190,1970-01-01 00:00:00.000001612,1970-01-01 00:00:00.000001753,True,True,True,True,True,True,True,True
2023-02-01,1970-01-01 00:00:00.000001773,1970-01-01 00:00:00.000001210,1970-01-01 00:00:00.000001632,1970-01-01 00:00:00.000001773,True,True,True,True,True,True,True,True
2023-03-01,1970-01-01 00:00:00.000001792,1970-01-01 00:00:00.000001229,1970-01-01 00:00:00.000001651,1970-01-01 00:00:00.000001792,True,True,True,True,True,True,True,True
2023-04-03,1970-01-01 00:00:00.000001815,1970-01-01 00:00:00.000001252,1970-01-01 00:00:00.000001674,1970-01-01 00:00:00.000001815,True,True,True,True,True,True,True,True
2023-05-01,1970-01-01 00:00:00.000001835,1970-01-01 00:00:00.000001274,1970-01-01 00:00:00.000001695,1970-01-01 00:00:00.000001835,True,True,True,True,True,True,True,True
2023-06-01,1970-01-01 00:00:00.000001857,1970-01-01 00:00:00.000001294,1970-01-01 00:00:00.000001716,1970-01-01 00:00:00.000001857,True,True,True,True,True,True,True,True
2023-07-03,1970-01-01 00:00:00.000001878,1970-01-01 00:00:00.000001315,1970-01-01 00:00:00.000001737,1970-01-01 00:00:00.000001878,True,True,True,True,True,True,True,True
2023-08-01,1970-01-01 00:00:00.000001898,1970-01-01 00:00:00.000001337,1970-01-01 00:00:00.000001758,1970-01-01 00:00:00.000001898,True,True,True,True,True,True,True,True
2023-09-01,1970-01-01 00:00:00.000001921,1970-01-01 00:00:00.000001358,1970-01-01 00:00:00.000001780,1970-01-01 00:00:00.000001921,True,True,True,True,True,True,True,True
2023-10-02,1970-01-01 00:00:00.000001941,1970-01-01 00:00:00.000001380,1970-01-01 00:00:00.000001801,1970-01-01 00:00:00.000001941,True,True,True,True,True,True,True,True
2023-11-01,1970-01-01 00:00:00.000001962,1970-01-01 00:00:00.000001401,1970-01-01 00:00:00.000001822,1970-01-01 00:00:00.000001962,True,True,True,True,True,True,True,True
2023-12-01,1970-01-01 00:00:00.000001982,1970-01-01 00:00:00.000001419,1970-01-01 00:00:00.000001841,1970-01-01 00:00:00.000001982,True,True,True,True,True,True,True,True
2024-01-02,1970-01-01 00:00:00.000002002,1970-01-01 00:00:00.000001441,1970-01-01 00:00:00.000001862,1970-01-01 00:00:00.000002002,True,True,True,True,True,True,True,True
2024-02-01,1970-01-01 00:00:00.000002023,1970-01-01 00:00:00.000001460,1970-01-01 00:00:00.000001882,1970-01-01 00:00:00.000002023,True,True,True,True,True,True,True,True
2024-03-01,1970-01-01 00:00:00.000002043,1970-01-01 00:00:00.000001480,1970-01-01 00:00:00.000001902,1970-01-01 00:00:00.000002043,True,True,True,True,True,True,True,True
2024-04-01,1970-01-01 00:00:00.000002064,1970-01-01 00:00:00.000001503,1970-01-01 00:00:00.000001924,1970-01-01 00:00:00.000002064,True,True,True,True,True,True,True,True
2024-05-01,1970-01-01 00:00:00.000002086,1970-01-01 00:00:00.000001525,1970-01-01 00:00:00.000001946,1970-01-01 00:00:00.000002086,True,True,True,True,True,True,True,True
2024-06-03,1970-01-01 00:00:00.000002108,1970-01-01 00:00:00.000001545,1970-01-01 00:00:00.000001967,1970-01-01 00:00:00.000002108,True,True,True,True,True,True,True,True
2024-07-01,1970-01-01 00:00:00.000002127,1970-01-01 00:00:00.000001566,1970-01-01 00:00:00.000001987,1970-01-01 00:00:00.000002127,True,True,True,True,True,True,True,True
2024-08-01,1970-01-01 00:00:00.000002149,1970-01-01 00:00:00.000001586,1970-01-01 00:00:00.000002008,1970-01-01 00:00:00.000002149,True,True,True,True,True,True,True,True
2024-09-03,1970-01-01 00:00:00.000002171,1970-01-01 00:00:00.000001608,1970-01-01 00:00:00.000002030,1970-01-01 00:00:00.000002171,True,True,True,True,True,True,True,True
2024-10-01,1970-01-01 00:00:00.000002191,1970-01-01 00:00:00.000001630,1970-01-01 00:00:00.000002051,1970-01-01 00:00:00.000002191,True,True,True,True,True,True,True,True
2024-11-01,1970-01-01 00:00:00.000002213,1970-01-01 00:00:00.000001650,1970-01-01 00:00:00.000002072,1970-01-01 00:00:00.000002213,True,True,True,True,True,True,True,True
2024-12-02,1970-01-01 00:00:00.000002232,1970-01-01 00:00:00.000001669,1970-01-01 00:00:00.000002091,1970-01-01 00:00:00.000002232,True,True,True,True,True,True,True,True
2025-01-02,1970-01-01 00:00:00.000002253,1970-01-01 00:00:00.000001690,1970-01-01 00:00:00.000002112,1970-01-01 00:00:00.000002253,True,True,True,True,True,True,True,True
2025-02-03,1970-01-01 00:00:00.000002274,1970-01-01 00:00:00.000001711,1970-01-01 00:00:00.000002133,1970-01-01 00:00:00.000002274,True,True,True,True,True,True,True,True
2025-03-03,1970-01-01 00:00:00.000002293,1970-01-01 00:00:00.000001730,1970-01-01 00:00:00.000002152,1970-01-01 00:00:00.000002293,True,True,True,True,True,True,True,True
2025-04-01,1970-01-01 00:00:00.000002314,1970-01-01 00:00:00.000001753,1970-01-01 00:00:00.000002174,1970-01-01 00:00:00.000002314,True,True,True,True,True,True,True,True
2025-05-01,1970-01-01 00:00:00.000002336,1970-01-01 00:00:00.000001773,1970-01-01 00:00:00.000002195,1970-01-01 00:00:00.000002336,True,True,True,True,True,True,True,True
2025-06-02,1970-01-01 00:00:00.000002357,1970-01-01 00:00:00.000001794,1970-01-01 00:00:00.000002216,1970-01-01 00:00:00.000002357,True,True,True,True,True,True,True,True
2025-07-01,1970-01-01 00:00:00.000002377,1970-01-01 00:00:00.000001816,1970-01-01 00:00:00.000002237,1970-01-01 00:00:00.000002377,True,True,True,True,True,True,True,True
2025-08-01,1970-01-01 00:00:00.000002399,1970-01-01 00:00:00.000001836,1970-01-01 00:00:00.000002258,1970-01-01 00:00:00.000002399,True,True,True,True,True,True,True,True
2025-09-02,1970-01-01 00:00:00.000002420,1970-01-01 00:00:00.000001859,1970-01-01 00:00:00.000002280,1970-01-01 00:00:00.000002420,True,True,True,True,True,True,True,True
2025-10-01,1970-01-01 00:00:00.000002441,1970-01-01 00:00:00.000001880,1970-01-01 00:00:00.000002301,1970-01-01 00:00:00.000002441,True,True,True,True,True,True,True,True
2025-11-03,1970-01-01 00:00:00.000002463,1970-01-01 00:00:00.000001900,1970-01-01 00:00:00.000002322,1970-01-01 00:00:00.000002463,True,True,True,True,True,True,True,True
