,2019,2020,2021,2022,2023,2024,2025
Jan,0.0,0.0258436187883051,0.04365784137492579,0.016142092262620977,-0.04441369613559465,0.07648516614183021,-0.028172998636582958
Feb,0.06274786546840638,0.021183096487750852,0.008641570479907656,-0.007987212917471065,0.08135432142676868,0.0012198885870022824,0.0116649371956421
Mar,0.020931933771456412,-0.08110581324266708,0.02137667772383045,-0.010274939637273106,-0.00889455941876982,0.060619123859905866,-0.020612621447557822
Apr,0.029326717243947753,-0.10625869794194776,0.006819105007091819,0.012953402552035476,0.03698048056886094,0.02577248523192255,-0.04338400983110846
May,0.0016594062313135538,0.08425510228123079,0.023597025841785246,-0.07219284471280152,-0.021903781034764314,-0.02866710845746534,-0.005650875913329911
Jun,-0.03156386714551618,0.0357323802776941,0.00017051705940063222,0.02259619838096949,0.05390628715402612,0.05066517527448222,0.03787726207083275
Jul,0.0468210950446164,0.02690558056184833,0.04981141510355602,-0.0793084125849921,0.0661329333269065,0.032785884997599934,0.055895491713340295
Aug,0.014139288905812064,0.05536950667439111,0.022390175509381383,0.08553863825981733,0.042925710338426626,0.007625649863161277,0.02269003575957873
Sep,0.008049027303330458,0.05250106286763567,0.033856310668534784,-0.029173739560789613,-0.025903345019515522,-0.00205786506808181,0.02925128297638513
Oct,0.0165374976498045,-0.021593542552791334,-0.047856269052330536,-0.07568012282273207,-0.0482357516653229,0.015087265036129782,0.05709168577435242
Nov,0.010609491622075584,-0.012435327032396803,0.06848809665683175,0.03892954206561483,-0.04739876465633064,-0.022699977920393022,0.02872314048302904
Dec,0.006757959433968397,0.09704900783898163,-0.031355075312430425,0.06684562439946018,0.10686459655086011,0.037049106520852915,-0.08466894479919085
