,Balance,PnL,Cost,Returns,Alpha
2019-01-02,1000.0,0.0,0.0,0.0,0.0
2019-02-01,1079.868904492785,0.07986890449278516,0.0,0.07986890449278516,0.5053470134735107
2019-03-01,1079.760917602336,-0.0001,0.0001,-9.999999999987796e-05,1.0
2019-04-01,1079.760917602336,0.0,0.0,0.0,0.5002098679542542
2019-05-01,1094.5361930752208,0.01368383985011622,0.0001,0.01368383985011623,1.0
2019-06-03,933.7993209998722,-0.14685386658959218,1.0371323513932995e-09,-0.1468538665895922,1.0
2019-07-01,1029.28657141632,0.10225671433794159,0.0,0.10225671433794159,0.5455794930458069
2019-08-01,1010.0041451534262,-0.01873377813174104,0.0,-0.01873377813174104,0.5027379989624023
2019-09-03,912.6762535109386,-0.09636385366290035,0.0,-0.09636385366290035,0.4914066195487976
2019-10-01,912.9733654370955,0.0003255392314786586,7.737955244460637e-10,0.0003255392314787109,1.0
2019-11-01,928.8943905979796,0.01743865238966943,4.098062194014818e-10,0.017438652389669462,1.0
2019-12-02,973.2861289505604,0.04778986588992464,2.1954166036161627e-09,0.04778986588992473,1.0
2020-01-02,1062.5226974398622,0.09168585253086947,0.0,0.09168585253086947,0.4902903437614441
2020-02-03,962.7393813370287,-0.09391170310362351,0.0,-0.09391170310362351,0.47571197152137756
2020-03-02,884.283959297891,-0.08149185912617474,0.0,-0.08149185912617474,0.4815177917480469
2020-04-01,627.15423853562,-0.2907773210840874,1.7320493690409223e-09,-0.2907773210840874,1.0
2020-05-01,772.5438974626495,0.23182440617240901,1.0246439831086697e-09,0.23182440617240907,1.0
2020-06-01,836.8181824973409,0.08319823021810736,2.1928696551321015e-09,0.08319823021810735,1.0
2020-07-01,896.8210072099457,0.0717035384359559,0.0,0.0717035384359559,0.5725849866867065
2020-08-03,932.3878570651083,0.03965880545752687,0.0,0.03965880545752687,0.543043315410614
2020-09-01,954.8796715334063,0.024122809298584992,6.908895871897414e-10,0.024122809298585013,1.0
2020-10-01,883.7675024126373,-0.07447238771621617,7.37374883633124e-10,-0.07447238771621612,1.0
2020-11-02,887.259112567408,0.003950824334724601,0.0,0.003950824334724601,0.48033714294433594
2020-12-01,1088.0727658155274,0.22633033620476112,4.4075804973009447e-10,0.22633033620476106,1.0
2021-01-04,1179.312472717162,0.08385441651344806,7.111640022448851e-10,0.08385441651344805,1.0
2021-02-01,1262.0388599818762,0.07014797958857377,0.0,0.07014797958857377,0.3900723159313202
2021-03-01,1370.7406813381738,0.08613191305207409,5.58616751417107e-10,0.08613191305207413,1.0
2021-04-01,1318.5041418639623,-0.038108257955265415,2.623447165749082e-10,-0.0381082579552654,1.0
2021-05-03,1306.560890760151,-0.009058182469512028,1.292542924398593e-08,-0.009058182469512066,1.0
2021-06-01,1362.1642375764782,0.04255702677888773,0.0,0.04255702677888773,0.6095353364944458
2021-07-01,1417.02750888334,0.04027654653778967,0.0,0.04027654653778967,0.5183475017547607
2021-08-02,1274.6618322351765,-0.10046782843358625,1.3829486266853098e-09,-0.10046782843358626,1.0
2021-09-01,1301.4108425065529,0.020985181790899764,1.0795970114607646e-09,0.0209851817908997,1.0
2021-10-01,1295.4182771407816,-0.004604668387601096,0.0,-0.004604668387601096,0.5186449885368347
2021-11-01,1343.731268823521,0.03729528333456499,3.619414596213037e-05,0.037295283334565,1.0
2021-12-01,1300.7307690994749,-0.032000817962429755,2.5402627662998326e-06,-0.032000817962429706,1.0
2022-01-03,1303.2903471601012,0.001967800040894171,5.162480143750675e-10,0.001967800040894252,1.0
2022-02-01,1255.184949642861,-0.03691072954086018,6.473006704001833e-10,-0.036910729540860054,1.0
2022-03-01,1248.6796734853185,-0.005182723198994274,3.227884873147926e-05,-0.005182723198994266,1.0
2022-04-01,1285.4652015823613,0.029459539446467318,1.6454478476757504e-07,0.029459539446467398,1.0
2022-05-02,1151.3497313324508,-0.10433224492177554,1.2915838687801996e-09,-0.10433224492177551,1.0
2022-06-01,1200.5600206841334,0.042741391266693456,1.6426288756789254e-09,0.04274139126669341,1.0
2022-07-01,1106.016421419932,-0.07874958155805178,0.0,-0.07874958155805178,0.5917676687240601
2022-08-01,1201.1207876640335,0.0859882045168951,4.980819810624509e-09,0.08598820451689515,1.0
2022-09-01,1218.6495866085388,0.014593702086028948,0.0,0.014593702086028948,0.5522335171699524
2022-10-03,1078.1201461713229,-0.11531570845422812,0.0,-0.11531570845422823,0.5741263031959534
2022-11-01,1113.3941125968106,0.03271802920180519,3.5436216459371063e-09,0.03271802920180522,1.0
2022-12-01,1264.9591384611197,0.1361288192110235,0.0,0.1361288192110235,0.5052395462989807
2023-01-03,1207.837448990281,-0.04515694438978461,5.212397619025478e-10,-0.04515694438978457,1.0
2023-02-01,1343.545773522599,0.11235644717405169,0.0,0.11235644717405169,0.5642914772033691
2023-03-01,1275.5183295823772,-0.05063276985484661,7.50386036976053e-10,-0.05063276985484666,1.0
2023-04-03,1290.1614709332805,0.011480149686047714,0.0,0.011480149686047714,0.5075513124465942
2023-05-01,1236.217121525666,-0.04181209144975628,0.0,-0.041812091449756394,0.5108203291893005
2023-06-01,1262.309673691232,0.021106771384434668,2.991890702776223e-10,0.02110677138443462,1.0
2023-07-03,1343.1345972239767,0.06402939406809516,4.8011614071056176e-06,0.06402939406809516,0.5006169080734253
2023-08-01,1463.1753718571913,0.08937360029390778,9.20102583951028e-06,0.08937360029390784,1.0
2023-09-01,1395.1381328654222,-0.04649971582381829,0.0,-0.04649971582381829,0.4773532450199127
2023-10-02,1319.8329733802511,-0.053976848393144095,0.0,-0.053976848393144095,0.5248417854309082
2023-11-01,1230.4441607724955,-0.06772736733408025,0.0,-0.06772736733408025,0.5463994741439819
2023-12-01,1335.8473721330708,0.08566273441811556,3.863010820097643e-07,0.08566273441811556,1.0
2024-01-02,1435.8540584050093,0.07486385672357798,0.0,0.07486385672357798,0.4835927188396454
2024-02-01,1377.537501675248,-0.04061454323188052,0.0,-0.04061454323188041,0.47851914167404175
2024-03-01,1495.5832297590002,0.08569329542041124,2.8925686627698233e-09,0.08569329542041126,1.0
2024-04-01,1533.2579219709266,0.025190635641185517,1.876649939945574e-09,0.02519063564118551,1.0
2024-05-01,1503.519038318922,-0.0193958780358211,1.34325072058699e-05,-0.019395878035821212,1.0
2024-06-03,1589.3901236709276,0.057113400737524245,0.0,0.057113400737524245,0.4753098785877228
2024-07-01,1604.9282903721557,0.009776181737772838,4.634542996043517e-07,0.009776181737772838,1.0
2024-08-01,1604.2425697778447,-0.00042725933515210207,5.820146748228283e-10,-0.0004272593351519749,1.0
2024-09-03,1572.6701434275033,-0.01968058131926621,2.989121278842988e-10,-0.0196805813192662,1.0
2024-10-01,1636.5435953364504,0.0406146528411484,0.0,0.0406146528411484,0.46467506885528564
2024-11-01,1602.6274290958838,-0.02072426688614658,1.6369960004758433e-10,-0.020724266886146592,1.0
2024-12-02,1664.7999092631708,0.03879409464641537,0.0,0.03879409464641537,0.4682108163833618
2025-01-02,1601.778867720661,-0.03785502461398043,6.474005161447028e-09,-0.03785502461398038,1.0
2025-02-03,1654.0551192402165,0.03263637233143468,0.0,0.03263637233143468,0.5506573915481567
2025-03-03,1617.0580192308635,-0.022367513379087045,0.0,-0.022367513379087156,0.5194227695465088
2025-04-01,1537.9114484120566,-0.0489447934938364,0.0,-0.0489447934938364,0.511487603187561
2025-05-01,1456.0258741875707,-0.05324466132886607,0.0,-0.05324466132886618,0.5338695645332336
2025-06-02,1547.6870859477228,0.06295301023499805,3.0038766121315286e-10,0.062953010234998,1.0
2025-07-01,1689.7954663323385,0.09181983985968056,0.0,0.09181983985968056,0.6017972826957703
2025-08-01,1742.535524157333,0.031210912134511493,4.671368286635613e-08,0.031210912134511437,1.0
2025-09-02,1818.4890254969516,0.04358792132880545,1.6717194909504629e-09,0.04358792132880551,1.0
2025-10-01,1963.4507033413242,0.0797154537706148,3.3801166474806134e-10,0.07971545377061484,1.0
2025-11-03,2063.1649276427775,0.05078519370604173,0.0,0.05078519370604173,0.5097128748893738
2025-12-01,2057.6322512838374,-0.0026816452164400255,1.2789065622706431e-08,-0.0026816452164399873,1.0
