,2019,2020,2021,2022,2023,2024,2025
Jan,0.0,0.033797838935833546,0.03961905265375587,0.004802357863263218,-0.04000427410866081,0.0695045475873266,-0.05208595903030011
Feb,0.07786866310499851,0.027447715974429077,0.002273923552728041,-0.04209326066019503,0.047455144373859115,0.01819254942539006,0.05930380162776716
Mar,0.030697791376489647,-0.08119384372418181,0.007997966454157401,0.00901347745081571,-0.05308715853542845,0.11972265391408543,-0.08677066900435793
Apr,0.02147281795587097,-0.08371383396372845,0.003555944661609134,0.04962335274747365,-0.015993343275915284,0.03480624242243158,-0.029347577487672583
May,0.012024126157410775,0.06512342796780568,0.02193494130588558,-0.06078560771085484,0.005127259298749021,-0.04964499800141764,0.042197060176804024
Jun,-0.03699551201934026,0.03604583640046077,-0.007538185164738254,0.09046023824648697,-0.05155802179828628,0.07866586535831566,0.05349054603461756
Jul,0.06227747523896188,0.018776181019021232,0.05488707367979995,-0.14481364638160255,0.07311765012979943,0.00010375650697169725,0.034088503396190184
Aug,0.0077397694043728205,0.055135717812578644,0.01169548602343995,0.07835609267501753,0.04388863880480476,0.01601628855062276,0.02947792377450953
Sep,0.0032406003171230324,0.054987511873461736,0.019493186222373282,0.014112821647795482,-0.03007010561178647,-0.03507523089570275,-0.004013427168844452
Oct,0.01399052168889181,-0.027180155242756965,-0.0503161290010159,-0.08888770799742884,-0.046241918263519755,0.03801325196301164,0.07651238549103057
Nov,0.011919998880930871,-0.015768324294100466,0.09539299352021802,0.1821119962828044,-0.04583214012456793,0.014261231787512596,-0.026014633888858052
Dec,0.018097412941618707,0.08349391703777687,-0.009881253835472115,0.03123369536399001,0.10824804276843092,0.11542420831465794,-0.1259670371095698
