trial_number,status,datetime_start,datetime_complete,duration_seconds,param_optimizer.0.max_weight,param_optimizer.0.turnover_penalty,param_optimizer.0.confidence_level,param_optimizer.0.cvar_budget_mult,param_model.prior_strength,param_model.mom_tilt,param_model.shrink_floor,param_backtest_engine.stability_weight,param_backtest_engine.degradation_penalty,param_smart_signals.target_monthly_vol,param_smart_signals.min_overlay,param_smart_signals.kelly_cap,param_smart_signals.cvar_target_multiplier,abs_cvar_95,abs_max_drawdown,annualized_return,annualized_volatility,cumulative_return,cvar_95,downside_deviation,dsr,generated_config_path,log_path,max_drawdown,psr,result_folder,return_code,runtime_seconds,sharpe_ratio,sortino_ratio,turnover,win_rate,objective_0,objective_1,objective_2,objective_3,return_policy_score,risk_control_score
23,COMPLETE,2026-07-30 14:07:00.555967,2026-07-30 14:15:45.899449,525.343482,0.08,0.0009834738335135313,0.975,1.1,84.0,0.15000000000000002,0.25,0.4,0.55,0.045,0.1,0.35,0.7999999999999999,0.0743460906713098,0.0982165983735661,0.277134853947101,0.185270879798915,0.6646639619155359,-0.0743460906713098,0.091092849787821,0.6445241682620253,scripts/configs/_optuna_generated/advanced_smart_bayesian_risk_return/trial_00023.yaml,results/calibration/advanced_smart_bayesian_risk_return/logs/trial_00023.log,-0.0982165983735661,0.9629140413318958,results/calibration_runs/advanced_smart_bayesian_risk_return/trial_00023,0.0,437.6650401249062,1.3133515584668494,2.822777578547986,0.01,0.72,0.277134853947101,0.185270879798915,0.0982165983735661,0.0743460906713098,1.0462894870004695,0.4868265238123499
55,COMPLETE,2026-07-30 18:31:55.381191,2026-07-30 18:39:13.548456,438.167265,0.08,0.0009834738335135313,0.975,0.9,84.0,0.15000000000000002,0.5,0.4,0.55,0.045,0.1,0.35,0.7999999999999999,0.0733415033307988,0.0982009937812076,0.2738865785118529,0.1826853374243066,0.6558554460268464,-0.0733415033307988,0.0908452728827016,0.651793432618575,scripts/configs/_optuna_generated/advanced_smart_bayesian_risk_return/trial_00055.yaml,results/calibration/advanced_smart_bayesian_risk_return/logs/trial_00055.log,-0.0982009937812076,0.961834701346466,results/calibration_runs/advanced_smart_bayesian_risk_return/trial_00055,0.0,438.1260406660149,1.3154149546511302,2.794714248254485,0.01,0.72,0.2738865785118529,0.1826853374243066,0.0982009937812076,0.0733415033307988,0.9924932794399608,0.485801166201168
53,COMPLETE,2026-07-30 18:17:22.566599,2026-07-30 18:24:41.101875,438.535276,0.06,0.0009834738335135313,0.95,1.25,84.0,0.15000000000000002,0.5,0.8,0.55,0.045,0.4,0.1,0.7999999999999999,0.0635497824239393,0.0913943709175482,0.2706723009413776,0.1688182336152945,0.6471630427101123,-0.0635497824239393,0.0803173757296543,0.6860979343842604,scripts/configs/_optuna_generated/advanced_smart_bayesian_risk_return/trial_00053.yaml,results/calibration/advanced_smart_bayesian_risk_return/logs/trial_00053.log,-0.0913943709175482,0.9717928033278168,results/calibration_runs/advanced_smart_bayesian_risk_return/trial_00053,0.0,438.5016868748935,1.3942849540672169,3.1210220536230207,0.01,0.72,0.2706723009413776,0.1688182336152945,0.0913943709175482,0.0635497824239393,1.048078941979834,0.7118395818534157
50,COMPLETE,2026-07-30 17:55:24.963735,2026-07-30 18:02:43.316929,438.353194,0.06,0.007481918847721408,0.975,0.95,21.0,0.125,0.45000000000000007,0.30000000000000004,0.55,0.035,0.2,0.15000000000000002,0.85,0.0571113361267058,0.0841814671311813,0.2666698211491309,0.1608890211886831,0.6363723486427875,-0.0571113361267058,0.0757865434000857,0.7302471117497553,scripts/configs/_optuna_generated/advanced_smart_bayesian_risk_return/trial_00050.yaml,results/calibration/advanced_smart_bayesian_risk_return/logs/trial_00050.log,-0.0841814671311813,0.9745089623648264,results/calibration_runs/advanced_smart_bayesian_risk_return/trial_00050,0.0,438.3034446660895,1.4354350389283514,3.254797093026569,0.01,0.72,0.2666698211491309,0.1608890211886831,0.0841814671311813,0.0571113361267058,1.0574237850153871,0.8562694985219056
21,COMPLETE,2026-07-30 13:52:22.574679,2026-07-30 13:59:42.379400,439.804721,0.06,0.00078091217241975,0.95,1.25,126.0,0.05,0.5,0.8,0.55,0.045,0.4,0.1,1.25,0.0562681196933516,0.089430355135286,0.2468042801376162,0.1465253311632098,0.5833603284131907,-0.0562681196933516,0.071158904753183,0.7160977278215446,scripts/configs/_optuna_generated/advanced_smart_bayesian_risk_return/trial_00021.yaml,results/calibration/advanced_smart_bayesian_risk_return/logs/trial_00021.log,-0.089430355135286,0.9729498312133972,results/calibration_runs/advanced_smart_bayesian_risk_return/trial_00021,0.0,439.73666241700994,1.452256962158198,3.1872930158817687,0.01,0.76,0.2468042801376162,0.1465253311632098,0.089430355135286,0.0562681196933516,0.68220256735581,0.7787744521476176
38,COMPLETE,2026-07-30 16:15:41.466891,2026-07-30 16:31:47.358619,965.891728,0.06,0.00078091217241975,0.975,1.1,42.0,0.05,0.5,0.7000000000000001,0.65,0.045,0.4,0.1,1.25,0.0609745855011471,0.0794667307206323,0.2361211262109974,0.14607098033346,0.5552270818373666,-0.0609745855011471,0.0738480410916123,0.6903293289596308,scripts/configs/_optuna_generated/advanced_smart_bayesian_risk_return/trial_00038.yaml,results/calibration/advanced_smart_bayesian_risk_return/logs/trial_00038.log,-0.0794667307206323,0.9650301658295896,results/calibration_runs/advanced_smart_bayesian_risk_return/trial_00038,0.0,437.12423379090615,1.39661178343292,2.926565458153289,0.01,0.72,0.2361211262109974,0.14607098033346,0.0794667307206323,0.0609745855011471,0.40140464660716574,0.643067681040222
3,COMPLETE,2026-07-30 03:00:02.129371,2026-07-30 03:15:02.731165,900.601794,0.06,0.0069429180797065376,0.9,1.1,63.0,0.025,0.35,0.0,0.7000000000000001,0.03,0.45000000000000007,0.2,1.0,0.057023970429672,0.0693699878326429,0.219504166874054,0.1366362969419744,0.5119886040213608,-0.057023970429672,0.0663918431217823,0.6765389596401052,scripts/configs/_optuna_generated/advanced_smart_bayesian_risk_return/trial_00003.yaml,results/calibration/advanced_smart_bayesian_risk_return/logs/trial_00003.log,-0.0693699878326429,0.9679503724340216,results/calibration_runs/advanced_smart_bayesian_risk_return/trial_00003,0.0,446.39503800001694,1.3827605902635214,3.0049499681475056,0.01,0.72,0.219504166874054,0.1366362969419744,0.0693699878326429,0.057023970429672,0.08413258880890825,0.643028913421665
48,COMPLETE,2026-07-30 17:40:42.098055,2026-07-30 17:48:03.679401,441.581346,0.1,0.0069429180797065376,0.9,0.75,126.0,0.025,0.35,0.0,0.7000000000000001,0.03,0.45000000000000007,0.15000000000000002,0.7999999999999999,0.0424806175892605,0.0517029880210669,0.2043812359352634,0.1104437541601045,0.4731884084968478,-0.0424806175892605,0.0525264776917463,0.7523319259915116,scripts/configs/_optuna_generated/advanced_smart_bayesian_risk_return/trial_00048.yaml,results/calibration/advanced_smart_bayesian_risk_return/logs/trial_00048.log,-0.0517029880210669,0.9786322956960432,results/calibration_runs/advanced_smart_bayesian_risk_return/trial_00048,0.0,441.561642708024,1.56828896176871,3.5102531911108112,0.01,0.76,0.2043812359352634,0.1104437541601045,0.0517029880210669,0.0424806175892605,0.04370915868937923,1.0347838080193594
59,COMPLETE,2026-07-30 19:01:04.448848,2026-07-30 19:13:43.374263,758.925415,0.06,0.002251340595950629,0.95,1.15,42.0,0.0,0.45000000000000007,0.7000000000000001,0.75,0.05,0.1,0.30000000000000004,0.85,0.0396961623052318,0.0751613530385411,0.1599385055814437,0.1014294909100987,0.3621957209029893,-0.0396961623052318,0.0481825709859021,0.6386144932960726,scripts/configs/_optuna_generated/advanced_smart_bayesian_risk_return/trial_00059.yaml,results/calibration/advanced_smart_bayesian_risk_return/logs/trial_00059.log,-0.0751613530385411,0.9622807836981044,results/calibration_runs/advanced_smart_bayesian_risk_return/trial_00059,0.0,438.6917254170403,1.3228919353371655,2.90433870003302,0.01,0.64,0.1599385055814437,0.1014294909100987,0.0751613530385411,0.0396961623052318,-1.0879054159473802,0.43147475289760123
46,COMPLETE,2026-07-30 17:26:02.945169,2026-07-30 17:33:25.355195,442.410026,0.09,0.006978211022792677,0.9,1.15,126.0,0.0,0.45000000000000007,0.0,0.55,0.05,0.1,0.15000000000000002,0.7999999999999999,0.0435038153043446,0.0793397281502439,0.1544260056732844,0.1011723009682695,0.3487435418000395,-0.0435038153043446,0.0525123063788413,0.6276696769519673,scripts/configs/_optuna_generated/advanced_smart_bayesian_risk_return/trial_00046.yaml,results/calibration/advanced_smart_bayesian_risk_return/logs/trial_00046.log,-0.0793397281502439,0.9521201166191215,results/calibration_runs/advanced_smart_bayesian_risk_return/trial_00046,0.0,442.3716527079232,1.278519267979629,2.559895288229967,0.01,0.72,0.1544260056732844,0.1011723009682695,0.0793397281502439,0.0435038153043446,-1.2616362029045878,0.2771421204449832
47,COMPLETE,2026-07-30 17:33:25.404036,2026-07-30 17:40:42.044724,436.640688,0.12,0.002251340595950629,0.975,1.05,126.0,0.0,0.2,0.0,0.25,0.035,0.1,0.25,0.8999999999999999,0.0448845717996097,0.0748662969420003,0.1432209514855043,0.0994924836821232,0.3216136981815456,-0.0448845717996097,0.0544283860158964,0.5756153998308501,scripts/configs/_optuna_generated/advanced_smart_bayesian_risk_return/trial_00047.yaml,results/calibration/advanced_smart_bayesian_risk_return/logs/trial_00047.log,-0.0748662969420003,0.9425580013158088,results/calibration_runs/advanced_smart_bayesian_risk_return/trial_00047,0.0,436.60185258300044,1.1992436121940733,2.263909707877725,0.01,0.76,0.1432209514855043,0.0994924836821232,0.0748662969420003,0.0448845717996097,-1.5958738977217555,0.08472659086699423
42,COMPLETE,2026-07-30 16:55:46.261305,2026-07-30 17:03:59.069682,492.808377,0.08,0.0009834738335135313,0.99,1.15,84.0,0.0,0.35,0.2,0.55,0.03,0.1,0.25,0.7999999999999999,0.0430526707456257,0.0733247354851869,0.142309091070097,0.0986499592915286,0.3194184996158906,-0.0430526707456257,0.0512466694412432,0.6124024750601994,scripts/configs/_optuna_generated/advanced_smart_bayesian_risk_return/trial_00042.yaml,results/calibration/advanced_smart_bayesian_risk_return/logs/trial_00042.log,-0.0733247354851869,0.943815424262866,results/calibration_runs/advanced_smart_bayesian_risk_return/trial_00042,0.0,436.9244815830607,1.200556728948632,2.3866739517644207,0.01,0.68,0.142309091070097,0.0986499592915286,0.0733247354851869,0.0430526707456257,-1.5612413510258345,0.15739268257289388
4,COMPLETE,2026-07-30 03:15:02.792341,2026-07-30 11:18:12.901509,28990.109168,0.12,0.0008347510002350117,0.9,1.05,126.0,0.0,0.2,0.0,0.25,0.035,0.2,0.45000000000000007,0.8999999999999999,0.0446660050083528,0.0712311551291924,0.1412640753280201,0.0956305911706599,0.3169050783995413,-0.0446660050083528,0.054223211119363,0.5845221596583197,scripts/configs/_optuna_generated/advanced_smart_bayesian_risk_return/trial_00004.yaml,results/calibration/advanced_smart_bayesian_risk_return/logs/trial_00004.log,-0.0712311551291924,0.9380048577725164,results/calibration_runs/advanced_smart_bayesian_risk_return/trial_00004,0.0,445.2022565000225,1.226078220562005,2.236386831850995,0.01,0.8,0.1412640753280201,0.0956305911706599,0.0712311551291924,0.0446660050083528,-1.6103267853724947,0.11279845551757912
26,COMPLETE,2026-07-30 14:30:20.888917,2026-07-30 14:37:37.532417,436.6435,0.12,0.0008347510002350117,0.9,1.05,126.0,0.0,0.2,0.0,0.25,0.035,0.2,0.45000000000000007,0.8999999999999999,0.0446660050083528,0.0712311551291924,0.1412640753280201,0.0956305911706599,0.3169050783995413,-0.0446660050083528,0.054223211119363,0.5845221596583197,scripts/configs/_optuna_generated/advanced_smart_bayesian_risk_return/trial_00026.yaml,results/calibration/advanced_smart_bayesian_risk_return/logs/trial_00026.log,-0.0712311551291924,0.9380048577725164,results/calibration_runs/advanced_smart_bayesian_risk_return/trial_00026,0.0,436.62127070792485,1.226078220562005,2.236386831850995,0.01,0.8,0.1412640753280201,0.0956305911706599,0.0712311551291924,0.0446660050083528,-1.6103267853724947,0.11279845551757912
41,COMPLETE,2026-07-30 16:48:29.684991,2026-07-30 16:55:46.186962,436.501971,0.12,0.0008347510002350117,0.9,1.05,126.0,0.0,0.2,0.0,0.25,0.035,0.2,0.45000000000000007,0.8999999999999999,0.0446660050083528,0.0712311551291924,0.1412640753280201,0.0956305911706599,0.3169050783995413,-0.0446660050083528,0.054223211119363,0.5845221596583197,scripts/configs/_optuna_generated/advanced_smart_bayesian_risk_return/trial_00041.yaml,results/calibration/advanced_smart_bayesian_risk_return/logs/trial_00041.log,-0.0712311551291924,0.9380048577725164,results/calibration_runs/advanced_smart_bayesian_risk_return/trial_00041,0.0,436.46155887504574,1.226078220562005,2.236386831850995,0.01,0.8,0.1412640753280201,0.0956305911706599,0.0712311551291924,0.0446660050083528,-1.6103267853724947,0.11279845551757912
28,COMPLETE,2026-07-30 14:44:53.376176,2026-07-30 14:52:09.695544,436.319368,0.1,0.0028863041253831077,0.95,0.9,84.0,0.0,0.55,0.30000000000000004,0.05,0.04,0.2,0.45000000000000007,0.7999999999999999,0.0383330929157655,0.0579533461840359,0.1363419170268511,0.0810305942717816,0.3051000504068031,-0.0383330929157655,0.0437014495422784,0.6754137469664376,scripts/configs/_optuna_generated/advanced_smart_bayesian_risk_return/trial_00028.yaml,results/calibration/advanced_smart_bayesian_risk_return/logs/trial_00028.log,-0.0579533461840359,0.956260884573882,results/calibration_runs/advanced_smart_bayesian_risk_return/trial_00028,0.0,436.2828043329064,1.3777432845840123,2.6621981248996667,0.01,0.8,0.1363419170268511,0.0810305942717816,0.0579533461840359,0.0383330929157655,-1.4765368267958108,0.47503702511069756
11,COMPLETE,2026-07-30 12:16:23.223713,2026-07-30 12:23:38.469503,435.24579,0.1,0.0028863041253831077,0.99,0.9,42.0,0.0,0.4,0.7000000000000001,0.0,0.04,0.2,0.35,0.7999999999999999,0.0376175193780372,0.0449550144474322,0.1342435600318916,0.0829665595558074,0.3000842721679588,-0.0376175193780372,0.0413829436727603,0.6576850132877557,scripts/configs/_optuna_generated/advanced_smart_bayesian_risk_return/trial_00011.yaml,results/calibration/advanced_smart_bayesian_risk_return/logs/trial_00011.log,-0.0449550144474322,0.9601959054206208,results/calibration_runs/advanced_smart_bayesian_risk_return/trial_00011,0.0,435.20743091701297,1.324706999008066,2.7606436346163217,0.01,0.76,0.1342435600318916,0.0829665595558074,0.0449550144474322,0.0376175193780372,-1.5524572799088467,0.4804105479349328
